formula_id,variant_id,stock_code,sell_rule,holding_days,signal_count,win_rate,avg_ret,avg_dd,calmar,delay_buy_rate,delay_sell_rate,score,params
activity_breakout,local_optuna_t24_vsplit,000001,fixed_10,10,22,0.545455,0.016973,-0.007841,2.164638,0.000000,0.000000,55.673188,"{""big_bull_line"": 6.0, ""max_close_ret"": 13.0, ""min_close_ret"": 0.0, ""signal_cooldown_days"": 10, ""strong_line"": 3.0, ""x15_multiplier"": 1.7000000000000002}"
activity_breakout,local_optuna_t24_vsplit,000006,fixed_60,60,69,0.507246,0.123048,-0.134865,0.912376,0.014493,0.000000,64.634345,"{""big_bull_line"": 5.0, ""max_close_ret"": 9.0, ""min_close_ret"": -0.5, ""signal_cooldown_days"": 8, ""strong_line"": 4.0, ""x15_multiplier"": 1.7000000000000002}"
activity_breakout,local_optuna_t24_vsplit,000010,fixed_60,60,56,0.517857,0.054361,-0.184555,0.294550,0.017857,0.000000,61.829891,"{""big_bull_line"": 7.0, ""max_close_ret"": 9.0, ""min_close_ret"": 0.0, ""signal_cooldown_days"": 10, ""strong_line"": 4.5, ""x15_multiplier"": 1.8}"
gs_pullback_confirm,local_optuna_t24_vsplit,000026,formula_exit_or_60,60,10,1.000000,0.026540,-0.096610,0.274713,0.000000,0.000000,63.943245,"{""ma_pull_high"": 1.03, ""ma_pull_low"": 0.76, ""maxlen_max"": 22, ""maxrun_max"": 10, ""rate_min"": 30, ""sellpct_max"": 55}"
volume_base_breakout,local_optuna_t24_vsplit,000026,formula_exit_or_10,10,10,0.900000,0.060900,-0.025750,2.365049,0.000000,0.000000,83.124924,"{""amount_spike_ratio"": 2.8, ""base_ceiling"": 1.44, ""base_floor"": 0.84, ""base_max_days"": 95, ""base_min_days"": 20, ""base_range_max"": 0.41000000000000003, ""breakout_max_extension"": 1.07, ""breakout_near_high"": 0.92, ""dry_ratio"": 0.39999999999999997, ""signal_cooldown_days"": 10, ""spike_lookback"": 70, ""spike_ratio"": 3.0, ""warm_ret_max"": 0.18, ""warm_ret_min"": 0.01, ""warm_vol_ratio"": 1.0}"
activity_breakout,local_optuna_t24_vsplit,000028,fixed_20,20,21,0.523810,0.041300,-0.042867,0.963453,0.000000,0.000000,61.181549,"{""big_bull_line"": 8.0, ""max_close_ret"": 14.0, ""min_close_ret"": 1.0, ""signal_cooldown_days"": 11, ""strong_line"": 4.0, ""x15_multiplier"": 1.6}"
activity_breakout,local_optuna_t24_vsplit,000035,fixed_30,30,53,0.641509,0.053566,-0.087509,0.612117,0.018868,0.000000,67.117190,"{""big_bull_line"": 5.0, ""max_close_ret"": 14.0, ""min_close_ret"": 2.0, ""signal_cooldown_days"": 6, ""strong_line"": 3.0, ""x15_multiplier"": 1.6}"
gs_raw_buy,local_optuna_t24_vsplit,000037,fixed_60,60,32,0.593750,0.056462,-0.140725,0.401226,0.093750,0.000000,63.881129,"{""down_adjust"": 0.97, ""ema_fallback_span"": 4, ""iterations"": 8, ""signal_cooldown_days"": 10, ""up_adjust"": 1.03, ""x3_ma_windows"": [3, 8, 13, 21]}"
activity_breakout,local_optuna_t24_vsplit,000058,fixed_5,5,17,0.705882,0.039618,-0.051365,0.771301,0.000000,0.058824,64.253564,"{""big_bull_line"": 9.0, ""max_close_ret"": 12.0, ""min_close_ret"": 0.0, ""signal_cooldown_days"": 13, ""strong_line"": 3.0, ""x15_multiplier"": 1.1}"
activity_breakout,local_optuna_t24_vsplit,000065,fixed_20,20,41,0.609756,0.037495,-0.075037,0.499691,0.000000,0.000000,59.538700,"{""big_bull_line"": 7.5, ""max_close_ret"": 10.0, ""min_close_ret"": 1.5, ""signal_cooldown_days"": 11, ""strong_line"": 4.5, ""x15_multiplier"": 1.7000000000000002}"
gs_raw_buy,local_optuna_t24_vsplit,000089,formula_exit_or_5,5,38,0.526316,0.004918,-0.013568,0.362490,0.000000,0.000000,40.061136,"{""down_adjust"": 0.97, ""ema_fallback_span"": 4, ""iterations"": 10, ""signal_cooldown_days"": 15, ""up_adjust"": 1.01, ""x3_ma_windows"": [3, 8, 13, 21]}"
gs_raw_buy,local_optuna_t24_vsplit,000153,fixed_20,20,30,0.666667,0.021663,-0.041023,0.528073,0.000000,0.000000,53.472034,"{""down_adjust"": 0.97, ""ema_fallback_span"": 3, ""iterations"": 9, ""signal_cooldown_days"": 15, ""up_adjust"": 1.01, ""x3_ma_windows"": [3, 8, 13, 21]}"
activity_breakout,local_optuna_t24_vsplit,000156,formula_exit_or_5,5,32,0.750000,0.014578,-0.011556,1.261493,0.000000,0.000000,56.096526,"{""big_bull_line"": 7.0, ""max_close_ret"": 14.0, ""min_close_ret"": -1.0, ""signal_cooldown_days"": 14, ""strong_line"": 3.5, ""x15_multiplier"": 1.8}"
gs_raw_buy,local_optuna_t24_vsplit,000301,fixed_30,30,25,0.680000,0.038912,-0.077100,0.504695,0.000000,0.000000,62.379476,"{""down_adjust"": 0.96, ""ema_fallback_span"": 7, ""iterations"": 6, ""signal_cooldown_days"": 10, ""up_adjust"": 1.03, ""x3_ma_windows"": [5, 10, 20, 30]}"
gs_pullback_confirm,local_optuna_t24_vsplit,000404,fixed_5,5,13,0.846154,0.042862,-0.020015,2.141430,0.000000,0.000000,77.522533,"{""ma_pull_high"": 0.96, ""ma_pull_low"": 0.7000000000000001, ""maxlen_max"": 20, ""maxrun_max"": 12, ""rate_min"": 50, ""sellpct_max"": 75}"
volume_base_breakout,local_optuna_t24_vsplit,000408,fixed_60,60,10,1.000000,0.201450,-0.040110,5.022438,0.100000,0.000000,93.299681,"{""amount_spike_ratio"": 3.2, ""base_ceiling"": 1.38, ""base_floor"": 0.77, ""base_max_days"": 105, ""base_min_days"": 35, ""base_range_max"": 0.41000000000000003, ""breakout_max_extension"": 1.06, ""breakout_near_high"": 0.9, ""dry_ratio"": 0.5, ""signal_cooldown_days"": 15, ""spike_lookback"": 120, ""spike_ratio"": 2.6, ""warm_ret_max"": 0.24, ""warm_ret_min"": 0.01, ""warm_vol_ratio"": 0.9}"
activity_breakout,local_optuna_t24_vsplit,000409,fixed_60,60,66,0.560606,0.040039,-0.138912,0.288235,0.030303,0.000000,57.976026,"{""big_bull_line"": 6.0, ""max_close_ret"": 9.0, ""min_close_ret"": 0.0, ""signal_cooldown_days"": 9, ""strong_line"": 4.0, ""x15_multiplier"": 1.8}"
activity_breakout,local_optuna_t24_vsplit,000425,fixed_15,15,27,0.629630,0.033989,-0.035815,0.949018,0.000000,0.000000,60.628421,"{""big_bull_line"": 6.5, ""max_close_ret"": 8.0, ""min_close_ret"": 2.0, ""signal_cooldown_days"": 12, ""strong_line"": 3.5, ""x15_multiplier"": 1.4}"
gs_raw_buy,local_optuna_t24_vsplit,000516,fixed_5,5,33,0.727273,0.026427,-0.032215,0.820337,0.060606,0.000000,58.527441,"{""down_adjust"": 0.97, ""ema_fallback_span"": 6, ""iterations"": 10, ""signal_cooldown_days"": 16, ""up_adjust"": 1.03, ""x3_ma_windows"": [3, 5, 10, 20]}"
activity_breakout,local_optuna_t24_vsplit,000519,formula_exit_or_60,60,38,0.500000,0.041939,-0.041068,1.021210,0.000000,0.000000,61.075786,"{""big_bull_line"": 7.0, ""max_close_ret"": 9.0, ""min_close_ret"": 1.5, ""signal_cooldown_days"": 10, ""strong_line"": 2.5, ""x15_multiplier"": 1.5}"
activity_breakout,local_optuna_t24_vsplit,000530,fixed_20,20,20,0.750000,0.041965,-0.083430,0.502997,0.000000,0.000000,65.997483,"{""big_bull_line"": 7.5, ""max_close_ret"": 9.0, ""min_close_ret"": 1.0, ""signal_cooldown_days"": 13, ""strong_line"": 3.0, ""x15_multiplier"": 1.0}"
activity_breakout,local_optuna_t24_vsplit,000537,fixed_5,5,39,0.589744,0.018810,-0.032338,0.581668,0.000000,0.051282,49.492957,"{""big_bull_line"": 5.0, ""max_close_ret"": 13.0, ""min_close_ret"": 2.0, ""signal_cooldown_days"": 7, ""strong_line"": 3.5, ""x15_multiplier"": 1.8}"
gs_raw_buy,local_optuna_t24_vsplit,000543,fixed_60,60,39,0.589744,0.048041,-0.083928,0.572406,0.000000,0.000000,64.574852,"{""down_adjust"": 0.98, ""ema_fallback_span"": 5, ""iterations"": 9, ""signal_cooldown_days"": 16, ""up_adjust"": 1.03, ""x3_ma_windows"": [3, 5, 10, 20]}"
activity_breakout,local_optuna_t24_vsplit,000545,fixed_10,10,20,0.700000,0.052205,-0.076975,0.678207,0.000000,0.000000,69.391036,"{""big_bull_line"": 6.5, ""max_close_ret"": 9.0, ""min_close_ret"": 1.5, ""signal_cooldown_days"": 12, ""strong_line"": 4.0, ""x15_multiplier"": 1.0}"
activity_breakout,local_optuna_t24_vsplit,000548,formula_exit_or_10,10,21,0.523810,0.037567,-0.029238,1.284853,0.000000,0.000000,60.921886,"{""big_bull_line"": 8.0, ""max_close_ret"": 10.0, ""min_close_ret"": -0.5, ""signal_cooldown_days"": 7, ""strong_line"": 3.5, ""x15_multiplier"": 1.3}"
activity_breakout,local_optuna_t24_vsplit,000550,fixed_15,15,14,0.642857,0.078743,-0.058893,1.337053,0.000000,0.000000,70.970978,"{""big_bull_line"": 9.0, ""max_close_ret"": 14.0, ""min_close_ret"": -1.0, ""signal_cooldown_days"": 14, ""strong_line"": 3.5, ""x15_multiplier"": 1.0}"
gs_pullback_confirm,local_optuna_t24_vsplit,000553,fixed_5,5,9,1.000000,0.039444,-0.016211,2.433173,0.000000,0.000000,80.420657,"{""ma_pull_high"": 1.04, ""ma_pull_low"": 0.8600000000000001, ""maxlen_max"": 23, ""maxrun_max"": 10, ""rate_min"": 55, ""sellpct_max"": 55}"
gs_pullback_confirm,local_optuna_t24_vsplit,000558,formula_exit_or_30,30,28,1.000000,0.128418,-0.027346,4.695964,0.000000,0.000000,95.000000,"{""ma_pull_high"": 1.03, ""ma_pull_low"": 0.7000000000000001, ""maxlen_max"": 22, ""maxrun_max"": 8, ""rate_min"": 25, ""sellpct_max"": 55}"
activity_breakout,local_optuna_t24_vsplit,000565,fixed_20,20,13,0.692308,0.132123,-0.053862,2.453013,0.000000,0.000000,78.034298,"{""big_bull_line"": 8.5, ""max_close_ret"": 8.0, ""min_close_ret"": -0.5, ""signal_cooldown_days"": 10, ""strong_line"": 4.5, ""x15_multiplier"": 1.2}"
activity_breakout,local_optuna_t24_vsplit,000567,fixed_5,5,10,0.700000,0.046080,-0.042310,1.089104,0.100000,0.000000,67.785202,"{""big_bull_line"": 8.0, ""max_close_ret"": 8.0, ""min_close_ret"": 0.0, ""signal_cooldown_days"": 12, ""strong_line"": 2.5, ""x15_multiplier"": 1.1}"
activity_breakout,local_optuna_t24_vsplit,000571,fixed_60,60,71,0.661972,0.082170,-0.113952,0.721096,0.028169,0.000000,68.182945,"{""big_bull_line"": 5.0, ""max_close_ret"": 12.0, ""min_close_ret"": 0.5, ""signal_cooldown_days"": 9, ""strong_line"": 3.0, ""x15_multiplier"": 1.6}"
activity_breakout,local_optuna_t24_vsplit,000572,formula_exit_or_30,30,44,0.500000,0.042948,-0.038961,1.102316,0.022727,0.045455,61.303625,"{""big_bull_line"": 5.0, ""max_close_ret"": 9.0, ""min_close_ret"": 1.5, ""signal_cooldown_days"": 14, ""strong_line"": 3.0, ""x15_multiplier"": 1.4}"
activity_breakout,local_optuna_t24_vsplit,000573,fixed_60,60,47,0.553191,0.066436,-0.123121,0.539599,0.000000,0.000000,64.293742,"{""big_bull_line"": 6.0, ""max_close_ret"": 9.0, ""min_close_ret"": -0.5, ""signal_cooldown_days"": 12, ""strong_line"": 4.0, ""x15_multiplier"": 1.6}"
gs_raw_buy,local_optuna_t24_vsplit,000573,fixed_15,15,32,0.531250,0.032831,-0.083016,0.395483,0.031250,0.000000,54.018039,"{""down_adjust"": 0.98, ""ema_fallback_span"": 5, ""iterations"": 8, ""signal_cooldown_days"": 16, ""up_adjust"": 1.04, ""x3_ma_windows"": [5, 10, 20, 30]}"
activity_breakout,local_optuna_t24_vsplit,000582,fixed_15,15,13,0.769231,0.057969,-0.034254,1.692342,0.000000,0.000000,76.538634,"{""big_bull_line"": 9.0, ""max_close_ret"": 9.0, ""min_close_ret"": 2.0, ""signal_cooldown_days"": 14, ""strong_line"": 3.5, ""x15_multiplier"": 1.7000000000000002}"
activity_breakout,local_optuna_t24_vsplit,000595,formula_exit_or_15,15,43,0.465116,0.078053,-0.040409,1.931572,0.023256,0.023256,68.146234,"{""big_bull_line"": 8.0, ""max_close_ret"": 8.0, ""min_close_ret"": -1.0, ""signal_cooldown_days"": 13, ""strong_line"": 4.5, ""x15_multiplier"": 1.7000000000000002}"
activity_breakout,local_optuna_t24_vsplit,000596,fixed_10,10,11,1.000000,0.066009,-0.019345,3.412124,0.000000,0.000000,92.060620,"{""big_bull_line"": 9.0, ""max_close_ret"": 9.0, ""min_close_ret"": 0.0, ""signal_cooldown_days"": 12, ""strong_line"": 3.0, ""x15_multiplier"": 1.3}"
activity_breakout,local_optuna_t24_vsplit,000603,fixed_30,30,23,0.782609,0.132396,-0.088587,1.494528,0.000000,0.043478,75.516116,"{""big_bull_line"": 9.0, ""max_close_ret"": 8.0, ""min_close_ret"": 0.5, ""signal_cooldown_days"": 6, ""strong_line"": 4.0, ""x15_multiplier"": 1.3}"
activity_breakout,local_optuna_t24_vsplit,000607,fixed_5,5,50,0.520000,0.008676,-0.046722,0.185694,0.000000,0.000000,40.866471,"{""big_bull_line"": 5.5, ""max_close_ret"": 11.0, ""min_close_ret"": 0.5, ""signal_cooldown_days"": 12, ""strong_line"": 4.5, ""x15_multiplier"": 1.6}"
volume_base_breakout,local_optuna_t24_vsplit,000612,fixed_60,60,9,1.000000,0.143344,-0.120156,1.192991,0.000000,0.000000,79.497521,"{""amount_spike_ratio"": 2.8, ""base_ceiling"": 1.26, ""base_floor"": 0.79, ""base_max_days"": 70, ""base_min_days"": 20, ""base_range_max"": 0.29, ""breakout_max_extension"": 1.11, ""breakout_near_high"": 0.97, ""dry_ratio"": 0.39999999999999997, ""signal_cooldown_days"": 10, ""spike_lookback"": 70, ""spike_ratio"": 2.8, ""warm_ret_max"": 0.22, ""warm_ret_min"": 0.0, ""warm_vol_ratio"": 0.85}"
gs_pullback_confirm,local_optuna_t24_vsplit,000623,fixed_60,60,12,1.000000,0.070142,-0.010558,6.643252,0.000000,0.000000,95.000000,"{""ma_pull_high"": 1.04, ""ma_pull_low"": 0.9, ""maxlen_max"": 18, ""maxrun_max"": 12, ""rate_min"": 35, ""sellpct_max"": 60}"
volume_base_breakout,local_optuna_t24_vsplit,000623,fixed_5,5,9,0.888889,0.043411,-0.007900,5.495077,0.000000,0.000000,86.904790,"{""amount_spike_ratio"": 2.4, ""base_ceiling"": 1.3, ""base_floor"": 0.87, ""base_max_days"": 80, ""base_min_days"": 35, ""base_range_max"": 0.27, ""breakout_max_extension"": 1.1, ""breakout_near_high"": 0.97, ""dry_ratio"": 0.44999999999999996, ""signal_cooldown_days"": 16, ""spike_lookback"": 70, ""spike_ratio"": 2.2, ""warm_ret_max"": 0.28, ""warm_ret_min"": -0.01, ""warm_vol_ratio"": 0.85}"
activity_breakout,local_optuna_t24_vsplit,000629,formula_exit_or_10,10,36,0.638889,0.031194,-0.025369,1.229607,0.055556,0.000000,60.356368,"{""big_bull_line"": 5.0, ""max_close_ret"": 12.0, ""min_close_ret"": 1.5, ""signal_cooldown_days"": 14, ""strong_line"": 3.5, ""x15_multiplier"": 1.3}"
gs_pullback_confirm,local_optuna_t24_vsplit,000637,fixed_60,60,10,1.000000,0.154330,-0.075570,2.042213,0.000000,0.000000,84.510744,"{""ma_pull_high"": 1.03, ""ma_pull_low"": 0.8, ""maxlen_max"": 17, ""maxrun_max"": 11, ""rate_min"": 30, ""sellpct_max"": 50}"
activity_breakout,local_optuna_t24_vsplit,000650,formula_exit_or_5,5,22,0.636364,0.019877,-0.007686,2.586044,0.000000,0.000000,61.959764,"{""big_bull_line"": 6.0, ""max_close_ret"": 8.0, ""min_close_ret"": 2.0, ""signal_cooldown_days"": 13, ""strong_line"": 4.0, ""x15_multiplier"": 1.7000000000000002}"
activity_breakout,local_optuna_t24_vsplit,000663,fixed_60,60,34,0.617647,0.052668,-0.139326,0.378016,0.000000,0.029412,65.125375,"{""big_bull_line"": 7.5, ""max_close_ret"": 10.0, ""min_close_ret"": 1.5, ""signal_cooldown_days"": 7, ""strong_line"": 3.0, ""x15_multiplier"": 1.2}"
gs_raw_buy,local_optuna_t24_vsplit,000663,fixed_60,60,30,0.600000,0.040037,-0.149057,0.268600,0.000000,0.033333,59.028002,"{""down_adjust"": 0.97, ""ema_fallback_span"": 6, ""iterations"": 8, ""signal_cooldown_days"": 15, ""up_adjust"": 1.03, ""x3_ma_windows"": [5, 10, 20, 30]}"
activity_breakout,local_optuna_t24_vsplit,000665,fixed_5,5,34,0.529412,0.023568,-0.070918,0.332324,0.029412,0.000000,49.033680,"{""big_bull_line"": 8.0, ""max_close_ret"": 13.0, ""min_close_ret"": 0.5, ""signal_cooldown_days"": 11, ""strong_line"": 3.5, ""x15_multiplier"": 1.1}"
activity_breakout,local_optuna_t24_vsplit,000672,fixed_10,10,23,0.739130,0.030313,-0.030948,0.979489,0.000000,0.000000,62.227878,"{""big_bull_line"": 8.0, ""max_close_ret"": 13.0, ""min_close_ret"": 0.5, ""signal_cooldown_days"": 8, ""strong_line"": 4.0, ""x15_multiplier"": 1.3}"
activity_breakout,local_optuna_t24_vsplit,000678,fixed_15,15,39,0.615385,0.098808,-0.082028,1.204558,0.000000,0.025641,69.227916,"{""big_bull_line"": 6.0, ""max_close_ret"": 10.0, ""min_close_ret"": 1.5, ""signal_cooldown_days"": 14, ""strong_line"": 3.0, ""x15_multiplier"": 1.6}"
activity_breakout,local_optuna_t24_vsplit,000680,fixed_30,30,37,0.702703,0.052781,-0.074211,0.711232,0.000000,0.000000,69.637240,"{""big_bull_line"": 8.0, ""max_close_ret"": 12.0, ""min_close_ret"": 1.0, ""signal_cooldown_days"": 13, ""strong_line"": 3.0, ""x15_multiplier"": 1.7000000000000002}"
gs_pullback_confirm,local_optuna_t24_vsplit,000688,fixed_60,60,13,1.000000,0.738946,-0.064669,11.426549,0.000000,0.000000,95.000000,"{""ma_pull_high"": 0.97, ""ma_pull_low"": 0.7200000000000001, ""maxlen_max"": 12, ""maxrun_max"": 9, ""rate_min"": 45, ""sellpct_max"": 75}"
volume_base_breakout,local_optuna_t24_vsplit,000700,fixed_20,20,11,0.818182,0.110500,-0.022891,4.827244,0.000000,0.000000,89.545455,"{""amount_spike_ratio"": 3.2, ""base_ceiling"": 1.3399999999999999, ""base_floor"": 0.88, ""base_max_days"": 110, ""base_min_days"": 30, ""base_range_max"": 0.35, ""breakout_max_extension"": 1.06, ""breakout_near_high"": 0.93, ""dry_ratio"": 0.44999999999999996, ""signal_cooldown_days"": 15, ""spike_lookback"": 120, ""spike_ratio"": 2.4, ""warm_ret_max"": 0.24, ""warm_ret_min"": 0.03, ""warm_vol_ratio"": 0.9}"
volume_base_breakout,local_optuna_t24_vsplit,000702,formula_exit_or_15,15,9,0.888889,0.083000,-0.032544,2.550358,0.000000,0.000000,82.951027,"{""amount_spike_ratio"": 3.2, ""base_ceiling"": 1.38, ""base_floor"": 0.75, ""base_max_days"": 65, ""base_min_days"": 30, ""base_range_max"": 0.41000000000000003, ""breakout_max_extension"": 1.1, ""breakout_near_high"": 0.96, ""dry_ratio"": 0.55, ""signal_cooldown_days"": 15, ""spike_lookback"": 90, ""spike_ratio"": 2.0, ""warm_ret_max"": 0.24, ""warm_ret_min"": 0.01, ""warm_vol_ratio"": 0.75}"
volume_base_breakout,local_optuna_t24_vsplit,000703,formula_exit_or_5,5,9,0.888889,0.052878,-0.012367,4.275831,0.000000,0.000000,90.199235,"{""amount_spike_ratio"": 2.6, ""base_ceiling"": 1.26, ""base_floor"": 0.81, ""base_max_days"": 65, ""base_min_days"": 45, ""base_range_max"": 0.45, ""breakout_max_extension"": 1.06, ""breakout_near_high"": 0.93, ""dry_ratio"": 0.44999999999999996, ""signal_cooldown_days"": 13, ""spike_lookback"": 90, ""spike_ratio"": 2.4, ""warm_ret_max"": 0.26, ""warm_ret_min"": 0.0, ""warm_vol_ratio"": 0.85}"
activity_breakout,local_optuna_t24_vsplit,000708,formula_exit_or_5,5,19,0.578947,0.018295,-0.014900,1.227835,0.000000,0.000000,52.654963,"{""big_bull_line"": 8.0, ""max_close_ret"": 12.0, ""min_close_ret"": 1.5, ""signal_cooldown_days"": 13, ""strong_line"": 3.5, ""x15_multiplier"": 1.7000000000000002}"
activity_breakout,local_optuna_t24_vsplit,000709,formula_exit_or_5,5,16,0.687500,0.024925,-0.020581,1.211054,0.000000,0.000000,59.142769,"{""big_bull_line"": 8.5, ""max_close_ret"": 12.0, ""min_close_ret"": 1.5, ""signal_cooldown_days"": 14, ""strong_line"": 3.5, ""x15_multiplier"": 1.7000000000000002}"
activity_breakout,local_optuna_t24_vsplit,000719,fixed_5,5,33,0.606061,0.026524,-0.018430,1.439165,0.000000,0.000000,58.639763,"{""big_bull_line"": 6.5, ""max_close_ret"": 13.0, ""min_close_ret"": 1.0, ""signal_cooldown_days"": 12, ""strong_line"": 2.5, ""x15_multiplier"": 1.4}"
volume_base_breakout,local_optuna_t24_vsplit,000719,fixed_60,60,9,0.777778,0.147722,-0.048333,3.056322,0.000000,0.000000,82.147511,"{""amount_spike_ratio"": 3.2, ""base_ceiling"": 1.46, ""base_floor"": 0.84, ""base_max_days"": 65, ""base_min_days"": 25, ""base_range_max"": 0.27, ""breakout_max_extension"": 1.11, ""breakout_near_high"": 0.9500000000000001, ""dry_ratio"": 0.5, ""signal_cooldown_days"": 11, ""spike_lookback"": 70, ""spike_ratio"": 2.8, ""warm_ret_max"": 0.2, ""warm_ret_min"": 0.01, ""warm_vol_ratio"": 0.75}"
gs_raw_buy,local_optuna_t24_vsplit,000725,fixed_5,5,36,0.527778,0.011953,-0.014831,0.805956,0.000000,0.000000,45.839503,"{""down_adjust"": 0.98, ""ema_fallback_span"": 6, ""iterations"": 8, ""signal_cooldown_days"": 14, ""up_adjust"": 1.03, ""x3_ma_windows"": [5, 10, 20, 30]}"
gs_raw_buy,local_optuna_t24_vsplit,000733,formula_exit_or_10,10,36,0.555556,0.028664,-0.022433,1.277737,0.000000,0.000000,57.387294,"{""down_adjust"": 0.97, ""ema_fallback_span"": 6, ""iterations"": 11, ""signal_cooldown_days"": 16, ""up_adjust"": 1.03, ""x3_ma_windows"": [3, 5, 10, 20]}"
gs_raw_buy,local_optuna_t24_vsplit,000738,formula_exit_or_5,5,35,0.514286,0.013586,-0.021794,0.623361,0.000000,0.000000,45.338235,"{""down_adjust"": 0.98, ""ema_fallback_span"": 5, ""iterations"": 6, ""signal_cooldown_days"": 16, ""up_adjust"": 1.03, ""x3_ma_windows"": [3, 8, 13, 21]}"
activity_breakout,local_optuna_t24_vsplit,000739,formula_exit_or_5,5,9,0.777778,0.036211,-0.025111,1.442035,0.000000,0.000000,67.181634,"{""big_bull_line"": 8.5, ""max_close_ret"": 8.0, ""min_close_ret"": -1.0, ""signal_cooldown_days"": 14, ""strong_line"": 4.5, ""x15_multiplier"": 1.2}"
activity_breakout,local_optuna_t24_vsplit,000755,fixed_15,15,17,0.647059,0.082512,-0.049865,1.654713,0.000000,0.000000,72.685328,"{""big_bull_line"": 6.0, ""max_close_ret"": 9.0, ""min_close_ret"": 2.0, ""signal_cooldown_days"": 11, ""strong_line"": 3.0, ""x15_multiplier"": 1.1}"
activity_breakout,local_optuna_t24_vsplit,000757,fixed_15,15,21,0.809524,0.059576,-0.063881,0.932613,0.047619,0.000000,73.472588,"{""big_bull_line"": 8.5, ""max_close_ret"": 9.0, ""min_close_ret"": -1.0, ""signal_cooldown_days"": 9, ""strong_line"": 3.5, ""x15_multiplier"": 1.1}"
activity_breakout,local_optuna_t24_vsplit,000766,fixed_30,30,40,0.675000,0.127657,-0.099733,1.279999,0.000000,0.000000,71.649995,"{""big_bull_line"": 5.0, ""max_close_ret"": 8.0, ""min_close_ret"": 1.0, ""signal_cooldown_days"": 14, ""strong_line"": 4.0, ""x15_multiplier"": 1.2}"
activity_breakout,local_optuna_t24_vsplit,000776,formula_exit_or_5,5,37,0.594595,0.016086,-0.008922,1.803090,0.000000,0.000000,54.896531,"{""big_bull_line"": 5.5, ""max_close_ret"": 9.0, ""min_close_ret"": 1.5, ""signal_cooldown_days"": 11, ""strong_line"": 3.0, ""x15_multiplier"": 1.5}"
activity_breakout,local_optuna_t24_vsplit,000778,formula_exit_or_5,5,23,0.608696,0.015983,-0.008322,1.920585,0.000000,0.000000,55.855100,"{""big_bull_line"": 6.0, ""max_close_ret"": 8.0, ""min_close_ret"": 2.0, ""signal_cooldown_days"": 12, ""strong_line"": 4.0, ""x15_multiplier"": 1.6}"
gs_raw_buy,local_optuna_t24_vsplit,000779,fixed_20,20,28,0.607143,0.028936,-0.068964,0.419575,0.000000,0.000000,54.780020,"{""down_adjust"": 0.98, ""ema_fallback_span"": 7, ""iterations"": 10, ""signal_cooldown_days"": 16, ""up_adjust"": 1.02, ""x3_ma_windows"": [5, 10, 20, 30]}"
activity_breakout,local_optuna_t24_vsplit,000786,fixed_10,10,9,0.777778,0.048744,-0.016556,2.944295,0.000000,0.000000,80.959600,"{""big_bull_line"": 8.0, ""max_close_ret"": 14.0, ""min_close_ret"": 2.0, ""signal_cooldown_days"": 14, ""strong_line"": 3.5, ""x15_multiplier"": 1.0}"
gs_pullback_confirm,local_optuna_t24_vsplit,000792,fixed_30,30,12,0.666667,0.185692,-0.056592,3.281255,0.000000,0.000000,81.406273,"{""ma_pull_high"": 0.96, ""ma_pull_low"": 0.78, ""maxlen_max"": 24, ""maxrun_max"": 11, ""rate_min"": 25, ""sellpct_max"": 70}"
volume_base_breakout,local_optuna_t24_vsplit,000798,fixed_20,20,9,0.777778,0.111022,-0.069378,1.600256,0.111111,0.000000,73.756072,"{""amount_spike_ratio"": 2.0, ""base_ceiling"": 1.26, ""base_floor"": 0.84, ""base_max_days"": 65, ""base_min_days"": 45, ""base_range_max"": 0.25, ""breakout_max_extension"": 1.11, ""breakout_near_high"": 0.9, ""dry_ratio"": 0.44999999999999996, ""signal_cooldown_days"": 14, ""spike_lookback"": 70, ""spike_ratio"": 2.6, ""warm_ret_max"": 0.3, ""warm_ret_min"": -0.01, ""warm_vol_ratio"": 0.85}"
gs_raw_buy,local_optuna_t24_vsplit,000807,fixed_30,30,32,0.656250,0.055725,-0.068991,0.807718,0.000000,0.000000,68.726092,"{""down_adjust"": 0.96, ""ema_fallback_span"": 5, ""iterations"": 12, ""signal_cooldown_days"": 14, ""up_adjust"": 1.03, ""x3_ma_windows"": [3, 8, 13, 21]}"
gs_raw_buy,local_optuna_t24_vsplit,000819,fixed_60,60,50,0.500000,0.035156,-0.136520,0.257515,0.020000,0.000000,53.665577,"{""down_adjust"": 0.97, ""ema_fallback_span"": 4, ""iterations"": 9, ""signal_cooldown_days"": 9, ""up_adjust"": 1.03, ""x3_ma_windows"": [3, 8, 13, 21]}"
volume_base_breakout,local_optuna_t24_vsplit,000820,formula_exit_or_5,5,12,0.833333,0.075400,-0.025775,2.925315,0.000000,0.000000,84.626576,"{""amount_spike_ratio"": 2.6, ""base_ceiling"": 1.3, ""base_floor"": 0.86, ""base_max_days"": 90, ""base_min_days"": 40, ""base_range_max"": 0.43, ""breakout_max_extension"": 1.12, ""breakout_near_high"": 0.92, ""dry_ratio"": 0.5, ""signal_cooldown_days"": 8, ""spike_lookback"": 120, ""spike_ratio"": 2.6, ""warm_ret_max"": 0.16, ""warm_ret_min"": -0.01, ""warm_vol_ratio"": 1.0}"
activity_breakout,local_optuna_t24_vsplit,000850,formula_exit_or_15,15,46,0.565217,0.016165,-0.026863,0.601764,0.000000,0.000000,48.047951,"{""big_bull_line"": 7.0, ""max_close_ret"": 14.0, ""min_close_ret"": -0.5, ""signal_cooldown_days"": 9, ""strong_line"": 2.5, ""x15_multiplier"": 1.8}"
activity_breakout,local_optuna_t24_vsplit,000876,formula_exit_or_5,5,11,0.545455,0.026218,-0.033791,0.775895,0.000000,0.000000,53.352200,"{""big_bull_line"": 6.0, ""max_close_ret"": 10.0, ""min_close_ret"": -0.5, ""signal_cooldown_days"": 12, ""strong_line"": 3.0, ""x15_multiplier"": 1.0}"
activity_breakout,local_optuna_t24_vsplit,000889,formula_exit_or_5,5,16,0.625000,0.037212,-0.040750,0.913190,0.187500,0.000000,60.047201,"{""big_bull_line"": 9.0, ""max_close_ret"": 14.0, ""min_close_ret"": -0.5, ""signal_cooldown_days"": 7, ""strong_line"": 3.0, ""x15_multiplier"": 1.1}"
activity_breakout,local_optuna_t24_vsplit,000892,fixed_60,60,46,0.608696,0.073317,-0.153313,0.478220,0.021739,0.000000,65.434579,"{""big_bull_line"": 7.0, ""max_close_ret"": 9.0, ""min_close_ret"": 1.5, ""signal_cooldown_days"": 10, ""strong_line"": 4.5, ""x15_multiplier"": 1.4}"
volume_base_breakout,local_optuna_t24_vsplit,000892,fixed_60,60,15,0.800000,0.170553,-0.117967,1.445776,0.000000,0.000000,76.228878,"{""amount_spike_ratio"": 2.8, ""base_ceiling"": 1.3399999999999999, ""base_floor"": 0.85, ""base_max_days"": 110, ""base_min_days"": 20, ""base_range_max"": 0.29, ""breakout_max_extension"": 1.07, ""breakout_near_high"": 0.9, ""dry_ratio"": 0.35, ""signal_cooldown_days"": 9, ""spike_lookback"": 70, ""spike_ratio"": 2.2, ""warm_ret_max"": 0.18, ""warm_ret_min"": 0.03, ""warm_vol_ratio"": 0.75}"
gs_raw_buy,local_optuna_t24_vsplit,000899,fixed_60,60,39,0.717949,0.156438,-0.103664,1.509090,0.025641,0.000000,73.827501,"{""down_adjust"": 0.99, ""ema_fallback_span"": 6, ""iterations"": 12, ""signal_cooldown_days"": 6, ""up_adjust"": 1.03, ""x3_ma_windows"": [5, 10, 20, 30]}"
gs_raw_buy,local_optuna_t24_vsplit,000900,formula_exit_or_5,5,34,0.588235,0.012576,-0.008656,1.452939,0.000000,0.000000,51.199990,"{""down_adjust"": 0.97, ""ema_fallback_span"": 3, ""iterations"": 11, ""signal_cooldown_days"": 15, ""up_adjust"": 1.03, ""x3_ma_windows"": [5, 10, 20, 30]}"
gs_raw_buy,local_optuna_t24_vsplit,000906,formula_exit_or_60,60,28,0.464286,0.012325,-0.018761,0.656958,0.000000,0.035714,43.018718,"{""down_adjust"": 0.98, ""ema_fallback_span"": 6, ""iterations"": 11, ""signal_cooldown_days"": 16, ""up_adjust"": 1.03, ""x3_ma_windows"": [5, 10, 20, 30]}"
gs_raw_buy,local_optuna_t24_vsplit,000908,formula_exit_or_60,60,34,0.470588,0.125874,-0.040335,3.120680,0.000000,0.000000,74.721045,"{""down_adjust"": 0.97, ""ema_fallback_span"": 5, ""iterations"": 6, ""signal_cooldown_days"": 16, ""up_adjust"": 1.04, ""x3_ma_windows"": [3, 8, 13, 21]}"
activity_breakout,local_optuna_t24_vsplit,000912,fixed_15,15,28,0.571429,0.029832,-0.050361,0.592369,0.000000,0.035714,54.663632,"{""big_bull_line"": 5.0, ""max_close_ret"": 9.0, ""min_close_ret"": 1.5, ""signal_cooldown_days"": 12, ""strong_line"": 4.0, ""x15_multiplier"": 1.3}"
activity_breakout,local_optuna_t24_vsplit,000917,fixed_10,10,21,0.666667,0.037771,-0.071481,0.528412,0.095238,0.000000,60.575396,"{""big_bull_line"": 8.0, ""max_close_ret"": 12.0, ""min_close_ret"": -0.5, ""signal_cooldown_days"": 6, ""strong_line"": 4.0, ""x15_multiplier"": 1.0}"
activity_breakout,local_optuna_t24_vsplit,000923,formula_exit_or_5,5,44,0.545455,0.020916,-0.013859,1.509183,0.000000,0.022727,54.140235,"{""big_bull_line"": 6.0, ""max_close_ret"": 13.0, ""min_close_ret"": 1.0, ""signal_cooldown_days"": 13, ""strong_line"": 3.5, ""x15_multiplier"": 1.6}"
activity_breakout,local_optuna_t24_vsplit,000925,fixed_10,10,23,0.782609,0.028357,-0.051800,0.547423,0.043478,0.000000,59.958855,"{""big_bull_line"": 8.5, ""max_close_ret"": 9.0, ""min_close_ret"": 1.0, ""signal_cooldown_days"": 13, ""strong_line"": 4.0, ""x15_multiplier"": 1.4}"
activity_breakout,local_optuna_t24_vsplit,000926,formula_exit_or_5,5,21,0.619048,0.026176,-0.034733,0.753633,0.095238,0.047619,53.999118,"{""big_bull_line"": 8.0, ""max_close_ret"": 12.0, ""min_close_ret"": 0.5, ""signal_cooldown_days"": 7, ""strong_line"": 4.0, ""x15_multiplier"": 1.1}"
activity_breakout,local_optuna_t24_vsplit,000930,fixed_5,5,22,0.681818,0.020955,-0.024782,0.845561,0.000000,0.000000,55.159624,"{""big_bull_line"": 6.5, ""max_close_ret"": 8.0, ""min_close_ret"": -0.5, ""signal_cooldown_days"": 10, ""strong_line"": 3.5, ""x15_multiplier"": 1.6}"
activity_breakout,local_optuna_t24_vsplit,000931,fixed_20,20,11,0.818182,0.049609,-0.069555,0.713240,0.000000,0.000000,72.916200,"{""big_bull_line"": 8.5, ""max_close_ret"": 10.0, ""min_close_ret"": -0.5, ""signal_cooldown_days"": 12, ""strong_line"": 3.0, ""x15_multiplier"": 1.1}"
activity_breakout,local_optuna_t24_vsplit,000936,formula_exit_or_10,10,29,0.551724,0.059183,-0.026503,2.233021,0.000000,0.068966,72.027174,"{""big_bull_line"": 6.0, ""max_close_ret"": 10.0, ""min_close_ret"": -1.0, ""signal_cooldown_days"": 12, ""strong_line"": 3.5, ""x15_multiplier"": 1.1}"
gs_raw_buy,local_optuna_t24_vsplit,000937,fixed_15,15,38,0.736842,0.036442,-0.030126,1.209644,0.000000,0.000000,66.374534,"{""down_adjust"": 0.99, ""ema_fallback_span"": 3, ""iterations"": 11, ""signal_cooldown_days"": 7, ""up_adjust"": 1.01, ""x3_ma_windows"": [5, 10, 20, 30]}"
volume_base_breakout,local_optuna_t24_vsplit,000950,fixed_15,15,10,0.900000,0.069950,-0.021090,3.316738,0.000000,0.000000,87.883370,"{""amount_spike_ratio"": 3.2, ""base_ceiling"": 1.48, ""base_floor"": 0.8200000000000001, ""base_max_days"": 90, ""base_min_days"": 40, ""base_range_max"": 0.25, ""breakout_max_extension"": 1.09, ""breakout_near_high"": 0.92, ""dry_ratio"": 0.35, ""signal_cooldown_days"": 16, ""spike_lookback"": 70, ""spike_ratio"": 2.0, ""warm_ret_max"": 0.3, ""warm_ret_min"": 0.01, ""warm_vol_ratio"": 0.85}"
activity_breakout,local_optuna_t24_vsplit,000967,fixed_60,60,21,0.761905,0.067719,-0.086824,0.779959,0.000000,0.000000,71.756940,"{""big_bull_line"": 5.5, ""max_close_ret"": 8.0, ""min_close_ret"": 0.0, ""signal_cooldown_days"": 11, ""strong_line"": 3.0, ""x15_multiplier"": 1.3}"
activity_breakout,local_optuna_t24_vsplit,000980,fixed_15,15,61,0.491803,0.033123,-0.110608,0.299462,0.032787,0.000000,52.485015,"{""big_bull_line"": 8.5, ""max_close_ret"": 12.0, ""min_close_ret"": -0.5, ""signal_cooldown_days"": 8, ""strong_line"": 3.0, ""x15_multiplier"": 1.4}"
gs_pullback_confirm,local_optuna_t24_vsplit,000980,fixed_30,30,10,1.000000,0.211270,-0.091510,2.308709,0.000000,0.000000,85.843228,"{""ma_pull_high"": 0.99, ""ma_pull_low"": 0.7000000000000001, ""maxlen_max"": 21, ""maxrun_max"": 5, ""rate_min"": 50, ""sellpct_max"": 65}"
activity_breakout,local_optuna_t24_vsplit,000988,fixed_60,60,47,0.617021,0.165277,-0.129160,1.279631,0.000000,0.000000,69.908793,"{""big_bull_line"": 5.5, ""max_close_ret"": 10.0, ""min_close_ret"": 1.5, ""signal_cooldown_days"": 12, ""strong_line"": 3.0, ""x15_multiplier"": 1.5}"
activity_breakout,local_optuna_t24_vsplit,000989,formula_exit_or_5,5,14,0.571429,0.022807,-0.011400,2.000627,0.000000,0.000000,58.549561,"{""big_bull_line"": 6.5, ""max_close_ret"": 8.0, ""min_close_ret"": 0.0, ""signal_cooldown_days"": 11, ""strong_line"": 4.0, ""x15_multiplier"": 1.0}"
gs_raw_buy,local_optuna_t24_vsplit,000989,fixed_20,20,27,0.703704,0.012004,-0.053478,0.224462,0.000000,0.000000,48.235271,"{""down_adjust"": 0.99, ""ema_fallback_span"": 5, ""iterations"": 7, ""signal_cooldown_days"": 15, ""up_adjust"": 1.02, ""x3_ma_windows"": [5, 10, 20, 30]}"
gs_pullback_confirm,local_optuna_t24_vsplit,000999,fixed_30,30,13,1.000000,0.104292,0.000000,20.858462,0.000000,0.000000,95.000000,"{""ma_pull_high"": 1.03, ""ma_pull_low"": 0.8400000000000001, ""maxlen_max"": 14, ""maxrun_max"": 11, ""rate_min"": 60, ""sellpct_max"": 50}"
gs_raw_buy,local_optuna_t24_vsplit,001202,fixed_60,60,38,0.657895,0.027292,-0.083211,0.327989,0.026316,0.000000,54.759680,"{""down_adjust"": 0.97, ""ema_fallback_span"": 7, ""iterations"": 6, ""signal_cooldown_days"": 12, ""up_adjust"": 1.02, ""x3_ma_windows"": [3, 8, 13, 21]}"
volume_base_breakout,local_optuna_t24_vsplit,001207,fixed_15,15,15,0.733333,0.067573,-0.014253,4.740879,0.000000,0.000000,87.000000,"{""amount_spike_ratio"": 3.0, ""base_ceiling"": 1.46, ""base_floor"": 0.86, ""base_max_days"": 85, ""base_min_days"": 30, ""base_range_max"": 0.41000000000000003, ""breakout_max_extension"": 1.07, ""breakout_near_high"": 0.91, ""dry_ratio"": 0.44999999999999996, ""signal_cooldown_days"": 8, ""spike_lookback"": 120, ""spike_ratio"": 2.2, ""warm_ret_max"": 0.3, ""warm_ret_min"": 0.0, ""warm_vol_ratio"": 1.05}"
volume_base_breakout,local_optuna_t24_vsplit,001208,fixed_5,5,12,0.750000,0.058275,-0.035958,1.620626,0.000000,0.000000,75.603129,"{""amount_spike_ratio"": 2.2, ""base_ceiling"": 1.24, ""base_floor"": 0.85, ""base_max_days"": 85, ""base_min_days"": 30, ""base_range_max"": 0.29, ""breakout_max_extension"": 1.11, ""breakout_near_high"": 0.91, ""dry_ratio"": 0.39999999999999997, ""signal_cooldown_days"": 12, ""spike_lookback"": 120, ""spike_ratio"": 2.2, ""warm_ret_max"": 0.28, ""warm_ret_min"": 0.0, ""warm_vol_ratio"": 1.0}"
activity_breakout,local_optuna_t24_vsplit,001215,fixed_30,30,21,0.523810,0.049243,-0.103624,0.475208,0.000000,0.000000,62.711754,"{""big_bull_line"": 8.5, ""max_close_ret"": 11.0, ""min_close_ret"": -1.0, ""signal_cooldown_days"": 10, ""strong_line"": 4.0, ""x15_multiplier"": 1.0}"
activity_breakout,local_optuna_t24_vsplit,001222,fixed_60,60,24,0.541667,0.051583,-0.121983,0.422872,0.000000,0.000000,63.364360,"{""big_bull_line"": 6.5, ""max_close_ret"": 8.0, ""min_close_ret"": 2.0, ""signal_cooldown_days"": 14, ""strong_line"": 4.0, ""x15_multiplier"": 1.6}"
volume_base_breakout,local_optuna_t24_vsplit,001226,fixed_15,15,14,1.000000,0.070743,-0.045121,1.567833,0.000000,0.000000,82.839164,"{""amount_spike_ratio"": 2.2, ""base_ceiling"": 1.28, ""base_floor"": 0.86, ""base_max_days"": 115, ""base_min_days"": 20, ""base_range_max"": 0.35, ""breakout_max_extension"": 1.12, ""breakout_near_high"": 0.9, ""dry_ratio"": 0.55, ""signal_cooldown_days"": 18, ""spike_lookback"": 120, ""spike_ratio"": 2.0, ""warm_ret_max"": 0.18, ""warm_ret_min"": 0.019999999999999997, ""warm_vol_ratio"": 1.05}"
activity_breakout,local_optuna_t24_vsplit,001227,formula_exit_or_5,5,15,0.466667,0.022020,-0.003160,4.404000,0.000000,0.000000,65.010000,"{""big_bull_line"": 6.0, ""max_close_ret"": 12.0, ""min_close_ret"": -1.0, ""signal_cooldown_days"": 14, ""strong_line"": 4.0, ""x15_multiplier"": 1.3}"
volume_base_breakout,local_optuna_t24_vsplit,001260,fixed_60,60,9,0.888889,0.044444,-0.116311,0.382117,0.000000,0.000000,69.332042,"{""amount_spike_ratio"": 2.0, ""base_ceiling"": 1.3599999999999999, ""base_floor"": 0.86, ""base_max_days"": 65, ""base_min_days"": 40, ""base_range_max"": 0.37, ""breakout_max_extension"": 1.12, ""breakout_near_high"": 0.9400000000000001, ""dry_ratio"": 0.55, ""signal_cooldown_days"": 17, ""spike_lookback"": 90, ""spike_ratio"": 2.8, ""warm_ret_max"": 0.16, ""warm_ret_min"": 0.03, ""warm_vol_ratio"": 0.8}"
activity_breakout,local_optuna_t24_vsplit,001266,fixed_5,5,51,0.607843,0.015000,-0.046259,0.324262,0.039216,0.000000,46.964450,"{""big_bull_line"": 5.5, ""max_close_ret"": 13.0, ""min_close_ret"": 2.0, ""signal_cooldown_days"": 12, ""strong_line"": 3.0, ""x15_multiplier"": 1.6}"
activity_breakout,local_optuna_t24_vsplit,001278,formula_exit_or_5,5,32,0.718750,0.030541,-0.018547,1.646672,0.031250,0.000000,64.753674,"{""big_bull_line"": 5.0, ""max_close_ret"": 12.0, ""min_close_ret"": 2.0, ""signal_cooldown_days"": 13, ""strong_line"": 4.0, ""x15_multiplier"": 1.6}"
gs_raw_buy,local_optuna_t24_vsplit,001288,fixed_60,60,39,0.538462,0.047318,-0.092244,0.512967,0.000000,0.000000,62.377657,"{""down_adjust"": 0.98, ""ema_fallback_span"": 4, ""iterations"": 10, ""signal_cooldown_days"": 13, ""up_adjust"": 1.02, ""x3_ma_windows"": [3, 8, 13, 21]}"
activity_breakout,local_optuna_t24_vsplit,001299,fixed_60,60,11,0.545455,0.026682,-0.233218,0.114407,0.000000,0.000000,50.276581,"{""big_bull_line"": 9.0, ""max_close_ret"": 9.0, ""min_close_ret"": -0.5, ""signal_cooldown_days"": 9, ""strong_line"": 3.5, ""x15_multiplier"": 1.1}"
activity_breakout,local_optuna_t24_vsplit,001311,fixed_10,10,17,0.647059,0.038341,-0.042918,0.893366,0.058824,0.000000,62.460949,"{""big_bull_line"": 7.5, ""max_close_ret"": 9.0, ""min_close_ret"": 0.0, ""signal_cooldown_days"": 6, ""strong_line"": 3.0, ""x15_multiplier"": 1.0}"
activity_breakout,local_optuna_t24_vsplit,001313,fixed_5,5,44,0.545455,0.016118,-0.035609,0.452642,0.000000,0.000000,46.685939,"{""big_bull_line"": 6.5, ""max_close_ret"": 9.0, ""min_close_ret"": 0.0, ""signal_cooldown_days"": 13, ""strong_line"": 4.0, ""x15_multiplier"": 1.7000000000000002}"
activity_breakout,local_optuna_t24_vsplit,001314,fixed_10,10,37,0.648649,0.041357,-0.071354,0.579599,0.000000,0.000000,63.035834,"{""big_bull_line"": 6.0, ""max_close_ret"": 10.0, ""min_close_ret"": 1.5, ""signal_cooldown_days"": 12, ""strong_line"": 4.0, ""x15_multiplier"": 1.6}"
activity_breakout,local_optuna_t24_vsplit,001318,formula_exit_or_5,5,27,0.592593,0.004700,-0.017963,0.261649,0.000000,0.000000,41.436025,"{""big_bull_line"": 6.5, ""max_close_ret"": 8.0, ""min_close_ret"": -0.5, ""signal_cooldown_days"": 14, ""strong_line"": 4.0, ""x15_multiplier"": 1.5}"
activity_breakout,local_optuna_t24_vsplit,001319,fixed_15,15,28,0.750000,0.058725,-0.072282,0.812441,0.035714,0.035714,70.847921,"{""big_bull_line"": 8.0, ""max_close_ret"": 8.0, ""min_close_ret"": 0.5, ""signal_cooldown_days"": 9, ""strong_line"": 3.0, ""x15_multiplier"": 1.2}"
gs_raw_buy,local_optuna_t24_vsplit,001326,fixed_5,5,19,0.789474,0.043189,-0.025242,1.711009,0.052632,0.000000,73.307677,"{""down_adjust"": 0.99, ""ema_fallback_span"": 6, ""iterations"": 12, ""signal_cooldown_days"": 16, ""up_adjust"": 1.04, ""x3_ma_windows"": [3, 8, 13, 21]}"
activity_breakout,local_optuna_t24_vsplit,001332,formula_exit_or_15,15,15,0.533333,0.048527,-0.030573,1.587222,0.000000,0.133333,66.866110,"{""big_bull_line"": 6.5, ""max_close_ret"": 8.0, ""min_close_ret"": 0.5, ""signal_cooldown_days"": 13, ""strong_line"": 3.5, ""x15_multiplier"": 1.0}"
activity_breakout,local_optuna_t24_vsplit,001336,fixed_5,5,9,0.555556,0.030533,-0.035778,0.853416,0.000000,0.000000,54.732982,"{""big_bull_line"": 9.0, ""max_close_ret"": 8.0, ""min_close_ret"": -1.0, ""signal_cooldown_days"": 13, ""strong_line"": 4.5, ""x15_multiplier"": 1.2}"
gs_raw_buy,local_optuna_t24_vsplit,001336,fixed_15,15,26,0.653846,0.016850,-0.076396,0.220561,0.076923,0.000000,48.373958,"{""down_adjust"": 0.97, ""ema_fallback_span"": 6, ""iterations"": 7, ""signal_cooldown_days"": 16, ""up_adjust"": 1.02, ""x3_ma_windows"": [3, 8, 13, 21]}"
activity_breakout,local_optuna_t24_vsplit,001337,fixed_20,20,37,0.459459,0.047014,-0.076630,0.613515,0.027027,0.000000,60.087847,"{""big_bull_line"": 5.5, ""max_close_ret"": 9.0, ""min_close_ret"": -1.0, ""signal_cooldown_days"": 13, ""strong_line"": 4.0, ""x15_multiplier"": 1.8}"
activity_breakout,local_optuna_t24_vsplit,001339,fixed_60,60,43,0.697674,0.134202,-0.130402,1.029141,0.000000,0.000000,71.075935,"{""big_bull_line"": 5.0, ""max_close_ret"": 13.0, ""min_close_ret"": 0.5, ""signal_cooldown_days"": 14, ""strong_line"": 3.5, ""x15_multiplier"": 1.7000000000000002}"
activity_breakout,local_optuna_t24_vsplit,001359,fixed_60,60,29,0.862069,0.184759,-0.104262,1.772060,0.034483,0.000000,79.377540,"{""big_bull_line"": 5.0, ""max_close_ret"": 8.0, ""min_close_ret"": -1.0, ""signal_cooldown_days"": 11, ""strong_line"": 3.5, ""x15_multiplier"": 1.8}"
activity_breakout,local_optuna_t24_vsplit,001366,fixed_5,5,18,0.777778,0.038050,-0.036650,1.038199,0.000000,0.000000,67.549329,"{""big_bull_line"": 7.5, ""max_close_ret"": 9.0, ""min_close_ret"": -1.0, ""signal_cooldown_days"": 12, ""strong_line"": 4.5, ""x15_multiplier"": 1.3}"
gs_raw_buy,local_optuna_t24_vsplit,001367,formula_exit_or_20,20,24,0.500000,0.015796,-0.015883,0.994491,0.000000,0.041667,47.453705,"{""down_adjust"": 0.99, ""ema_fallback_span"": 6, ""iterations"": 10, ""signal_cooldown_days"": 16, ""up_adjust"": 1.04, ""x3_ma_windows"": [3, 8, 13, 21]}"
activity_breakout,local_optuna_t24_vsplit,001368,fixed_20,20,47,0.553191,0.017353,-0.058117,0.298591,0.021277,0.000000,46.552527,"{""big_bull_line"": 5.0, ""max_close_ret"": 10.0, ""min_close_ret"": 0.0, ""signal_cooldown_days"": 10, ""strong_line"": 4.0, ""x15_multiplier"": 1.8}"
activity_breakout,local_optuna_t24_vsplit,001376,formula_exit_or_5,5,33,0.575758,0.026361,-0.027139,0.971304,0.060606,0.030303,54.400460,"{""big_bull_line"": 5.5, ""max_close_ret"": 11.0, ""min_close_ret"": -0.5, ""signal_cooldown_days"": 11, ""strong_line"": 2.5, ""x15_multiplier"": 1.7000000000000002}"
activity_breakout,local_optuna_t24_vsplit,001378,formula_exit_or_15,15,24,0.625000,0.018779,-0.008238,2.279717,0.000000,0.000000,59.538167,"{""big_bull_line"": 5.0, ""max_close_ret"": 11.0, ""min_close_ret"": 0.5, ""signal_cooldown_days"": 12, ""strong_line"": 3.5, ""x15_multiplier"": 1.8}"
gs_raw_buy,local_optuna_t24_vsplit,001696,formula_exit_or_20,20,33,0.454545,0.063170,-0.031842,1.983822,0.030303,0.000000,68.252443,"{""down_adjust"": 0.98, ""ema_fallback_span"": 4, ""iterations"": 7, ""signal_cooldown_days"": 15, ""up_adjust"": 1.01, ""x3_ma_windows"": [5, 10, 20, 30]}"
volume_base_breakout,local_optuna_t24_vsplit,002001,fixed_60,60,13,0.923077,0.084062,-0.042485,1.978635,0.000000,0.000000,82.585482,"{""amount_spike_ratio"": 2.8, ""base_ceiling"": 1.3, ""base_floor"": 0.77, ""base_max_days"": 95, ""base_min_days"": 50, ""base_range_max"": 0.35, ""breakout_max_extension"": 1.07, ""breakout_near_high"": 0.9, ""dry_ratio"": 0.5, ""signal_cooldown_days"": 16, ""spike_lookback"": 120, ""spike_ratio"": 2.0, ""warm_ret_max"": 0.22, ""warm_ret_min"": 0.019999999999999997, ""warm_vol_ratio"": 1.0}"
gs_pullback_confirm,local_optuna_t24_vsplit,002004,fixed_20,20,10,1.000000,0.080610,-0.025220,3.196273,0.000000,0.000000,90.281045,"{""ma_pull_high"": 0.98, ""ma_pull_low"": 0.68, ""maxlen_max"": 13, ""maxrun_max"": 11, ""rate_min"": 25, ""sellpct_max"": 75}"
activity_breakout,local_optuna_t24_vsplit,002005,fixed_10,10,26,0.692308,0.046931,-0.047662,0.984668,0.000000,0.000000,69.157953,"{""big_bull_line"": 5.5, ""max_close_ret"": 10.0, ""min_close_ret"": 1.0, ""signal_cooldown_days"": 11, ""strong_line"": 4.0, ""x15_multiplier"": 1.0}"
activity_breakout,local_optuna_t24_vsplit,002010,formula_exit_or_5,5,29,0.586207,0.018179,-0.011217,1.620658,0.000000,0.000000,54.779151,"{""big_bull_line"": 7.5, ""max_close_ret"": 13.0, ""min_close_ret"": 0.0, ""signal_cooldown_days"": 8, ""strong_line"": 4.0, ""x15_multiplier"": 1.6}"
activity_breakout,local_optuna_t24_vsplit,002011,formula_exit_or_20,20,17,0.588235,0.069741,-0.048353,1.442336,0.000000,0.058824,69.270502,"{""big_bull_line"": 9.0, ""max_close_ret"": 11.0, ""min_close_ret"": 0.5, ""signal_cooldown_days"": 12, ""strong_line"": 2.5, ""x15_multiplier"": 1.1}"
gs_raw_buy,local_optuna_t24_vsplit,002019,formula_exit_or_30,30,33,0.515152,0.019600,-0.033727,0.581132,0.000000,0.000000,48.160206,"{""down_adjust"": 0.96, ""ema_fallback_span"": 3, ""iterations"": 9, ""signal_cooldown_days"": 9, ""up_adjust"": 1.02, ""x3_ma_windows"": [5, 10, 20, 30]}"
activity_breakout,local_optuna_t24_vsplit,002025,fixed_60,60,14,0.785714,0.088479,-0.110386,0.801540,0.000000,0.000000,72.579129,"{""big_bull_line"": 9.0, ""max_close_ret"": 12.0, ""min_close_ret"": 0.0, ""signal_cooldown_days"": 9, ""strong_line"": 3.5, ""x15_multiplier"": 1.2}"
activity_breakout,local_optuna_t24_vsplit,002026,fixed_60,60,13,0.615385,0.069892,-0.145308,0.480995,0.000000,0.000000,65.866515,"{""big_bull_line"": 8.0, ""max_close_ret"": 9.0, ""min_close_ret"": -0.5, ""signal_cooldown_days"": 9, ""strong_line"": 3.0, ""x15_multiplier"": 1.0}"
activity_breakout,local_optuna_t24_vsplit,002030,formula_exit_or_5,5,70,0.528571,0.008467,-0.025019,0.338434,0.000000,0.014286,41.640029,"{""big_bull_line"": 5.0, ""max_close_ret"": 14.0, ""min_close_ret"": -1.0, ""signal_cooldown_days"": 6, ""strong_line"": 3.0, ""x15_multiplier"": 1.8}"
activity_breakout,local_optuna_t24_vsplit,002046,fixed_60,60,43,0.674419,0.174898,-0.143830,1.216001,0.069767,0.000000,70.614888,"{""big_bull_line"": 7.0, ""max_close_ret"": 11.0, ""min_close_ret"": 0.5, ""signal_cooldown_days"": 9, ""strong_line"": 3.0, ""x15_multiplier"": 1.2}"
gs_raw_buy,local_optuna_t24_vsplit,002055,formula_exit_or_20,20,39,0.512821,0.025587,-0.036603,0.699054,0.000000,0.025641,51.417066,"{""down_adjust"": 0.96, ""ema_fallback_span"": 5, ""iterations"": 7, ""signal_cooldown_days"": 15, ""up_adjust"": 1.01, ""x3_ma_windows"": [3, 5, 10, 20]}"
gs_raw_buy,local_optuna_t24_vsplit,002057,fixed_60,60,34,0.500000,0.043738,-0.115524,0.378609,0.000000,0.000000,58.762162,"{""down_adjust"": 0.99, ""ema_fallback_span"": 6, ""iterations"": 6, ""signal_cooldown_days"": 15, ""up_adjust"": 1.03, ""x3_ma_windows"": [5, 10, 20, 30]}"
activity_breakout,local_optuna_t24_vsplit,002061,formula_exit_or_5,5,34,0.558824,0.017850,-0.008853,2.016279,0.000000,0.000000,55.771101,"{""big_bull_line"": 6.5, ""max_close_ret"": 8.0, ""min_close_ret"": 0.0, ""signal_cooldown_days"": 8, ""strong_line"": 4.0, ""x15_multiplier"": 1.8}"
gs_pullback_confirm,local_optuna_t24_vsplit,002072,fixed_30,30,17,0.941176,0.113829,-0.048888,2.328360,0.058824,0.000000,84.288859,"{""ma_pull_high"": 0.99, ""ma_pull_low"": 0.8600000000000001, ""maxlen_max"": 24, ""maxrun_max"": 12, ""rate_min"": 25, ""sellpct_max"": 45}"
activity_breakout,local_optuna_t24_vsplit,002077,formula_exit_or_20,20,48,0.604167,0.053477,-0.043610,1.226246,0.000000,0.020833,69.047895,"{""big_bull_line"": 6.0, ""max_close_ret"": 10.0, ""min_close_ret"": 0.5, ""signal_cooldown_days"": 14, ""strong_line"": 4.0, ""x15_multiplier"": 1.7000000000000002}"
volume_base_breakout,local_optuna_t24_vsplit,002080,fixed_60,60,9,1.000000,0.421144,-0.085322,4.935929,0.000000,0.000000,93.532568,"{""amount_spike_ratio"": 2.6, ""base_ceiling"": 1.5, ""base_floor"": 0.84, ""base_max_days"": 110, ""base_min_days"": 50, ""base_range_max"": 0.45, ""breakout_max_extension"": 1.12, ""breakout_near_high"": 0.91, ""dry_ratio"": 0.39999999999999997, ""signal_cooldown_days"": 11, ""spike_lookback"": 120, ""spike_ratio"": 2.8, ""warm_ret_max"": 0.22, ""warm_ret_min"": 0.019999999999999997, ""warm_vol_ratio"": 0.85}"
activity_breakout,local_optuna_t24_vsplit,002084,formula_exit_or_10,10,31,0.677419,0.021648,-0.029352,0.737554,0.000000,0.000000,54.834542,"{""big_bull_line"": 7.5, ""max_close_ret"": 9.0, ""min_close_ret"": 1.0, ""signal_cooldown_days"": 11, ""strong_line"": 3.5, ""x15_multiplier"": 1.8}"
volume_base_breakout,local_optuna_t24_vsplit,002085,formula_exit_or_30,30,12,0.500000,0.169833,-0.047450,3.579206,0.000000,0.000000,77.896031,"{""amount_spike_ratio"": 2.0, ""base_ceiling"": 1.3, ""base_floor"": 0.76, ""base_max_days"": 115, ""base_min_days"": 35, ""base_range_max"": 0.39, ""breakout_max_extension"": 1.11, ""breakout_near_high"": 0.92, ""dry_ratio"": 0.44999999999999996, ""signal_cooldown_days"": 16, ""spike_lookback"": 90, ""spike_ratio"": 3.2, ""warm_ret_max"": 0.2, ""warm_ret_min"": 0.0, ""warm_vol_ratio"": 0.9}"
activity_breakout,local_optuna_t24_vsplit,002093,fixed_60,60,49,0.591837,0.075045,-0.124163,0.604405,0.020408,0.000000,65.573045,"{""big_bull_line"": 5.0, ""max_close_ret"": 9.0, ""min_close_ret"": 0.0, ""signal_cooldown_days"": 11, ""strong_line"": 4.5, ""x15_multiplier"": 1.4}"
activity_breakout,local_optuna_t24_vsplit,002096,fixed_60,60,47,0.595745,0.036957,-0.112717,0.327878,0.042553,0.000000,57.564923,"{""big_bull_line"": 5.5, ""max_close_ret"": 8.0, ""min_close_ret"": -0.5, ""signal_cooldown_days"": 13, ""strong_line"": 4.5, ""x15_multiplier"": 1.8}"
gs_pullback_confirm,local_optuna_t24_vsplit,002104,fixed_15,15,15,0.733333,0.212720,-0.105220,2.021669,0.000000,0.000000,77.108344,"{""ma_pull_high"": 1.04, ""ma_pull_low"": 0.68, ""maxlen_max"": 10, ""maxrun_max"": 10, ""rate_min"": 25, ""sellpct_max"": 45}"
activity_breakout,local_optuna_t24_vsplit,002105,fixed_10,10,16,0.687500,0.071475,-0.047950,1.490615,0.000000,0.062500,72.453076,"{""big_bull_line"": 9.0, ""max_close_ret"": 8.0, ""min_close_ret"": 0.5, ""signal_cooldown_days"": 14, ""strong_line"": 2.5, ""x15_multiplier"": 1.4}"
activity_breakout,local_optuna_t24_vsplit,002107,fixed_20,20,21,0.619048,0.033657,-0.059571,0.564988,0.000000,0.000000,58.224940,"{""big_bull_line"": 9.0, ""max_close_ret"": 9.0, ""min_close_ret"": -0.5, ""signal_cooldown_days"": 8, ""strong_line"": 2.5, ""x15_multiplier"": 1.4}"
activity_breakout,local_optuna_t24_vsplit,002119,fixed_60,60,53,0.566038,0.064647,-0.132419,0.488202,0.018868,0.000000,64.233463,"{""big_bull_line"": 7.5, ""max_close_ret"": 10.0, ""min_close_ret"": 0.0, ""signal_cooldown_days"": 7, ""strong_line"": 2.5, ""x15_multiplier"": 1.7000000000000002}"
activity_breakout,local_optuna_t24_vsplit,002126,fixed_60,60,65,0.707692,0.138671,-0.107509,1.289850,0.000000,0.000000,72.680019,"{""big_bull_line"": 6.5, ""max_close_ret"": 8.0, ""min_close_ret"": 1.5, ""signal_cooldown_days"": 9, ""strong_line"": 4.5, ""x15_multiplier"": 1.8}"
volume_base_breakout,local_optuna_t24_vsplit,002155,fixed_60,60,16,0.937500,0.245175,-0.034888,7.027589,0.000000,0.000000,93.125000,"{""amount_spike_ratio"": 2.2, ""base_ceiling"": 1.3199999999999998, ""base_floor"": 0.84, ""base_max_days"": 115, ""base_min_days"": 35, ""base_range_max"": 0.43, ""breakout_max_extension"": 1.06, ""breakout_near_high"": 0.9, ""dry_ratio"": 0.5, ""signal_cooldown_days"": 10, ""spike_lookback"": 70, ""spike_ratio"": 2.0, ""warm_ret_max"": 0.22, ""warm_ret_min"": 0.01, ""warm_vol_ratio"": 0.75}"
activity_breakout,local_optuna_t24_vsplit,002157,formula_exit_or_5,5,32,0.468750,0.004906,-0.035541,0.138046,0.000000,0.000000,37.205856,"{""big_bull_line"": 8.5, ""max_close_ret"": 13.0, ""min_close_ret"": 0.0, ""signal_cooldown_days"": 9, ""strong_line"": 4.0, ""x15_multiplier"": 1.4}"
activity_breakout,local_optuna_t24_vsplit,002160,fixed_60,60,22,0.500000,0.040473,-0.156723,0.258244,0.090909,0.000000,55.618493,"{""big_bull_line"": 6.5, ""max_close_ret"": 12.0, ""min_close_ret"": -0.5, ""signal_cooldown_days"": 11, ""strong_line"": 2.5, ""x15_multiplier"": 1.1}"
volume_base_breakout,local_optuna_t24_vsplit,002162,fixed_60,60,9,0.666667,0.068300,-0.176900,0.386094,0.000000,0.000000,65.463037,"{""amount_spike_ratio"": 2.0, ""base_ceiling"": 1.2, ""base_floor"": 0.84, ""base_max_days"": 115, ""base_min_days"": 25, ""base_range_max"": 0.31, ""breakout_max_extension"": 1.11, ""breakout_near_high"": 0.98, ""dry_ratio"": 0.5, ""signal_cooldown_days"": 13, ""spike_lookback"": 120, ""spike_ratio"": 3.2, ""warm_ret_max"": 0.26, ""warm_ret_min"": 0.019999999999999997, ""warm_vol_ratio"": 0.85}"
activity_breakout,local_optuna_t24_vsplit,002170,fixed_60,60,18,0.722222,0.100044,-0.095444,1.048196,0.000000,0.000000,71.907645,"{""big_bull_line"": 8.0, ""max_close_ret"": 10.0, ""min_close_ret"": 1.0, ""signal_cooldown_days"": 7, ""strong_line"": 3.5, ""x15_multiplier"": 1.1}"
gs_raw_buy,local_optuna_t24_vsplit,002170,fixed_60,60,40,0.650000,0.052385,-0.088557,0.591537,0.025000,0.000000,67.207683,"{""down_adjust"": 0.99, ""ema_fallback_span"": 6, ""iterations"": 7, ""signal_cooldown_days"": 12, ""up_adjust"": 1.04, ""x3_ma_windows"": [3, 8, 13, 21]}"
activity_breakout,local_optuna_t24_vsplit,002173,fixed_60,60,54,0.611111,0.123759,-0.154217,0.802502,0.037037,0.018519,66.790290,"{""big_bull_line"": 5.5, ""max_close_ret"": 9.0, ""min_close_ret"": -1.0, ""signal_cooldown_days"": 13, ""strong_line"": 4.5, ""x15_multiplier"": 1.5}"
volume_base_breakout,local_optuna_t24_vsplit,002179,formula_exit_or_5,5,10,0.600000,0.018810,-0.020550,0.915328,0.000000,0.000000,51.281323,"{""amount_spike_ratio"": 2.6, ""base_ceiling"": 1.3, ""base_floor"": 0.8, ""base_max_days"": 75, ""base_min_days"": 40, ""base_range_max"": 0.35, ""breakout_max_extension"": 1.06, ""breakout_near_high"": 0.93, ""dry_ratio"": 0.44999999999999996, ""signal_cooldown_days"": 8, ""spike_lookback"": 70, ""spike_ratio"": 2.2, ""warm_ret_max"": 0.18, ""warm_ret_min"": 0.019999999999999997, ""warm_vol_ratio"": 0.85}"
activity_breakout,local_optuna_t24_vsplit,002185,fixed_10,10,15,0.733333,0.050567,-0.049320,1.025277,0.066667,0.000000,71.459719,"{""big_bull_line"": 9.0, ""max_close_ret"": 12.0, ""min_close_ret"": -0.5, ""signal_cooldown_days"": 12, ""strong_line"": 3.5, ""x15_multiplier"": 1.5}"
gs_raw_buy,local_optuna_t24_vsplit,002191,formula_exit_or_5,5,26,0.538462,0.014062,-0.017527,0.802282,0.000000,0.000000,47.196026,"{""down_adjust"": 0.96, ""ema_fallback_span"": 6, ""iterations"": 12, ""signal_cooldown_days"": 16, ""up_adjust"": 1.03, ""x3_ma_windows"": [5, 10, 20, 30]}"
gs_raw_buy,local_optuna_t24_vsplit,002193,fixed_20,20,49,0.551020,0.045371,-0.101249,0.448117,0.020408,0.000000,61.252832,"{""down_adjust"": 0.97, ""ema_fallback_span"": 7, ""iterations"": 6, ""signal_cooldown_days"": 7, ""up_adjust"": 1.03, ""x3_ma_windows"": [3, 8, 13, 21]}"
activity_breakout,local_optuna_t24_vsplit,002195,fixed_60,60,27,0.666667,0.111270,-0.125774,0.884684,0.111111,0.000000,68.312311,"{""big_bull_line"": 8.0, ""max_close_ret"": 12.0, ""min_close_ret"": 1.5, ""signal_cooldown_days"": 13, ""strong_line"": 4.5, ""x15_multiplier"": 1.4}"
activity_breakout,local_optuna_t24_vsplit,002204,fixed_60,60,10,0.500000,0.193860,-0.148860,1.302297,0.000000,0.000000,65.811168,"{""big_bull_line"": 8.5, ""max_close_ret"": 10.0, ""min_close_ret"": -1.0, ""signal_cooldown_days"": 6, ""strong_line"": 4.5, ""x15_multiplier"": 1.0}"
activity_breakout,local_optuna_t24_vsplit,002206,fixed_20,20,16,0.625000,0.074213,-0.058725,1.263729,0.000000,0.000000,70.068646,"{""big_bull_line"": 7.0, ""max_close_ret"": 8.0, ""min_close_ret"": 0.0, ""signal_cooldown_days"": 10, ""strong_line"": 3.5, ""x15_multiplier"": 1.0}"
activity_breakout,local_optuna_t24_vsplit,002211,fixed_20,20,62,0.629032,0.043216,-0.105873,0.408190,0.032258,0.000000,62.197402,"{""big_bull_line"": 6.5, ""max_close_ret"": 14.0, ""min_close_ret"": 0.5, ""signal_cooldown_days"": 8, ""strong_line"": 4.5, ""x15_multiplier"": 1.5}"
gs_raw_buy,local_optuna_t24_vsplit,002214,fixed_30,30,41,0.609756,0.035246,-0.100956,0.349125,0.000000,0.024390,57.417578,"{""down_adjust"": 0.97, ""ema_fallback_span"": 5, ""iterations"": 11, ""signal_cooldown_days"": 9, ""up_adjust"": 1.03, ""x3_ma_windows"": [3, 5, 10, 20]}"
activity_breakout,local_optuna_t24_vsplit,002216,formula_exit_or_20,20,10,0.600000,0.060710,-0.015490,3.919303,0.000000,0.000000,81.896195,"{""big_bull_line"": 7.5, ""max_close_ret"": 10.0, ""min_close_ret"": 1.0, ""signal_cooldown_days"": 14, ""strong_line"": 4.0, ""x15_multiplier"": 1.2}"
volume_base_breakout,local_optuna_t24_vsplit,002218,fixed_5,5,9,0.888889,0.080689,-0.026100,3.091528,0.000000,0.000000,85.656876,"{""amount_spike_ratio"": 2.8, ""base_ceiling"": 1.4, ""base_floor"": 0.78, ""base_max_days"": 110, ""base_min_days"": 30, ""base_range_max"": 0.45, ""breakout_max_extension"": 1.09, ""breakout_near_high"": 0.91, ""dry_ratio"": 0.55, ""signal_cooldown_days"": 15, ""spike_lookback"": 120, ""spike_ratio"": 2.8, ""warm_ret_max"": 0.16, ""warm_ret_min"": 0.019999999999999997, ""warm_vol_ratio"": 0.75}"
activity_breakout,local_optuna_t24_vsplit,002226,fixed_60,60,34,0.529412,0.028141,-0.088329,0.318594,0.000000,0.000000,51.545909,"{""big_bull_line"": 5.5, ""max_close_ret"": 9.0, ""min_close_ret"": 0.5, ""signal_cooldown_days"": 13, ""strong_line"": 3.0, ""x15_multiplier"": 1.5}"
activity_breakout,local_optuna_t24_vsplit,002236,formula_exit_or_60,60,37,0.567568,0.045230,-0.017468,2.589355,0.000000,0.000000,72.588666,"{""big_bull_line"": 7.0, ""max_close_ret"": 11.0, ""min_close_ret"": 1.0, ""signal_cooldown_days"": 14, ""strong_line"": 2.5, ""x15_multiplier"": 1.7000000000000002}"
activity_breakout,local_optuna_t24_vsplit,002244,fixed_10,10,22,0.727273,0.050409,-0.046477,1.084597,0.000000,0.000000,72.241165,"{""big_bull_line"": 8.5, ""max_close_ret"": 13.0, ""min_close_ret"": 1.5, ""signal_cooldown_days"": 12, ""strong_line"": 3.5, ""x15_multiplier"": 1.0}"
gs_pullback_confirm,local_optuna_t24_vsplit,002256,fixed_15,15,28,0.821429,0.099632,-0.069536,1.432820,0.000000,0.000000,76.806956,"{""ma_pull_high"": 1.01, ""ma_pull_low"": 0.7000000000000001, ""maxlen_max"": 16, ""maxrun_max"": 12, ""rate_min"": 25, ""sellpct_max"": 70}"
activity_breakout,local_optuna_t24_vsplit,002268,fixed_15,15,16,0.812500,0.072344,-0.048456,1.492970,0.062500,0.000000,76.214852,"{""big_bull_line"": 9.0, ""max_close_ret"": 13.0, ""min_close_ret"": 2.0, ""signal_cooldown_days"": 13, ""strong_line"": 3.5, ""x15_multiplier"": 1.1}"
gs_raw_buy,local_optuna_t24_vsplit,002271,fixed_5,5,25,0.600000,0.008732,-0.017684,0.493780,0.000000,0.000000,44.834898,"{""down_adjust"": 0.98, ""ema_fallback_span"": 5, ""iterations"": 11, ""signal_cooldown_days"": 15, ""up_adjust"": 1.02, ""x3_ma_windows"": [5, 10, 20, 30]}"
activity_breakout,local_optuna_t24_vsplit,002273,fixed_30,30,14,0.928571,0.092121,-0.077479,1.188992,0.000000,0.000000,78.802105,"{""big_bull_line"": 9.0, ""max_close_ret"": 8.0, ""min_close_ret"": 0.5, ""signal_cooldown_days"": 12, ""strong_line"": 4.5, ""x15_multiplier"": 1.2}"
activity_breakout,local_optuna_t24_vsplit,002274,fixed_5,5,42,0.571429,0.014029,-0.016531,0.848625,0.000000,0.000000,48.400265,"{""big_bull_line"": 5.5, ""max_close_ret"": 9.0, ""min_close_ret"": 1.0, ""signal_cooldown_days"": 11, ""strong_line"": 2.5, ""x15_multiplier"": 1.7000000000000002}"
gs_raw_buy,local_optuna_t24_vsplit,002274,fixed_15,15,30,0.600000,0.010147,-0.038367,0.264466,0.000000,0.000000,44.395662,"{""down_adjust"": 0.97, ""ema_fallback_span"": 6, ""iterations"": 12, ""signal_cooldown_days"": 12, ""up_adjust"": 1.04, ""x3_ma_windows"": [5, 10, 20, 30]}"
activity_breakout,local_optuna_t24_vsplit,002281,fixed_60,60,76,0.657895,0.176218,-0.139457,1.263608,0.039474,0.013158,70.528565,"{""big_bull_line"": 5.0, ""max_close_ret"": 13.0, ""min_close_ret"": 1.0, ""signal_cooldown_days"": 6, ""strong_line"": 4.5, ""x15_multiplier"": 1.3}"
activity_breakout,local_optuna_t24_vsplit,002284,fixed_60,60,82,0.658537,0.068879,-0.131976,0.521909,0.000000,0.000000,67.365643,"{""big_bull_line"": 5.0, ""max_close_ret"": 9.0, ""min_close_ret"": 1.5, ""signal_cooldown_days"": 6, ""strong_line"": 4.0, ""x15_multiplier"": 1.8}"
activity_breakout,local_optuna_t24_vsplit,002290,fixed_60,60,43,0.837209,0.164826,-0.116151,1.419061,0.046512,0.000000,76.746468,"{""big_bull_line"": 5.0, ""max_close_ret"": 12.0, ""min_close_ret"": 2.0, ""signal_cooldown_days"": 14, ""strong_line"": 3.0, ""x15_multiplier"": 1.5}"
activity_breakout,local_optuna_t24_vsplit,002303,fixed_10,10,9,0.777778,0.041556,-0.019778,2.101124,0.000000,0.000000,73.149297,"{""big_bull_line"": 7.0, ""max_close_ret"": 8.0, ""min_close_ret"": -1.0, ""signal_cooldown_days"": 10, ""strong_line"": 3.5, ""x15_multiplier"": 1.0}"
gs_raw_buy,local_optuna_t24_vsplit,002303,formula_exit_or_5,5,39,0.512821,0.010079,-0.009038,1.115177,0.025641,0.051282,45.231015,"{""down_adjust"": 0.97, ""ema_fallback_span"": 4, ""iterations"": 10, ""signal_cooldown_days"": 16, ""up_adjust"": 1.02, ""x3_ma_windows"": [3, 5, 10, 20]}"
gs_raw_buy,local_optuna_t24_vsplit,002307,fixed_60,60,34,0.500000,0.046300,-0.121791,0.380159,0.029412,0.000000,59.756677,"{""down_adjust"": 0.98, ""ema_fallback_span"": 4, ""iterations"": 10, ""signal_cooldown_days"": 16, ""up_adjust"": 1.04, ""x3_ma_windows"": [5, 10, 20, 30]}"
activity_breakout,local_optuna_t24_vsplit,002310,formula_exit_or_5,5,20,0.700000,0.061655,-0.041530,1.484589,0.100000,0.000000,72.422947,"{""big_bull_line"": 8.5, ""max_close_ret"": 8.0, ""min_close_ret"": 1.5, ""signal_cooldown_days"": 11, ""strong_line"": 2.5, ""x15_multiplier"": 1.1}"
gs_pullback_confirm,local_optuna_t24_vsplit,002320,fixed_20,20,14,1.000000,0.210271,-0.031650,6.643647,0.000000,0.000000,95.000000,"{""ma_pull_high"": 1.04, ""ma_pull_low"": 0.8600000000000001, ""maxlen_max"": 24, ""maxrun_max"": 7, ""rate_min"": 25, ""sellpct_max"": 45}"
gs_raw_buy,local_optuna_t24_vsplit,002324,fixed_30,30,33,0.636364,0.048279,-0.094103,0.513042,0.030303,0.000000,65.492482,"{""down_adjust"": 0.96, ""ema_fallback_span"": 5, ""iterations"": 12, ""signal_cooldown_days"": 13, ""up_adjust"": 1.03, ""x3_ma_windows"": [5, 10, 20, 30]}"
volume_base_breakout,local_optuna_t24_vsplit,002328,formula_exit_or_20,20,13,0.538462,0.095800,-0.027831,3.442233,0.000000,0.000000,78.365013,"{""amount_spike_ratio"": 2.0, ""base_ceiling"": 1.28, ""base_floor"": 0.8200000000000001, ""base_max_days"": 65, ""base_min_days"": 35, ""base_range_max"": 0.39, ""breakout_max_extension"": 1.09, ""breakout_near_high"": 0.93, ""dry_ratio"": 0.5, ""signal_cooldown_days"": 9, ""spike_lookback"": 90, ""spike_ratio"": 2.4, ""warm_ret_max"": 0.3, ""warm_ret_min"": 0.03, ""warm_vol_ratio"": 0.8}"
activity_breakout,local_optuna_t24_vsplit,002335,fixed_60,60,37,0.675676,0.156357,-0.155257,1.007085,0.000000,0.000000,70.305695,"{""big_bull_line"": 9.0, ""max_close_ret"": 14.0, ""min_close_ret"": 0.0, ""signal_cooldown_days"": 6, ""strong_line"": 3.5, ""x15_multiplier"": 1.1}"
activity_breakout,local_optuna_t24_vsplit,002339,fixed_60,60,36,0.583333,0.064381,-0.142758,0.450976,0.000000,0.000000,64.754879,"{""big_bull_line"": 7.0, ""max_close_ret"": 8.0, ""min_close_ret"": 1.5, ""signal_cooldown_days"": 11, ""strong_line"": 4.0, ""x15_multiplier"": 1.6}"
activity_breakout,local_optuna_t24_vsplit,002358,fixed_60,60,50,0.680000,0.093736,-0.132784,0.705928,0.040000,0.000000,68.529642,"{""big_bull_line"": 7.0, ""max_close_ret"": 12.0, ""min_close_ret"": 0.0, ""signal_cooldown_days"": 9, ""strong_line"": 2.5, ""x15_multiplier"": 1.7000000000000002}"
gs_raw_buy,local_optuna_t24_vsplit,002360,fixed_5,5,33,0.666667,0.012403,-0.036003,0.344500,0.000000,0.000000,47.924013,"{""down_adjust"": 0.98, ""ema_fallback_span"": 3, ""iterations"": 6, ""signal_cooldown_days"": 15, ""up_adjust"": 1.02, ""x3_ma_windows"": [3, 8, 13, 21]}"
activity_breakout,local_optuna_t24_vsplit,002361,fixed_60,60,43,0.697674,0.179956,-0.099374,1.810887,0.000000,0.000000,74.984666,"{""big_bull_line"": 5.0, ""max_close_ret"": 9.0, ""min_close_ret"": 1.5, ""signal_cooldown_days"": 11, ""strong_line"": 2.5, ""x15_multiplier"": 1.7000000000000002}"
activity_breakout,local_optuna_t24_vsplit,002363,fixed_60,60,77,0.571429,0.042130,-0.139240,0.302570,0.012987,0.000000,59.590770,"{""big_bull_line"": 5.5, ""max_close_ret"": 12.0, ""min_close_ret"": -0.5, ""signal_cooldown_days"": 9, ""strong_line"": 3.0, ""x15_multiplier"": 1.8}"
volume_base_breakout,local_optuna_t24_vsplit,002367,fixed_10,10,13,0.769231,0.025554,-0.019838,1.288096,0.000000,0.000000,62.294327,"{""amount_spike_ratio"": 2.2, ""base_ceiling"": 1.28, ""base_floor"": 0.75, ""base_max_days"": 95, ""base_min_days"": 30, ""base_range_max"": 0.39, ""breakout_max_extension"": 1.08, ""breakout_near_high"": 0.93, ""dry_ratio"": 0.44999999999999996, ""signal_cooldown_days"": 10, ""spike_lookback"": 70, ""spike_ratio"": 2.4, ""warm_ret_max"": 0.2, ""warm_ret_min"": 0.019999999999999997, ""warm_vol_ratio"": 1.05}"
activity_breakout,local_optuna_t24_vsplit,002375,formula_exit_or_5,5,17,0.470588,0.011218,-0.025847,0.434001,0.000000,0.058824,41.308240,"{""big_bull_line"": 8.0, ""max_close_ret"": 9.0, ""min_close_ret"": -1.0, ""signal_cooldown_days"": 6, ""strong_line"": 4.0, ""x15_multiplier"": 1.4}"
activity_breakout,local_optuna_t24_vsplit,002380,fixed_60,60,57,0.789474,0.141361,-0.123058,1.148739,0.035088,0.000000,74.077028,"{""big_bull_line"": 5.5, ""max_close_ret"": 8.0, ""min_close_ret"": 2.0, ""signal_cooldown_days"": 8, ""strong_line"": 4.0, ""x15_multiplier"": 1.7000000000000002}"
activity_breakout,local_optuna_t24_vsplit,002383,fixed_30,30,47,0.574468,0.042349,-0.113066,0.374551,0.021277,0.000000,60.068498,"{""big_bull_line"": 6.0, ""max_close_ret"": 14.0, ""min_close_ret"": 1.0, ""signal_cooldown_days"": 14, ""strong_line"": 2.5, ""x15_multiplier"": 1.5}"
volume_base_breakout,local_optuna_t24_vsplit,002393,fixed_5,5,12,0.916667,0.014800,-0.185325,0.079860,0.083333,0.000000,54.465965,"{""amount_spike_ratio"": 2.8, ""base_ceiling"": 1.44, ""base_floor"": 0.75, ""base_max_days"": 95, ""base_min_days"": 45, ""base_range_max"": 0.33, ""breakout_max_extension"": 1.06, ""breakout_near_high"": 0.91, ""dry_ratio"": 0.39999999999999997, ""signal_cooldown_days"": 11, ""spike_lookback"": 120, ""spike_ratio"": 2.4, ""warm_ret_max"": 0.2, ""warm_ret_min"": 0.01, ""warm_vol_ratio"": 0.9}"
activity_breakout,local_optuna_t24_vsplit,002395,fixed_60,60,34,0.617647,0.102000,-0.126362,0.807206,0.000000,0.000000,67.565443,"{""big_bull_line"": 7.5, ""max_close_ret"": 9.0, ""min_close_ret"": 1.0, ""signal_cooldown_days"": 12, ""strong_line"": 2.5, ""x15_multiplier"": 1.6}"
gs_raw_buy,local_optuna_t24_vsplit,002408,fixed_20,20,33,0.545455,0.018655,-0.054955,0.339454,0.000000,0.000000,47.388180,"{""down_adjust"": 0.97, ""ema_fallback_span"": 5, ""iterations"": 10, ""signal_cooldown_days"": 16, ""up_adjust"": 1.03, ""x3_ma_windows"": [5, 10, 20, 30]}"
activity_breakout,local_optuna_t24_vsplit,002415,formula_exit_or_5,5,47,0.489362,0.008000,-0.012757,0.627085,0.000000,0.000000,41.816275,"{""big_bull_line"": 6.5, ""max_close_ret"": 10.0, ""min_close_ret"": -1.0, ""signal_cooldown_days"": 9, ""strong_line"": 2.5, ""x15_multiplier"": 1.8}"
activity_breakout,local_optuna_t24_vsplit,002419,fixed_5,5,45,0.577778,0.017562,-0.029191,0.601629,0.000000,0.000000,49.122590,"{""big_bull_line"": 5.5, ""max_close_ret"": 13.0, ""min_close_ret"": 1.5, ""signal_cooldown_days"": 7, ""strong_line"": 3.5, ""x15_multiplier"": 1.7000000000000002}"
activity_breakout,local_optuna_t24_vsplit,002424,fixed_30,30,48,0.541667,0.052269,-0.084160,0.621061,0.000000,0.000000,64.355305,"{""big_bull_line"": 5.5, ""max_close_ret"": 9.0, ""min_close_ret"": 2.0, ""signal_cooldown_days"": 8, ""strong_line"": 2.5, ""x15_multiplier"": 1.5}"
activity_breakout,local_optuna_t24_vsplit,002438,formula_exit_or_10,10,47,0.595745,0.012994,-0.023845,0.544927,0.000000,0.021277,46.881019,"{""big_bull_line"": 6.0, ""max_close_ret"": 13.0, ""min_close_ret"": 0.0, ""signal_cooldown_days"": 12, ""strong_line"": 4.0, ""x15_multiplier"": 1.3}"
gs_pullback_confirm,local_optuna_t24_vsplit,002446,fixed_60,60,15,1.000000,0.222800,-0.074513,2.990069,0.000000,0.000000,89.950344,"{""ma_pull_high"": 1.01, ""ma_pull_low"": 0.8200000000000001, ""maxlen_max"": 24, ""maxrun_max"": 8, ""rate_min"": 60, ""sellpct_max"": 70}"
volume_base_breakout,local_optuna_t24_vsplit,002446,fixed_30,30,10,1.000000,0.173380,-0.037780,4.589201,0.000000,0.000000,94.299681,"{""amount_spike_ratio"": 2.6, ""base_ceiling"": 1.48, ""base_floor"": 0.81, ""base_max_days"": 100, ""base_min_days"": 30, ""base_range_max"": 0.27, ""breakout_max_extension"": 1.12, ""breakout_near_high"": 0.91, ""dry_ratio"": 0.5, ""signal_cooldown_days"": 11, ""spike_lookback"": 120, ""spike_ratio"": 2.0, ""warm_ret_max"": 0.3, ""warm_ret_min"": 0.01, ""warm_vol_ratio"": 0.85}"
activity_breakout,local_optuna_t24_vsplit,002453,fixed_5,5,22,0.681818,0.049073,-0.058405,0.840221,0.045455,0.000000,68.737469,"{""big_bull_line"": 9.0, ""max_close_ret"": 14.0, ""min_close_ret"": 1.5, ""signal_cooldown_days"": 11, ""strong_line"": 4.0, ""x15_multiplier"": 1.1}"
activity_breakout,local_optuna_t24_vsplit,002455,formula_exit_or_20,20,30,0.633333,0.072677,-0.034760,2.090813,0.000000,0.000000,74.454066,"{""big_bull_line"": 7.0, ""max_close_ret"": 12.0, ""min_close_ret"": -0.5, ""signal_cooldown_days"": 13, ""strong_line"": 3.5, ""x15_multiplier"": 1.4}"
gs_raw_buy,local_optuna_t24_vsplit,002462,fixed_20,20,39,0.666667,0.018795,-0.047874,0.392587,0.000000,0.000000,51.360373,"{""down_adjust"": 0.96, ""ema_fallback_span"": 3, ""iterations"": 11, ""signal_cooldown_days"": 14, ""up_adjust"": 1.03, ""x3_ma_windows"": [3, 5, 10, 20]}"
activity_breakout,local_optuna_t24_vsplit,002480,fixed_60,60,52,0.519231,0.056892,-0.138725,0.410109,0.038462,0.000000,62.242850,"{""big_bull_line"": 5.5, ""max_close_ret"": 14.0, ""min_close_ret"": 0.5, ""signal_cooldown_days"": 6, ""strong_line"": 4.0, ""x15_multiplier"": 1.0}"
gs_pullback_confirm,local_optuna_t24_vsplit,002485,fixed_30,30,11,1.000000,0.102082,-0.053945,1.892315,0.000000,0.000000,84.461577,"{""ma_pull_high"": 1.0, ""ma_pull_low"": 0.78, ""maxlen_max"": 10, ""maxrun_max"": 8, ""rate_min"": 45, ""sellpct_max"": 50}"
activity_breakout,local_optuna_t24_vsplit,002491,fixed_20,20,32,0.656250,0.088794,-0.089791,0.988898,0.000000,0.000000,69.631989,"{""big_bull_line"": 6.5, ""max_close_ret"": 13.0, ""min_close_ret"": -1.0, ""signal_cooldown_days"": 11, ""strong_line"": 3.5, ""x15_multiplier"": 1.0}"
gs_pullback_confirm,local_optuna_t24_vsplit,002492,fixed_60,60,17,1.000000,0.236859,-0.052682,4.495980,0.000000,0.000000,95.000000,"{""ma_pull_high"": 1.0, ""ma_pull_low"": 0.8200000000000001, ""maxlen_max"": 23, ""maxrun_max"": 8, ""rate_min"": 50, ""sellpct_max"": 50}"
activity_breakout,local_optuna_t24_vsplit,002494,formula_exit_or_15,15,81,0.592593,0.022164,-0.032821,0.675306,0.000000,0.012346,52.112948,"{""big_bull_line"": 5.0, ""max_close_ret"": 12.0, ""min_close_ret"": 0.0, ""signal_cooldown_days"": 8, ""strong_line"": 3.0, ""x15_multiplier"": 1.7000000000000002}"
gs_pullback_confirm,local_optuna_t24_vsplit,002494,fixed_60,60,16,1.000000,0.103350,-0.099594,1.037716,0.000000,0.000000,80.188579,"{""ma_pull_high"": 0.98, ""ma_pull_low"": 0.9, ""maxlen_max"": 18, ""maxrun_max"": 7, ""rate_min"": 25, ""sellpct_max"": 45}"
activity_breakout,local_optuna_t24_vsplit,002496,formula_exit_or_20,20,79,0.594937,0.034481,-0.034084,1.011662,0.012658,0.000000,60.020333,"{""big_bull_line"": 5.0, ""max_close_ret"": 8.0, ""min_close_ret"": -1.0, ""signal_cooldown_days"": 7, ""strong_line"": 3.0, ""x15_multiplier"": 1.7000000000000002}"
activity_breakout,local_optuna_t24_vsplit,002508,fixed_10,10,25,0.720000,0.035844,-0.007600,4.716316,0.040000,0.000000,79.122000,"{""big_bull_line"": 6.5, ""max_close_ret"": 13.0, ""min_close_ret"": 2.0, ""signal_cooldown_days"": 13, ""strong_line"": 4.0, ""x15_multiplier"": 1.4}"
activity_breakout,local_optuna_t24_vsplit,002513,fixed_60,60,66,0.530303,0.069253,-0.153152,0.452186,0.015152,0.030303,62.715477,"{""big_bull_line"": 5.5, ""max_close_ret"": 10.0, ""min_close_ret"": 1.5, ""signal_cooldown_days"": 7, ""strong_line"": 3.0, ""x15_multiplier"": 1.7000000000000002}"
gs_pullback_confirm,local_optuna_t24_vsplit,002515,formula_exit_or_10,10,12,1.000000,0.100950,-0.024000,4.206250,0.000000,0.000000,95.000000,"{""ma_pull_high"": 0.99, ""ma_pull_low"": 0.9, ""maxlen_max"": 24, ""maxrun_max"": 10, ""rate_min"": 25, ""sellpct_max"": 75}"
activity_breakout,local_optuna_t24_vsplit,002517,fixed_30,30,24,0.750000,0.141850,-0.067233,2.109817,0.000000,0.000000,78.049083,"{""big_bull_line"": 9.0, ""max_close_ret"": 13.0, ""min_close_ret"": 2.0, ""signal_cooldown_days"": 9, ""strong_line"": 4.5, ""x15_multiplier"": 1.1}"
activity_breakout,local_optuna_t24_vsplit,002523,fixed_30,30,25,0.600000,0.056416,-0.091532,0.616353,0.000000,0.000000,66.081764,"{""big_bull_line"": 8.5, ""max_close_ret"": 9.0, ""min_close_ret"": 1.0, ""signal_cooldown_days"": 13, ""strong_line"": 3.5, ""x15_multiplier"": 1.6}"
activity_breakout,local_optuna_t24_vsplit,002528,fixed_30,30,14,0.714286,0.153821,-0.161279,0.953762,0.000000,0.071429,70.483097,"{""big_bull_line"": 9.0, ""max_close_ret"": 9.0, ""min_close_ret"": 1.0, ""signal_cooldown_days"": 12, ""strong_line"": 3.5, ""x15_multiplier"": 1.0}"
activity_breakout,local_optuna_t24_vsplit,002531,fixed_10,10,16,0.687500,0.044094,-0.068606,0.642707,0.062500,0.000000,65.260412,"{""big_bull_line"": 8.5, ""max_close_ret"": 10.0, ""min_close_ret"": 0.0, ""signal_cooldown_days"": 10, ""strong_line"": 3.0, ""x15_multiplier"": 1.0}"
activity_breakout,local_optuna_t24_vsplit,002535,fixed_60,60,45,0.644444,0.079696,-0.128276,0.621284,0.000000,0.000000,67.439754,"{""big_bull_line"": 7.0, ""max_close_ret"": 9.0, ""min_close_ret"": 0.0, ""signal_cooldown_days"": 8, ""strong_line"": 4.0, ""x15_multiplier"": 1.6}"
activity_breakout,local_optuna_t24_vsplit,002536,fixed_60,60,74,0.729730,0.179492,-0.120238,1.492807,0.040541,0.013514,73.815387,"{""big_bull_line"": 6.0, ""max_close_ret"": 14.0, ""min_close_ret"": 1.0, ""signal_cooldown_days"": 6, ""strong_line"": 3.0, ""x15_multiplier"": 1.5}"
gs_raw_buy,local_optuna_t24_vsplit,002540,formula_exit_or_30,30,26,0.576923,0.042577,-0.021854,1.948258,0.000000,0.000000,68.337442,"{""down_adjust"": 0.96, ""ema_fallback_span"": 7, ""iterations"": 6, ""signal_cooldown_days"": 16, ""up_adjust"": 1.03, ""x3_ma_windows"": [5, 10, 20, 30]}"
activity_breakout,local_optuna_t24_vsplit,002541,fixed_20,20,28,0.535714,0.030764,-0.078782,0.390498,0.000000,0.000000,53.406062,"{""big_bull_line"": 8.5, ""max_close_ret"": 12.0, ""min_close_ret"": 1.0, ""signal_cooldown_days"": 6, ""strong_line"": 4.0, ""x15_multiplier"": 1.1}"
gs_pullback_confirm,local_optuna_t24_vsplit,002546,fixed_60,60,12,1.000000,0.192508,-0.091533,2.103150,0.000000,0.000000,85.515750,"{""ma_pull_high"": 0.98, ""ma_pull_low"": 0.8400000000000001, ""maxlen_max"": 22, ""maxrun_max"": 7, ""rate_min"": 40, ""sellpct_max"": 50}"
gs_pullback_confirm,local_optuna_t24_vsplit,002553,fixed_60,60,13,1.000000,0.515223,-0.121992,4.223406,0.076923,0.000000,94.230769,"{""ma_pull_high"": 1.04, ""ma_pull_low"": 0.74, ""maxlen_max"": 23, ""maxrun_max"": 11, ""rate_min"": 50, ""sellpct_max"": 60}"
gs_pullback_confirm,local_optuna_t24_vsplit,002558,fixed_60,60,9,1.000000,0.443656,-0.087700,5.058786,0.000000,0.000000,93.532568,"{""ma_pull_high"": 0.98, ""ma_pull_low"": 0.8800000000000001, ""maxlen_max"": 24, ""maxrun_max"": 5, ""rate_min"": 30, ""sellpct_max"": 60}"
activity_breakout,local_optuna_t24_vsplit,002561,formula_exit_or_10,10,45,0.555556,0.034924,-0.028613,1.220565,0.044444,0.022222,59.565049,"{""big_bull_line"": 5.5, ""max_close_ret"": 12.0, ""min_close_ret"": 1.0, ""signal_cooldown_days"": 12, ""strong_line"": 4.5, ""x15_multiplier"": 1.5}"
gs_pullback_confirm,local_optuna_t24_vsplit,002569,fixed_60,60,12,1.000000,0.415600,-0.092625,4.486910,0.000000,0.000000,95.000000,"{""ma_pull_high"": 1.04, ""ma_pull_low"": 0.8600000000000001, ""maxlen_max"": 20, ""maxrun_max"": 8, ""rate_min"": 25, ""sellpct_max"": 75}"
gs_raw_buy,local_optuna_t24_vsplit,002573,fixed_15,15,28,0.571429,0.008154,-0.043282,0.188382,0.000000,0.000000,42.161552,"{""down_adjust"": 0.97, ""ema_fallback_span"": 7, ""iterations"": 8, ""signal_cooldown_days"": 16, ""up_adjust"": 1.04, ""x3_ma_windows"": [5, 10, 20, 30]}"
activity_breakout,local_optuna_t24_vsplit,002575,fixed_60,60,42,0.642857,0.067607,-0.147469,0.458450,0.023810,0.000000,66.339868,"{""big_bull_line"": 6.0, ""max_close_ret"": 9.0, ""min_close_ret"": 0.0, ""signal_cooldown_days"": 13, ""strong_line"": 3.0, ""x15_multiplier"": 1.4}"
activity_breakout,local_optuna_t24_vsplit,002578,fixed_5,5,30,0.733333,0.040837,-0.042540,0.959959,0.000000,0.000000,67.218130,"{""big_bull_line"": 6.0, ""max_close_ret"": 9.0, ""min_close_ret"": 0.5, ""signal_cooldown_days"": 11, ""strong_line"": 4.5, ""x15_multiplier"": 1.1}"
activity_breakout,local_optuna_t24_vsplit,002589,formula_exit_or_5,5,40,0.650000,0.024435,-0.022133,1.104033,0.000000,0.000000,57.237663,"{""big_bull_line"": 6.0, ""max_close_ret"": 8.0, ""min_close_ret"": -1.0, ""signal_cooldown_days"": 8, ""strong_line"": 4.5, ""x15_multiplier"": 1.5}"
activity_breakout,local_optuna_t24_vsplit,002592,formula_exit_or_10,10,81,0.469136,0.016786,-0.032588,0.515116,0.000000,0.000000,45.042864,"{""big_bull_line"": 6.0, ""max_close_ret"": 11.0, ""min_close_ret"": -1.0, ""signal_cooldown_days"": 8, ""strong_line"": 2.5, ""x15_multiplier"": 1.8}"
activity_breakout,local_optuna_t24_vsplit,002593,formula_exit_or_10,10,50,0.660000,0.027734,-0.022366,1.240007,0.020000,0.040000,59.267036,"{""big_bull_line"": 6.0, ""max_close_ret"": 12.0, ""min_close_ret"": 1.0, ""signal_cooldown_days"": 11, ""strong_line"": 4.0, ""x15_multiplier"": 1.8}"
activity_breakout,local_optuna_t24_vsplit,002594,fixed_5,5,40,0.650000,0.064657,-0.033415,1.934984,0.000000,0.000000,74.174921,"{""big_bull_line"": 6.0, ""max_close_ret"": 10.0, ""min_close_ret"": -1.0, ""signal_cooldown_days"": 12, ""strong_line"": 3.0, ""x15_multiplier"": 1.4}"
gs_raw_buy,local_optuna_t24_vsplit,002595,fixed_60,60,33,0.787879,0.151097,-0.070942,2.129853,0.000000,0.000000,79.285631,"{""down_adjust"": 0.97, ""ema_fallback_span"": 3, ""iterations"": 7, ""signal_cooldown_days"": 8, ""up_adjust"": 1.01, ""x3_ma_windows"": [3, 8, 13, 21]}"
activity_breakout,local_optuna_t24_vsplit,002600,fixed_10,10,25,0.800000,0.057448,-0.049652,1.157013,0.000000,0.000000,74.785064,"{""big_bull_line"": 6.5, ""max_close_ret"": 9.0, ""min_close_ret"": 0.0, ""signal_cooldown_days"": 12, ""strong_line"": 3.5, ""x15_multiplier"": 1.1}"
activity_breakout,local_optuna_t24_vsplit,002609,fixed_10,10,46,0.630435,0.018948,-0.049491,0.382852,0.000000,0.000000,50.301215,"{""big_bull_line"": 6.5, ""max_close_ret"": 9.0, ""min_close_ret"": 1.0, ""signal_cooldown_days"": 13, ""strong_line"": 3.0, ""x15_multiplier"": 1.7000000000000002}"
activity_breakout,local_optuna_t24_vsplit,002615,fixed_60,60,34,0.588235,0.043732,-0.116012,0.376965,0.000000,0.000000,61.398059,"{""big_bull_line"": 6.0, ""max_close_ret"": 12.0, ""min_close_ret"": 2.0, ""signal_cooldown_days"": 14, ""strong_line"": 4.5, ""x15_multiplier"": 1.5}"
volume_base_breakout,local_optuna_t24_vsplit,002616,fixed_15,15,9,1.000000,0.084389,-0.029178,2.892232,0.000000,0.000000,87.993726,"{""amount_spike_ratio"": 3.2, ""base_ceiling"": 1.38, ""base_floor"": 0.78, ""base_max_days"": 105, ""base_min_days"": 25, ""base_range_max"": 0.37, ""breakout_max_extension"": 1.07, ""breakout_near_high"": 0.93, ""dry_ratio"": 0.5, ""signal_cooldown_days"": 18, ""spike_lookback"": 70, ""spike_ratio"": 2.6, ""warm_ret_max"": 0.16, ""warm_ret_min"": 0.01, ""warm_vol_ratio"": 0.85}"
activity_breakout,local_optuna_t24_vsplit,002620,fixed_60,60,49,0.591837,0.127124,-0.147120,0.864085,0.000000,0.000000,67.075525,"{""big_bull_line"": 7.5, ""max_close_ret"": 8.0, ""min_close_ret"": 0.5, ""signal_cooldown_days"": 10, ""strong_line"": 3.0, ""x15_multiplier"": 1.7000000000000002}"
activity_breakout,local_optuna_t24_vsplit,002623,formula_exit_or_20,20,15,0.666667,0.083073,-0.025873,3.210770,0.000000,0.000000,81.053852,"{""big_bull_line"": 8.5, ""max_close_ret"": 8.0, ""min_close_ret"": 1.5, ""signal_cooldown_days"": 10, ""strong_line"": 3.0, ""x15_multiplier"": 1.1}"
gs_raw_buy,local_optuna_t24_vsplit,002628,fixed_20,20,35,0.514286,0.045866,-0.075686,0.606002,0.028571,0.000000,61.105726,"{""down_adjust"": 0.98, ""ema_fallback_span"": 3, ""iterations"": 8, ""signal_cooldown_days"": 16, ""up_adjust"": 1.04, ""x3_ma_windows"": [3, 8, 13, 21]}"
gs_pullback_confirm,local_optuna_t24_vsplit,002629,fixed_60,60,12,0.916667,0.202042,-0.106808,1.891628,0.000000,0.000000,81.958142,"{""ma_pull_high"": 0.99, ""ma_pull_low"": 0.8200000000000001, ""maxlen_max"": 18, ""maxrun_max"": 6, ""rate_min"": 25, ""sellpct_max"": 70}"
activity_breakout,local_optuna_t24_vsplit,002632,fixed_60,60,63,0.603175,0.053375,-0.111229,0.479864,0.031746,0.015873,65.018368,"{""big_bull_line"": 6.5, ""max_close_ret"": 8.0, ""min_close_ret"": 0.0, ""signal_cooldown_days"": 7, ""strong_line"": 4.0, ""x15_multiplier"": 1.7000000000000002}"
volume_base_breakout,local_optuna_t24_vsplit,002632,fixed_5,5,11,0.909091,0.072573,-0.021618,3.357023,0.090909,0.000000,88.148750,"{""amount_spike_ratio"": 2.0, ""base_ceiling"": 1.42, ""base_floor"": 0.84, ""base_max_days"": 80, ""base_min_days"": 35, ""base_range_max"": 0.25, ""breakout_max_extension"": 1.08, ""breakout_near_high"": 0.9500000000000001, ""dry_ratio"": 0.39999999999999997, ""signal_cooldown_days"": 8, ""spike_lookback"": 90, ""spike_ratio"": 2.8, ""warm_ret_max"": 0.3, ""warm_ret_min"": 0.01, ""warm_vol_ratio"": 1.05}"
volume_base_breakout,local_optuna_t24_vsplit,002633,formula_exit_or_20,20,11,0.636364,0.085536,-0.030855,2.772245,0.000000,0.000000,77.952135,"{""amount_spike_ratio"": 2.4, ""base_ceiling"": 1.4, ""base_floor"": 0.75, ""base_max_days"": 65, ""base_min_days"": 25, ""base_range_max"": 0.25, ""breakout_max_extension"": 1.1, ""breakout_near_high"": 0.9400000000000001, ""dry_ratio"": 0.5, ""signal_cooldown_days"": 13, ""spike_lookback"": 90, ""spike_ratio"": 2.4, ""warm_ret_max"": 0.2, ""warm_ret_min"": 0.019999999999999997, ""warm_vol_ratio"": 0.8}"
activity_breakout,local_optuna_t24_vsplit,002637,formula_exit_or_10,10,16,0.625000,0.026188,-0.030050,0.871464,0.000000,0.000000,56.201071,"{""big_bull_line"": 7.0, ""max_close_ret"": 13.0, ""min_close_ret"": 0.0, ""signal_cooldown_days"": 12, ""strong_line"": 2.5, ""x15_multiplier"": 1.0}"
gs_raw_buy,local_optuna_t24_vsplit,002637,fixed_10,10,25,0.720000,0.032092,-0.031732,1.011345,0.040000,0.000000,62.302725,"{""down_adjust"": 0.96, ""ema_fallback_span"": 4, ""iterations"": 11, ""signal_cooldown_days"": 16, ""up_adjust"": 1.01, ""x3_ma_windows"": [5, 10, 20, 30]}"
activity_breakout,local_optuna_t24_vsplit,002641,formula_exit_or_5,5,56,0.625000,0.018345,-0.013541,1.354741,0.000000,0.000000,54.696026,"{""big_bull_line"": 5.0, ""max_close_ret"": 10.0, ""min_close_ret"": 1.0, ""signal_cooldown_days"": 7, ""strong_line"": 4.0, ""x15_multiplier"": 1.8}"
gs_raw_buy,local_optuna_t24_vsplit,002642,fixed_60,60,44,0.522727,0.048055,-0.153350,0.313365,0.000000,0.022727,61.048644,"{""down_adjust"": 0.99, ""ema_fallback_span"": 3, ""iterations"": 7, ""signal_cooldown_days"": 9, ""up_adjust"": 1.03, ""x3_ma_windows"": [3, 8, 13, 21]}"
activity_breakout,local_optuna_t24_vsplit,002660,fixed_60,60,22,0.590909,0.044145,-0.154345,0.286017,0.045455,0.000000,60.775541,"{""big_bull_line"": 8.5, ""max_close_ret"": 8.0, ""min_close_ret"": 1.5, ""signal_cooldown_days"": 11, ""strong_line"": 3.5, ""x15_multiplier"": 1.3}"
activity_breakout,local_optuna_t24_vsplit,002662,fixed_5,5,11,0.909091,0.061655,-0.026700,2.309159,0.000000,0.000000,83.818522,"{""big_bull_line"": 9.0, ""max_close_ret"": 9.0, ""min_close_ret"": 0.0, ""signal_cooldown_days"": 12, ""strong_line"": 4.0, ""x15_multiplier"": 1.5}"
activity_breakout,local_optuna_t24_vsplit,002664,fixed_20,20,31,0.709677,0.072681,-0.083571,0.869688,0.032258,0.000000,70.316181,"{""big_bull_line"": 7.0, ""max_close_ret"": 10.0, ""min_close_ret"": 1.5, ""signal_cooldown_days"": 8, ""strong_line"": 4.0, ""x15_multiplier"": 1.1}"
activity_breakout,local_optuna_t24_vsplit,002670,fixed_30,30,35,0.657143,0.063994,-0.094351,0.678255,0.028571,0.000000,67.819844,"{""big_bull_line"": 6.0, ""max_close_ret"": 8.0, ""min_close_ret"": 0.0, ""signal_cooldown_days"": 9, ""strong_line"": 3.5, ""x15_multiplier"": 1.0}"
gs_pullback_confirm,local_optuna_t24_vsplit,002672,fixed_60,60,14,1.000000,0.077193,-0.057764,1.336342,0.000000,0.000000,81.681711,"{""ma_pull_high"": 0.99, ""ma_pull_low"": 0.7200000000000001, ""maxlen_max"": 23, ""maxrun_max"": 9, ""rate_min"": 25, ""sellpct_max"": 55}"
activity_breakout,local_optuna_t24_vsplit,002678,fixed_20,20,12,0.833333,0.068008,-0.056975,1.193652,0.000000,0.000000,75.968261,"{""big_bull_line"": 8.0, ""max_close_ret"": 8.0, ""min_close_ret"": 0.5, ""signal_cooldown_days"": 11, ""strong_line"": 2.5, ""x15_multiplier"": 1.0}"
volume_base_breakout,local_optuna_t24_vsplit,002679,fixed_60,60,17,0.705882,0.087512,-0.086465,1.012110,0.000000,0.000000,71.237019,"{""amount_spike_ratio"": 2.8, ""base_ceiling"": 1.24, ""base_floor"": 0.8200000000000001, ""base_max_days"": 105, ""base_min_days"": 25, ""base_range_max"": 0.45, ""breakout_max_extension"": 1.07, ""breakout_near_high"": 0.9, ""dry_ratio"": 0.35, ""signal_cooldown_days"": 16, ""spike_lookback"": 90, ""spike_ratio"": 3.0, ""warm_ret_max"": 0.18, ""warm_ret_min"": 0.01, ""warm_vol_ratio"": 0.8}"
gs_raw_buy,local_optuna_t24_vsplit,002689,fixed_30,30,43,0.604651,0.050951,-0.111842,0.455564,0.023256,0.000000,65.184798,"{""down_adjust"": 0.98, ""ema_fallback_span"": 6, ""iterations"": 7, ""signal_cooldown_days"": 9, ""up_adjust"": 1.01, ""x3_ma_windows"": [3, 8, 13, 21]}"
activity_breakout,local_optuna_t24_vsplit,002695,fixed_60,60,15,0.800000,0.062827,-0.102467,0.613142,0.000000,0.000000,72.065712,"{""big_bull_line"": 8.0, ""max_close_ret"": 10.0, ""min_close_ret"": -1.0, ""signal_cooldown_days"": 11, ""strong_line"": 3.5, ""x15_multiplier"": 1.2}"
gs_raw_buy,local_optuna_t24_vsplit,002696,fixed_60,60,40,0.625000,0.043143,-0.125255,0.344437,0.025000,0.000000,61.793437,"{""down_adjust"": 0.97, ""ema_fallback_span"": 6, ""iterations"": 8, ""signal_cooldown_days"": 6, ""up_adjust"": 1.04, ""x3_ma_windows"": [3, 8, 13, 21]}"
activity_breakout,local_optuna_t24_vsplit,002707,fixed_60,60,53,0.566038,0.028755,-0.148591,0.193516,0.018868,0.000000,52.137394,"{""big_bull_line"": 5.5, ""max_close_ret"": 9.0, ""min_close_ret"": -0.5, ""signal_cooldown_days"": 11, ""strong_line"": 4.5, ""x15_multiplier"": 1.5}"
gs_pullback_confirm,local_optuna_t24_vsplit,002707,fixed_15,15,13,0.692308,0.075623,-0.087392,0.865329,0.000000,0.000000,70.095875,"{""ma_pull_high"": 0.99, ""ma_pull_low"": 0.8200000000000001, ""maxlen_max"": 15, ""maxrun_max"": 10, ""rate_min"": 25, ""sellpct_max"": 60}"
activity_breakout,local_optuna_t24_vsplit,002715,fixed_60,60,16,0.687500,0.199050,-0.159837,1.245327,0.125000,0.000000,70.601636,"{""big_bull_line"": 9.0, ""max_close_ret"": 10.0, ""min_close_ret"": 0.5, ""signal_cooldown_days"": 12, ""strong_line"": 3.0, ""x15_multiplier"": 1.0}"
activity_breakout,local_optuna_t24_vsplit,002718,fixed_60,60,38,0.842105,0.341105,-0.124466,2.740554,0.000000,0.000000,83.965930,"{""big_bull_line"": 8.5, ""max_close_ret"": 8.0, ""min_close_ret"": 1.5, ""signal_cooldown_days"": 6, ""strong_line"": 3.5, ""x15_multiplier"": 1.6}"
activity_breakout,local_optuna_t24_vsplit,002719,formula_exit_or_5,5,46,0.630435,0.039637,-0.043298,0.915449,0.021739,0.000000,63.091376,"{""big_bull_line"": 9.0, ""max_close_ret"": 14.0, ""min_close_ret"": -0.5, ""signal_cooldown_days"": 13, ""strong_line"": 3.5, ""x15_multiplier"": 1.8}"
activity_breakout,local_optuna_t24_vsplit,002725,fixed_60,60,55,0.563636,0.053007,-0.147104,0.360340,0.036364,0.036364,62.983516,"{""big_bull_line"": 5.0, ""max_close_ret"": 8.0, ""min_close_ret"": -1.0, ""signal_cooldown_days"": 13, ""strong_line"": 4.0, ""x15_multiplier"": 1.6}"
activity_breakout,local_optuna_t24_vsplit,002729,formula_exit_or_5,5,45,0.533333,0.016162,-0.028449,0.568114,0.066667,0.000000,46.255016,"{""big_bull_line"": 5.0, ""max_close_ret"": 12.0, ""min_close_ret"": 2.0, ""signal_cooldown_days"": 14, ""strong_line"": 4.0, ""x15_multiplier"": 1.6}"
gs_pullback_confirm,local_optuna_t24_vsplit,002738,fixed_10,10,21,1.000000,0.115114,-0.036800,3.128106,0.000000,0.000000,90.640528,"{""ma_pull_high"": 1.0, ""ma_pull_low"": 0.8, ""maxlen_max"": 14, ""maxrun_max"": 5, ""rate_min"": 50, ""sellpct_max"": 60}"
activity_breakout,local_optuna_t24_vsplit,002742,formula_exit_or_10,10,21,0.619048,0.069457,-0.033190,2.092683,0.000000,0.000000,74.034843,"{""big_bull_line"": 7.5, ""max_close_ret"": 12.0, ""min_close_ret"": 0.5, ""signal_cooldown_days"": 13, ""strong_line"": 3.5, ""x15_multiplier"": 1.1}"
activity_breakout,local_optuna_t24_vsplit,002745,formula_exit_or_5,5,33,0.666667,0.020636,-0.020230,1.020072,0.000000,0.000000,55.418541,"{""big_bull_line"": 7.5, ""max_close_ret"": 11.0, ""min_close_ret"": -0.5, ""signal_cooldown_days"": 12, ""strong_line"": 3.0, ""x15_multiplier"": 1.6}"
volume_base_breakout,local_optuna_t24_vsplit,002746,formula_exit_or_5,5,12,0.500000,0.002200,-0.010450,0.210526,0.000000,0.000000,37.152632,"{""amount_spike_ratio"": 3.0, ""base_ceiling"": 1.4, ""base_floor"": 0.88, ""base_max_days"": 100, ""base_min_days"": 20, ""base_range_max"": 0.25, ""breakout_max_extension"": 1.1, ""breakout_near_high"": 0.92, ""dry_ratio"": 0.39999999999999997, ""signal_cooldown_days"": 11, ""spike_lookback"": 70, ""spike_ratio"": 2.4, ""warm_ret_max"": 0.24, ""warm_ret_min"": 0.019999999999999997, ""warm_vol_ratio"": 1.05}"
volume_base_breakout,local_optuna_t24_vsplit,002747,fixed_10,10,9,0.888889,0.096433,-0.039167,2.462128,0.000000,0.000000,82.509873,"{""amount_spike_ratio"": 2.2, ""base_ceiling"": 1.44, ""base_floor"": 0.86, ""base_max_days"": 110, ""base_min_days"": 35, ""base_range_max"": 0.43, ""breakout_max_extension"": 1.06, ""breakout_near_high"": 0.92, ""dry_ratio"": 0.5, ""signal_cooldown_days"": 11, ""spike_lookback"": 120, ""spike_ratio"": 2.6, ""warm_ret_max"": 0.18, ""warm_ret_min"": 0.0, ""warm_vol_ratio"": 1.0}"
activity_breakout,local_optuna_t24_vsplit,002766,fixed_10,10,44,0.568182,0.039050,-0.068782,0.567737,0.022727,0.000000,59.181868,"{""big_bull_line"": 5.5, ""max_close_ret"": 10.0, ""min_close_ret"": 0.0, ""signal_cooldown_days"": 11, ""strong_line"": 3.5, ""x15_multiplier"": 1.2}"
gs_raw_buy,local_optuna_t24_vsplit,002769,fixed_60,60,35,0.600000,0.068640,-0.159143,0.431311,0.028571,0.028571,64.585124,"{""down_adjust"": 0.99, ""ema_fallback_span"": 6, ""iterations"": 6, ""signal_cooldown_days"": 14, ""up_adjust"": 1.01, ""x3_ma_windows"": [3, 8, 13, 21]}"
activity_breakout,local_optuna_t24_vsplit,002772,fixed_60,60,15,0.866667,0.126233,-0.103500,1.219646,0.133333,0.000000,75.764895,"{""big_bull_line"": 7.5, ""max_close_ret"": 9.0, ""min_close_ret"": 0.5, ""signal_cooldown_days"": 10, ""strong_line"": 3.0, ""x15_multiplier"": 1.2}"
activity_breakout,local_optuna_t24_vsplit,002777,fixed_20,20,28,0.500000,0.047461,-0.106371,0.446179,0.071429,0.035714,59.889824,"{""big_bull_line"": 9.0, ""max_close_ret"": 13.0, ""min_close_ret"": 0.0, ""signal_cooldown_days"": 14, ""strong_line"": 3.0, ""x15_multiplier"": 1.2}"
activity_breakout,local_optuna_t24_vsplit,002778,fixed_30,30,18,0.777778,0.124683,-0.072428,1.721485,0.000000,0.000000,76.940758,"{""big_bull_line"": 8.0, ""max_close_ret"": 8.0, ""min_close_ret"": 1.0, ""signal_cooldown_days"": 9, ""strong_line"": 3.0, ""x15_multiplier"": 1.1}"
gs_pullback_confirm,local_optuna_t24_vsplit,002778,fixed_30,30,16,0.937500,0.093637,-0.055931,1.674154,0.000000,0.000000,81.495768,"{""ma_pull_high"": 0.98, ""ma_pull_low"": 0.76, ""maxlen_max"": 14, ""maxrun_max"": 10, ""rate_min"": 25, ""sellpct_max"": 55}"
gs_raw_buy,local_optuna_t24_vsplit,002786,fixed_10,10,31,0.677419,0.047258,-0.068503,0.689866,0.000000,0.000000,67.400944,"{""down_adjust"": 0.96, ""ema_fallback_span"": 4, ""iterations"": 7, ""signal_cooldown_days"": 13, ""up_adjust"": 1.01, ""x3_ma_windows"": [5, 10, 20, 30]}"
activity_breakout,local_optuna_t24_vsplit,002793,fixed_5,5,22,0.590909,0.053386,-0.045909,1.162871,0.000000,0.000000,68.541629,"{""big_bull_line"": 8.5, ""max_close_ret"": 8.0, ""min_close_ret"": 1.5, ""signal_cooldown_days"": 13, ""strong_line"": 2.5, ""x15_multiplier"": 1.4}"
activity_breakout,local_optuna_t24_vsplit,002799,fixed_5,5,35,0.628571,0.020351,-0.045334,0.448919,0.000000,0.000000,51.277453,"{""big_bull_line"": 7.5, ""max_close_ret"": 9.0, ""min_close_ret"": -0.5, ""signal_cooldown_days"": 11, ""strong_line"": 3.0, ""x15_multiplier"": 1.2}"
activity_breakout,local_optuna_t24_vsplit,002805,fixed_15,15,31,0.709677,0.057919,-0.069035,0.838979,0.032258,0.032258,69.840059,"{""big_bull_line"": 7.5, ""max_close_ret"": 9.0, ""min_close_ret"": 1.5, ""signal_cooldown_days"": 8, ""strong_line"": 2.5, ""x15_multiplier"": 1.1}"
gs_raw_buy,local_optuna_t24_vsplit,002806,fixed_60,60,30,0.666667,0.039583,-0.156893,0.252295,0.033333,0.000000,60.719806,"{""down_adjust"": 0.99, ""ema_fallback_span"": 3, ""iterations"": 7, ""signal_cooldown_days"": 16, ""up_adjust"": 1.03, ""x3_ma_windows"": [5, 10, 20, 30]}"
volume_base_breakout,local_optuna_t24_vsplit,002806,fixed_10,10,10,1.000000,0.051460,-0.033450,1.538416,0.000000,0.000000,81.991759,"{""amount_spike_ratio"": 3.2, ""base_ceiling"": 1.4, ""base_floor"": 0.8, ""base_max_days"": 105, ""base_min_days"": 25, ""base_range_max"": 0.29, ""breakout_max_extension"": 1.09, ""breakout_near_high"": 0.91, ""dry_ratio"": 0.35, ""signal_cooldown_days"": 10, ""spike_lookback"": 70, ""spike_ratio"": 2.6, ""warm_ret_max"": 0.22, ""warm_ret_min"": 0.0, ""warm_vol_ratio"": 0.85}"
activity_breakout,local_optuna_t24_vsplit,002815,fixed_5,5,48,0.645833,0.017627,-0.034306,0.513816,0.020833,0.000000,50.549286,"{""big_bull_line"": 5.0, ""max_close_ret"": 12.0, ""min_close_ret"": -1.0, ""signal_cooldown_days"": 14, ""strong_line"": 4.0, ""x15_multiplier"": 1.3}"
gs_pullback_confirm,local_optuna_t24_vsplit,002816,formula_exit_or_10,10,10,0.900000,0.023080,-0.026120,0.883614,0.000000,0.000000,62.257751,"{""ma_pull_high"": 1.03, ""ma_pull_low"": 0.8200000000000001, ""maxlen_max"": 24, ""maxrun_max"": 8, ""rate_min"": 25, ""sellpct_max"": 70}"
activity_breakout,local_optuna_t24_vsplit,002817,formula_exit_or_10,10,21,0.761905,0.057176,-0.026776,2.135337,0.000000,0.000000,78.533828,"{""big_bull_line"": 8.5, ""max_close_ret"": 13.0, ""min_close_ret"": -0.5, ""signal_cooldown_days"": 10, ""strong_line"": 2.5, ""x15_multiplier"": 1.6}"
activity_breakout,local_optuna_t24_vsplit,002820,formula_exit_or_10,10,41,0.536585,0.047437,-0.032849,1.444090,0.000000,0.024390,66.792400,"{""big_bull_line"": 7.5, ""max_close_ret"": 14.0, ""min_close_ret"": 0.0, ""signal_cooldown_days"": 12, ""strong_line"": 4.0, ""x15_multiplier"": 1.7000000000000002}"
activity_breakout,local_optuna_t24_vsplit,002827,fixed_60,60,40,0.675000,0.119650,-0.126915,0.942757,0.025000,0.000000,69.713785,"{""big_bull_line"": 6.0, ""max_close_ret"": 10.0, ""min_close_ret"": 2.0, ""signal_cooldown_days"": 6, ""strong_line"": 2.5, ""x15_multiplier"": 1.0}"
gs_pullback_confirm,local_optuna_t24_vsplit,002827,fixed_20,20,10,0.900000,0.103920,-0.076180,1.364138,0.000000,0.000000,78.120369,"{""ma_pull_high"": 1.03, ""ma_pull_low"": 0.68, ""maxlen_max"": 17, ""maxrun_max"": 11, ""rate_min"": 25, ""sellpct_max"": 50}"
activity_breakout,local_optuna_t24_vsplit,002828,fixed_60,60,79,0.569620,0.037871,-0.133766,0.283113,0.012658,0.012658,57.186453,"{""big_bull_line"": 5.5, ""max_close_ret"": 12.0, ""min_close_ret"": -1.0, ""signal_cooldown_days"": 6, ""strong_line"": 4.0, ""x15_multiplier"": 1.6}"
gs_raw_buy,local_optuna_t24_vsplit,002839,formula_exit_or_5,5,36,0.555556,0.012586,-0.007475,1.683761,0.000000,0.000000,51.378526,"{""down_adjust"": 0.96, ""ema_fallback_span"": 5, ""iterations"": 10, ""signal_cooldown_days"": 16, ""up_adjust"": 1.01, ""x3_ma_windows"": [3, 5, 10, 20]}"
gs_pullback_confirm,local_optuna_t24_vsplit,002842,fixed_60,60,15,1.000000,0.228753,-0.086027,2.659098,0.000000,0.000000,88.295490,"{""ma_pull_high"": 0.98, ""ma_pull_low"": 0.7000000000000001, ""maxlen_max"": 20, ""maxrun_max"": 12, ""rate_min"": 25, ""sellpct_max"": 45}"
activity_breakout,local_optuna_t24_vsplit,002847,fixed_15,15,40,0.600000,0.043068,-0.050048,0.860532,0.000000,0.000000,63.836412,"{""big_bull_line"": 8.5, ""max_close_ret"": 8.0, ""min_close_ret"": -1.0, ""signal_cooldown_days"": 11, ""strong_line"": 3.0, ""x15_multiplier"": 1.7000000000000002}"
volume_base_breakout,local_optuna_t24_vsplit,002848,fixed_20,20,9,0.888889,0.125189,-0.044044,2.842331,0.000000,0.000000,84.410890,"{""amount_spike_ratio"": 2.0, ""base_ceiling"": 1.24, ""base_floor"": 0.88, ""base_max_days"": 85, ""base_min_days"": 25, ""base_range_max"": 0.33, ""breakout_max_extension"": 1.07, ""breakout_near_high"": 0.93, ""dry_ratio"": 0.39999999999999997, ""signal_cooldown_days"": 17, ""spike_lookback"": 70, ""spike_ratio"": 2.6, ""warm_ret_max"": 0.2, ""warm_ret_min"": 0.01, ""warm_vol_ratio"": 0.85}"
activity_breakout,local_optuna_t24_vsplit,002849,fixed_15,15,19,0.736842,0.093753,-0.065942,1.421742,0.052632,0.000000,73.687655,"{""big_bull_line"": 8.0, ""max_close_ret"": 8.0, ""min_close_ret"": -0.5, ""signal_cooldown_days"": 11, ""strong_line"": 3.5, ""x15_multiplier"": 1.0}"
gs_pullback_confirm,local_optuna_t24_vsplit,002852,fixed_60,60,10,1.000000,0.212500,-0.043570,4.877209,0.000000,0.000000,94.299681,"{""ma_pull_high"": 0.97, ""ma_pull_low"": 0.76, ""maxlen_max"": 22, ""maxrun_max"": 6, ""rate_min"": 45, ""sellpct_max"": 55}"
volume_base_breakout,local_optuna_t24_vsplit,002856,formula_exit_or_60,60,10,0.700000,0.072440,-0.025460,2.845247,0.100000,0.000000,78.525918,"{""amount_spike_ratio"": 2.2, ""base_ceiling"": 1.3, ""base_floor"": 0.83, ""base_max_days"": 95, ""base_min_days"": 40, ""base_range_max"": 0.27, ""breakout_max_extension"": 1.11, ""breakout_near_high"": 0.91, ""dry_ratio"": 0.35, ""signal_cooldown_days"": 14, ""spike_lookback"": 90, ""spike_ratio"": 2.6, ""warm_ret_max"": 0.28, ""warm_ret_min"": 0.01, ""warm_vol_ratio"": 0.8}"
activity_breakout,local_optuna_t24_vsplit,002866,fixed_10,10,39,0.666667,0.045210,-0.084905,0.532480,0.000000,0.025641,65.011116,"{""big_bull_line"": 5.0, ""max_close_ret"": 11.0, ""min_close_ret"": 2.0, ""signal_cooldown_days"": 14, ""strong_line"": 2.5, ""x15_multiplier"": 1.0}"
volume_base_breakout,local_optuna_t24_vsplit,002866,fixed_5,5,9,1.000000,0.062356,-0.023567,2.645922,0.000000,0.000000,86.762177,"{""amount_spike_ratio"": 2.8, ""base_ceiling"": 1.26, ""base_floor"": 0.78, ""base_max_days"": 100, ""base_min_days"": 20, ""base_range_max"": 0.39, ""breakout_max_extension"": 1.07, ""breakout_near_high"": 0.92, ""dry_ratio"": 0.5, ""signal_cooldown_days"": 15, ""spike_lookback"": 70, ""spike_ratio"": 3.0, ""warm_ret_max"": 0.16, ""warm_ret_min"": -0.01, ""warm_vol_ratio"": 0.75}"
gs_pullback_confirm,local_optuna_t24_vsplit,002868,fixed_60,60,17,0.941176,0.869782,-0.080059,10.864291,0.058824,0.000000,92.647059,"{""ma_pull_high"": 1.03, ""ma_pull_low"": 0.68, ""maxlen_max"": 17, ""maxrun_max"": 6, ""rate_min"": 55, ""sellpct_max"": 55}"
volume_base_breakout,local_optuna_t24_vsplit,002868,fixed_60,60,11,0.909091,0.392755,-0.103255,3.803751,0.181818,0.000000,89.473299,"{""amount_spike_ratio"": 2.0, ""base_ceiling"": 1.42, ""base_floor"": 0.85, ""base_max_days"": 110, ""base_min_days"": 35, ""base_range_max"": 0.41000000000000003, ""breakout_max_extension"": 1.06, ""breakout_near_high"": 0.9, ""dry_ratio"": 0.39999999999999997, ""signal_cooldown_days"": 11, ""spike_lookback"": 70, ""spike_ratio"": 3.0, ""warm_ret_max"": 0.26, ""warm_ret_min"": 0.019999999999999997, ""warm_vol_ratio"": 0.75}"
activity_breakout,local_optuna_t24_vsplit,002876,fixed_15,15,13,0.615385,0.078515,-0.068846,1.140447,0.000000,0.000000,69.163773,"{""big_bull_line"": 9.0, ""max_close_ret"": 9.0, ""min_close_ret"": 0.5, ""signal_cooldown_days"": 7, ""strong_line"": 3.0, ""x15_multiplier"": 1.0}"
gs_raw_buy,local_optuna_t24_vsplit,002877,fixed_60,60,37,0.459459,0.036062,-0.136381,0.264422,0.027027,0.027027,52.596434,"{""down_adjust"": 0.99, ""ema_fallback_span"": 7, ""iterations"": 10, ""signal_cooldown_days"": 16, ""up_adjust"": 1.03, ""x3_ma_windows"": [3, 8, 13, 21]}"
gs_pullback_confirm,local_optuna_t24_vsplit,002880,formula_exit_or_10,10,16,0.937500,0.034662,-0.030606,1.132530,0.000000,0.000000,71.118901,"{""ma_pull_high"": 0.99, ""ma_pull_low"": 0.7000000000000001, ""maxlen_max"": 15, ""maxrun_max"": 12, ""rate_min"": 25, ""sellpct_max"": 65}"
activity_breakout,local_optuna_t24_vsplit,002886,fixed_5,5,66,0.575758,0.018761,-0.047959,0.391179,0.015152,0.000000,48.457412,"{""big_bull_line"": 5.0, ""max_close_ret"": 13.0, ""min_close_ret"": 0.0, ""signal_cooldown_days"": 11, ""strong_line"": 2.5, ""x15_multiplier"": 1.8}"
gs_pullback_confirm,local_optuna_t24_vsplit,002886,fixed_60,60,12,0.666667,0.070758,-0.189908,0.372592,0.000000,0.000000,66.862960,"{""ma_pull_high"": 1.0, ""ma_pull_low"": 0.76, ""maxlen_max"": 22, ""maxrun_max"": 10, ""rate_min"": 25, ""sellpct_max"": 65}"
activity_breakout,local_optuna_t24_vsplit,002887,fixed_5,5,19,0.789474,0.058353,-0.031347,1.861484,0.000000,0.000000,77.991632,"{""big_bull_line"": 9.0, ""max_close_ret"": 9.0, ""min_close_ret"": 1.5, ""signal_cooldown_days"": 6, ""strong_line"": 3.5, ""x15_multiplier"": 1.6}"
gs_raw_buy,local_optuna_t24_vsplit,002890,fixed_20,20,35,0.657143,0.033954,-0.052831,0.642691,0.000000,0.000000,59.904884,"{""down_adjust"": 0.96, ""ema_fallback_span"": 4, ""iterations"": 11, ""signal_cooldown_days"": 8, ""up_adjust"": 1.02, ""x3_ma_windows"": [5, 10, 20, 30]}"
activity_breakout,local_optuna_t24_vsplit,002893,fixed_10,10,48,0.541667,0.026354,-0.054154,0.486651,0.020833,0.000000,51.652004,"{""big_bull_line"": 5.0, ""max_close_ret"": 9.0, ""min_close_ret"": 1.5, ""signal_cooldown_days"": 8, ""strong_line"": 3.0, ""x15_multiplier"": 1.6}"
gs_raw_buy,local_optuna_t24_vsplit,002901,fixed_60,60,45,0.533333,0.038713,-0.142340,0.271978,0.022222,0.022222,56.272112,"{""down_adjust"": 0.98, ""ema_fallback_span"": 7, ""iterations"": 12, ""signal_cooldown_days"": 6, ""up_adjust"": 1.02, ""x3_ma_windows"": [3, 8, 13, 21]}"
activity_breakout,local_optuna_t24_vsplit,002903,fixed_60,60,69,0.565217,0.079517,-0.147801,0.538001,0.000000,0.000000,64.646529,"{""big_bull_line"": 5.5, ""max_close_ret"": 11.0, ""min_close_ret"": 0.0, ""signal_cooldown_days"": 10, ""strong_line"": 4.0, ""x15_multiplier"": 1.8}"
activity_breakout,local_optuna_t24_vsplit,002905,fixed_60,60,45,0.600000,0.043891,-0.157231,0.279150,0.000000,0.000000,61.341307,"{""big_bull_line"": 5.5, ""max_close_ret"": 11.0, ""min_close_ret"": 1.5, ""signal_cooldown_days"": 14, ""strong_line"": 3.0, ""x15_multiplier"": 1.5}"
activity_breakout,local_optuna_t24_vsplit,002906,formula_exit_or_30,30,44,0.454545,0.021582,-0.028159,0.766425,0.045455,0.000000,47.804850,"{""big_bull_line"": 7.5, ""max_close_ret"": 10.0, ""min_close_ret"": 2.0, ""signal_cooldown_days"": 14, ""strong_line"": 4.0, ""x15_multiplier"": 1.7000000000000002}"
activity_breakout,local_optuna_t24_vsplit,002909,fixed_60,60,32,0.593750,0.124431,-0.133353,0.933096,0.000000,0.000000,67.477979,"{""big_bull_line"": 6.0, ""max_close_ret"": 9.0, ""min_close_ret"": 1.0, ""signal_cooldown_days"": 6, ""strong_line"": 4.5, ""x15_multiplier"": 1.2}"
activity_breakout,local_optuna_t24_vsplit,002927,fixed_60,60,88,0.568182,0.050047,-0.144242,0.346963,0.011364,0.000000,63.666631,"{""big_bull_line"": 5.0, ""max_close_ret"": 14.0, ""min_close_ret"": -0.5, ""signal_cooldown_days"": 6, ""strong_line"": 3.5, ""x15_multiplier"": 1.8}"
activity_breakout,local_optuna_t24_vsplit,002932,formula_exit_or_10,10,23,0.478261,0.019770,-0.012726,1.553468,0.000000,0.000000,51.999947,"{""big_bull_line"": 9.0, ""max_close_ret"": 9.0, ""min_close_ret"": 2.0, ""signal_cooldown_days"": 7, ""strong_line"": 2.5, ""x15_multiplier"": 1.5}"
gs_raw_buy,local_optuna_t24_vsplit,002941,fixed_60,60,32,0.593750,0.056925,-0.112263,0.507070,0.062500,0.000000,64.722852,"{""down_adjust"": 0.97, ""ema_fallback_span"": 4, ""iterations"": 12, ""signal_cooldown_days"": 15, ""up_adjust"": 1.04, ""x3_ma_windows"": [3, 8, 13, 21]}"
gs_raw_buy,local_optuna_t24_vsplit,002946,fixed_30,30,33,0.575758,0.034261,-0.072633,0.471693,0.000000,0.000000,56.761493,"{""down_adjust"": 0.97, ""ema_fallback_span"": 6, ""iterations"": 6, ""signal_cooldown_days"": 14, ""up_adjust"": 1.03, ""x3_ma_windows"": [5, 10, 20, 30]}"
volume_base_breakout,local_optuna_t24_vsplit,002949,fixed_5,5,11,0.909091,0.067082,-0.021155,3.171036,0.090909,0.000000,87.218815,"{""amount_spike_ratio"": 2.4, ""base_ceiling"": 1.5, ""base_floor"": 0.76, ""base_max_days"": 90, ""base_min_days"": 40, ""base_range_max"": 0.41000000000000003, ""breakout_max_extension"": 1.06, ""breakout_near_high"": 0.9, ""dry_ratio"": 0.35, ""signal_cooldown_days"": 15, ""spike_lookback"": 90, ""spike_ratio"": 2.4, ""warm_ret_max"": 0.22, ""warm_ret_min"": -0.01, ""warm_vol_ratio"": 0.8}"
gs_raw_buy,local_optuna_t24_vsplit,002950,fixed_20,20,29,0.517241,0.028393,-0.062014,0.457851,0.000000,0.000000,52.003050,"{""down_adjust"": 0.98, ""ema_fallback_span"": 6, ""iterations"": 6, ""signal_cooldown_days"": 15, ""up_adjust"": 1.01, ""x3_ma_windows"": [5, 10, 20, 30]}"
activity_breakout,local_optuna_t24_vsplit,002953,fixed_5,5,21,0.523810,0.024233,-0.041129,0.589209,0.095238,0.000000,49.824618,"{""big_bull_line"": 8.0, ""max_close_ret"": 14.0, ""min_close_ret"": -1.0, ""signal_cooldown_days"": 11, ""strong_line"": 3.5, ""x15_multiplier"": 1.0}"
gs_pullback_confirm,local_optuna_t24_vsplit,002956,fixed_60,60,12,1.000000,0.329625,-0.331292,0.994969,0.000000,0.000000,79.974846,"{""ma_pull_high"": 0.97, ""ma_pull_low"": 0.78, ""maxlen_max"": 13, ""maxrun_max"": 11, ""rate_min"": 55, ""sellpct_max"": 75}"
gs_raw_buy,local_optuna_t24_vsplit,002958,formula_exit_or_5,5,35,0.514286,0.011814,-0.007623,1.549850,0.000000,0.000000,49.084965,"{""down_adjust"": 0.98, ""ema_fallback_span"": 3, ""iterations"": 9, ""signal_cooldown_days"": 14, ""up_adjust"": 1.02, ""x3_ma_windows"": [3, 8, 13, 21]}"
volume_base_breakout,local_optuna_t24_vsplit,002970,fixed_60,60,13,0.769231,0.136831,-0.106754,1.281741,0.000000,0.000000,74.485628,"{""amount_spike_ratio"": 2.2, ""base_ceiling"": 1.3, ""base_floor"": 0.77, ""base_max_days"": 90, ""base_min_days"": 35, ""base_range_max"": 0.33, ""breakout_max_extension"": 1.11, ""breakout_near_high"": 0.91, ""dry_ratio"": 0.35, ""signal_cooldown_days"": 17, ""spike_lookback"": 120, ""spike_ratio"": 2.2, ""warm_ret_max"": 0.26, ""warm_ret_min"": 0.019999999999999997, ""warm_vol_ratio"": 0.8}"
gs_raw_buy,local_optuna_t24_vsplit,002972,fixed_20,20,39,0.589744,0.024236,-0.065826,0.368183,0.000000,0.000000,51.651173,"{""down_adjust"": 0.98, ""ema_fallback_span"": 6, ""iterations"": 10, ""signal_cooldown_days"": 11, ""up_adjust"": 1.02, ""x3_ma_windows"": [3, 8, 13, 21]}"
activity_breakout,local_optuna_t24_vsplit,002979,fixed_15,15,23,0.826087,0.086309,-0.067422,1.280132,0.000000,0.000000,76.183266,"{""big_bull_line"": 8.0, ""max_close_ret"": 8.0, ""min_close_ret"": 1.0, ""signal_cooldown_days"": 14, ""strong_line"": 4.0, ""x15_multiplier"": 1.2}"
activity_breakout,local_optuna_t24_vsplit,002987,fixed_5,5,27,0.666667,0.105304,-0.040556,2.596530,0.037037,0.000000,77.612278,"{""big_bull_line"": 8.0, ""max_close_ret"": 11.0, ""min_close_ret"": 0.5, ""signal_cooldown_days"": 13, ""strong_line"": 4.0, ""x15_multiplier"": 1.2}"
activity_breakout,local_optuna_t24_vsplit,002989,fixed_60,60,58,0.568966,0.060588,-0.174714,0.346784,0.017241,0.000000,63.630471,"{""big_bull_line"": 6.0, ""max_close_ret"": 9.0, ""min_close_ret"": -0.5, ""signal_cooldown_days"": 11, ""strong_line"": 2.5, ""x15_multiplier"": 1.8}"
activity_breakout,local_optuna_t24_vsplit,002995,fixed_60,60,47,0.510638,0.055557,-0.198581,0.279772,0.042553,0.000000,61.292479,"{""big_bull_line"": 6.0, ""max_close_ret"": 14.0, ""min_close_ret"": 2.0, ""signal_cooldown_days"": 11, ""strong_line"": 4.5, ""x15_multiplier"": 1.6}"
gs_pullback_confirm,local_optuna_t24_vsplit,002998,fixed_10,10,12,0.750000,0.039342,-0.021708,1.812284,0.083333,0.000000,70.398920,"{""ma_pull_high"": 1.01, ""ma_pull_low"": 0.8600000000000001, ""maxlen_max"": 13, ""maxrun_max"": 12, ""rate_min"": 25, ""sellpct_max"": 40}"
activity_breakout,local_optuna_t24_vsplit,003002,fixed_60,60,19,0.631579,0.198363,-0.140716,1.409672,0.052632,0.000000,70.469414,"{""big_bull_line"": 8.0, ""max_close_ret"": 9.0, ""min_close_ret"": -0.5, ""signal_cooldown_days"": 14, ""strong_line"": 2.5, ""x15_multiplier"": 1.0}"
activity_breakout,local_optuna_t24_vsplit,003003,fixed_60,60,48,0.729167,0.059092,-0.114290,0.517035,0.020833,0.000000,69.251840,"{""big_bull_line"": 5.5, ""max_close_ret"": 9.0, ""min_close_ret"": 1.0, ""signal_cooldown_days"": 8, ""strong_line"": 4.0, ""x15_multiplier"": 1.5}"
gs_raw_buy,local_optuna_t24_vsplit,003008,formula_exit_or_5,5,41,0.560976,0.010605,-0.010554,1.004853,0.000000,0.024390,46.912071,"{""down_adjust"": 0.97, ""ema_fallback_span"": 6, ""iterations"": 11, ""signal_cooldown_days"": 16, ""up_adjust"": 1.01, ""x3_ma_windows"": [3, 5, 10, 20]}"
activity_breakout,local_optuna_t24_vsplit,003011,fixed_15,15,10,0.800000,0.079940,-0.020260,3.945706,0.000000,0.000000,88.028210,"{""big_bull_line"": 9.0, ""max_close_ret"": 8.0, ""min_close_ret"": -0.5, ""signal_cooldown_days"": 7, ""strong_line"": 3.0, ""x15_multiplier"": 1.1}"
gs_raw_buy,local_optuna_t24_vsplit,003013,fixed_10,10,36,0.527778,0.011869,-0.026858,0.441928,0.000000,0.000000,43.977695,"{""down_adjust"": 0.97, ""ema_fallback_span"": 4, ""iterations"": 8, ""signal_cooldown_days"": 15, ""up_adjust"": 1.01, ""x3_ma_windows"": [3, 5, 10, 20]}"
gs_raw_buy,local_optuna_t24_vsplit,003015,fixed_60,60,46,0.586957,0.044422,-0.138913,0.319781,0.021739,0.000000,61.201078,"{""down_adjust"": 0.99, ""ema_fallback_span"": 3, ""iterations"": 11, ""signal_cooldown_days"": 7, ""up_adjust"": 1.04, ""x3_ma_windows"": [3, 8, 13, 21]}"
gs_raw_buy,local_optuna_t24_vsplit,003017,fixed_20,20,31,0.645161,0.018513,-0.048013,0.385582,0.064516,0.000000,49.894038,"{""down_adjust"": 0.99, ""ema_fallback_span"": 3, ""iterations"": 7, ""signal_cooldown_days"": 14, ""up_adjust"": 1.01, ""x3_ma_windows"": [5, 10, 20, 30]}"
gs_raw_buy,local_optuna_t24_vsplit,003027,fixed_60,60,41,0.560976,0.045961,-0.144263,0.318591,0.048780,0.024390,60.671002,"{""down_adjust"": 0.97, ""ema_fallback_span"": 6, ""iterations"": 8, ""signal_cooldown_days"": 6, ""up_adjust"": 1.03, ""x3_ma_windows"": [5, 10, 20, 30]}"
activity_breakout,local_optuna_t24_vsplit,003028,fixed_10,10,41,0.658537,0.021059,-0.031873,0.660698,0.048780,0.000000,53.101050,"{""big_bull_line"": 6.5, ""max_close_ret"": 12.0, ""min_close_ret"": -0.5, ""signal_cooldown_days"": 14, ""strong_line"": 2.5, ""x15_multiplier"": 1.5}"
activity_breakout,local_optuna_t24_vsplit,003029,fixed_15,15,19,0.578947,0.073526,-0.092405,0.795694,0.052632,0.000000,65.820575,"{""big_bull_line"": 9.0, ""max_close_ret"": 8.0, ""min_close_ret"": 0.5, ""signal_cooldown_days"": 8, ""strong_line"": 4.0, ""x15_multiplier"": 1.0}"
gs_pullback_confirm,local_optuna_t24_vsplit,003037,fixed_30,30,17,0.647059,0.046141,-0.080271,0.574820,0.000000,0.000000,65.356455,"{""ma_pull_high"": 0.97, ""ma_pull_low"": 0.8400000000000001, ""maxlen_max"": 21, ""maxrun_max"": 5, ""rate_min"": 25, ""sellpct_max"": 60}"
activity_breakout,local_optuna_t24_vsplit,003040,formula_exit_or_5,5,25,0.760000,0.051076,-0.032816,1.556436,0.080000,0.000000,74.782179,"{""big_bull_line"": 9.0, ""max_close_ret"": 10.0, ""min_close_ret"": 1.0, ""signal_cooldown_days"": 11, ""strong_line"": 3.5, ""x15_multiplier"": 1.3}"
activity_breakout,local_optuna_t24_vsplit,003042,fixed_15,15,21,0.619048,0.043562,-0.098405,0.442681,0.047619,0.000000,62.089595,"{""big_bull_line"": 8.0, ""max_close_ret"": 9.0, ""min_close_ret"": 0.5, ""signal_cooldown_days"": 9, ""strong_line"": 2.5, ""x15_multiplier"": 1.2}"
gs_raw_buy,local_optuna_t24_vsplit,003816,fixed_60,60,42,0.595238,0.041143,-0.047574,0.864822,0.000000,0.000000,62.752679,"{""down_adjust"": 0.97, ""ema_fallback_span"": 7, ""iterations"": 11, ""signal_cooldown_days"": 16, ""up_adjust"": 1.02, ""x3_ma_windows"": [3, 5, 10, 20]}"
gs_raw_buy,local_optuna_t24_vsplit,300006,fixed_60,60,45,0.488889,0.076542,-0.136178,0.562076,0.000000,0.000000,62.477045,"{""down_adjust"": 0.97, ""ema_fallback_span"": 4, ""iterations"": 10, ""signal_cooldown_days"": 6, ""up_adjust"": 1.03, ""x3_ma_windows"": [3, 8, 13, 21]}"
activity_breakout,local_optuna_t24_vsplit,300007,fixed_5,5,35,0.714286,0.067151,-0.041660,1.611892,0.000000,0.000000,74.488032,"{""big_bull_line"": 9.0, ""max_close_ret"": 14.0, ""min_close_ret"": 2.0, ""signal_cooldown_days"": 10, ""strong_line"": 2.5, ""x15_multiplier"": 1.5}"
gs_pullback_confirm,local_optuna_t24_vsplit,300007,formula_exit_or_30,30,13,0.615385,0.074792,-0.150100,0.498283,0.000000,0.000000,65.952954,"{""ma_pull_high"": 1.03, ""ma_pull_low"": 0.7000000000000001, ""maxlen_max"": 22, ""maxrun_max"": 11, ""rate_min"": 30, ""sellpct_max"": 60}"
activity_breakout,local_optuna_t24_vsplit,300017,fixed_15,15,24,0.708333,0.070929,-0.054062,1.311985,0.000000,0.000000,72.809923,"{""big_bull_line"": 9.0, ""max_close_ret"": 8.0, ""min_close_ret"": 1.0, ""signal_cooldown_days"": 11, ""strong_line"": 2.5, ""x15_multiplier"": 1.4}"
gs_pullback_confirm,local_optuna_t24_vsplit,300018,fixed_60,60,21,0.952381,0.219267,-0.072376,3.029541,0.000000,0.000000,88.719136,"{""ma_pull_high"": 0.97, ""ma_pull_low"": 0.8200000000000001, ""maxlen_max"": 21, ""maxrun_max"": 11, ""rate_min"": 50, ""sellpct_max"": 40}"
activity_breakout,local_optuna_t24_vsplit,300021,fixed_15,15,12,0.500000,0.054433,-0.056375,0.965558,0.000000,0.000000,64.827790,"{""big_bull_line"": 8.5, ""max_close_ret"": 11.0, ""min_close_ret"": 2.0, ""signal_cooldown_days"": 7, ""strong_line"": 3.5, ""x15_multiplier"": 1.1}"
gs_pullback_confirm,local_optuna_t24_vsplit,300022,fixed_60,60,16,1.000000,0.243794,-0.068494,3.559358,0.000000,0.000000,92.796788,"{""ma_pull_high"": 1.04, ""ma_pull_low"": 0.74, ""maxlen_max"": 10, ""maxrun_max"": 5, ""rate_min"": 25, ""sellpct_max"": 70}"
activity_breakout,local_optuna_t24_vsplit,300026,fixed_20,20,23,0.565217,0.037474,-0.087804,0.426789,0.000000,0.000000,57.827422,"{""big_bull_line"": 7.0, ""max_close_ret"": 10.0, ""min_close_ret"": 0.5, ""signal_cooldown_days"": 13, ""strong_line"": 2.5, ""x15_multiplier"": 1.2}"
activity_breakout,local_optuna_t24_vsplit,300032,formula_exit_or_30,30,44,0.522727,0.032861,-0.036309,0.905045,0.000000,0.000000,56.637725,"{""big_bull_line"": 8.0, ""max_close_ret"": 9.0, ""min_close_ret"": -0.5, ""signal_cooldown_days"": 14, ""strong_line"": 3.5, ""x15_multiplier"": 1.7000000000000002}"
activity_breakout,local_optuna_t24_vsplit,300035,fixed_30,30,47,0.531915,0.041121,-0.107343,0.383085,0.000000,0.000000,58.433508,"{""big_bull_line"": 5.5, ""max_close_ret"": 9.0, ""min_close_ret"": 1.5, ""signal_cooldown_days"": 12, ""strong_line"": 4.5, ""x15_multiplier"": 1.6}"
activity_breakout,local_optuna_t24_vsplit,300036,formula_exit_or_5,5,41,0.585366,0.013044,-0.028771,0.453374,0.000000,0.000000,46.349797,"{""big_bull_line"": 6.5, ""max_close_ret"": 13.0, ""min_close_ret"": -1.0, ""signal_cooldown_days"": 13, ""strong_line"": 4.5, ""x15_multiplier"": 1.3}"
activity_breakout,local_optuna_t24_vsplit,300040,fixed_60,60,14,0.571429,0.109443,-0.162707,0.672637,0.000000,0.000000,65.506043,"{""big_bull_line"": 9.0, ""max_close_ret"": 10.0, ""min_close_ret"": -0.5, ""signal_cooldown_days"": 11, ""strong_line"": 4.0, ""x15_multiplier"": 1.1}"
gs_raw_buy,local_optuna_t24_vsplit,300040,fixed_30,30,30,0.533333,0.036473,-0.102950,0.354282,0.000000,0.000000,56.008077,"{""down_adjust"": 0.99, ""ema_fallback_span"": 7, ""iterations"": 7, ""signal_cooldown_days"": 16, ""up_adjust"": 1.02, ""x3_ma_windows"": [5, 10, 20, 30]}"
gs_pullback_confirm,local_optuna_t24_vsplit,300045,fixed_60,60,12,1.000000,0.215150,-0.076042,2.829370,0.000000,0.000000,89.146849,"{""ma_pull_high"": 0.97, ""ma_pull_low"": 0.74, ""maxlen_max"": 11, ""maxrun_max"": 12, ""rate_min"": 30, ""sellpct_max"": 75}"
activity_breakout,local_optuna_t24_vsplit,300068,formula_exit_or_20,20,19,0.526316,0.069595,-0.044511,1.563557,0.000000,0.000000,68.607258,"{""big_bull_line"": 9.0, ""max_close_ret"": 11.0, ""min_close_ret"": 1.0, ""signal_cooldown_days"": 11, ""strong_line"": 4.0, ""x15_multiplier"": 1.0}"
activity_breakout,local_optuna_t24_vsplit,300074,fixed_30,30,51,0.607843,0.051573,-0.110059,0.468591,0.000000,0.000000,65.578248,"{""big_bull_line"": 8.0, ""max_close_ret"": 14.0, ""min_close_ret"": 2.0, ""signal_cooldown_days"": 9, ""strong_line"": 3.5, ""x15_multiplier"": 1.7000000000000002}"
activity_breakout,local_optuna_t24_vsplit,300075,formula_exit_or_5,5,21,0.619048,0.052271,-0.027438,1.905068,0.000000,0.000000,73.096767,"{""big_bull_line"": 9.0, ""max_close_ret"": 11.0, ""min_close_ret"": 0.0, ""signal_cooldown_days"": 7, ""strong_line"": 3.0, ""x15_multiplier"": 1.1}"
volume_base_breakout,local_optuna_t24_vsplit,300075,formula_exit_or_5,5,11,0.727273,0.068255,-0.024318,2.806729,0.000000,0.000000,80.851827,"{""amount_spike_ratio"": 2.6, ""base_ceiling"": 1.3399999999999999, ""base_floor"": 0.8, ""base_max_days"": 105, ""base_min_days"": 20, ""base_range_max"": 0.29, ""breakout_max_extension"": 1.06, ""breakout_near_high"": 0.93, ""dry_ratio"": 0.44999999999999996, ""signal_cooldown_days"": 11, ""spike_lookback"": 120, ""spike_ratio"": 2.0, ""warm_ret_max"": 0.16, ""warm_ret_min"": 0.0, ""warm_vol_ratio"": 1.0}"
activity_breakout,local_optuna_t24_vsplit,300079,formula_exit_or_5,5,34,0.735294,0.019406,-0.028376,0.683872,0.000000,0.000000,55.181126,"{""big_bull_line"": 8.0, ""max_close_ret"": 14.0, ""min_close_ret"": -0.5, ""signal_cooldown_days"": 13, ""strong_line"": 4.0, ""x15_multiplier"": 1.6}"
gs_raw_buy,local_optuna_t24_vsplit,300083,formula_exit_or_5,5,41,0.585366,0.034859,-0.029966,1.163275,0.000000,0.000000,60.806620,"{""down_adjust"": 0.97, ""ema_fallback_span"": 5, ""iterations"": 10, ""signal_cooldown_days"": 12, ""up_adjust"": 1.04, ""x3_ma_windows"": [3, 5, 10, 20]}"
gs_pullback_confirm,local_optuna_t24_vsplit,300093,fixed_30,30,14,1.000000,0.186714,-0.072343,2.580964,0.000000,0.000000,87.904818,"{""ma_pull_high"": 0.99, ""ma_pull_low"": 0.74, ""maxlen_max"": 14, ""maxrun_max"": 12, ""rate_min"": 25, ""sellpct_max"": 55}"
activity_breakout,local_optuna_t24_vsplit,300096,fixed_5,5,43,0.697674,0.050123,-0.040781,1.229072,0.000000,0.000000,72.075591,"{""big_bull_line"": 6.5, ""max_close_ret"": 12.0, ""min_close_ret"": -0.5, ""signal_cooldown_days"": 13, ""strong_line"": 3.5, ""x15_multiplier"": 1.3}"
gs_raw_buy,local_optuna_t24_vsplit,300096,formula_exit_or_5,5,35,0.600000,0.029571,-0.042940,0.688669,0.000000,0.000000,56.229057,"{""down_adjust"": 0.99, ""ema_fallback_span"": 6, ""iterations"": 8, ""signal_cooldown_days"": 14, ""up_adjust"": 1.04, ""x3_ma_windows"": [5, 10, 20, 30]}"
activity_breakout,local_optuna_t24_vsplit,300097,formula_exit_or_5,5,28,0.785714,0.053282,-0.041411,1.286675,0.000000,0.000000,75.004805,"{""big_bull_line"": 8.0, ""max_close_ret"": 11.0, ""min_close_ret"": 0.0, ""signal_cooldown_days"": 14, ""strong_line"": 3.5, ""x15_multiplier"": 1.4}"
gs_raw_buy,local_optuna_t24_vsplit,300098,fixed_30,30,46,0.543478,0.049054,-0.101339,0.484061,0.000000,0.000000,63.251828,"{""down_adjust"": 0.96, ""ema_fallback_span"": 6, ""iterations"": 10, ""signal_cooldown_days"": 9, ""up_adjust"": 1.03, ""x3_ma_windows"": [3, 5, 10, 20]}"
volume_base_breakout,local_optuna_t24_vsplit,300099,fixed_20,20,9,1.000000,0.061233,-0.027456,2.230271,0.000000,0.000000,84.683924,"{""amount_spike_ratio"": 2.0, ""base_ceiling"": 1.46, ""base_floor"": 0.75, ""base_max_days"": 115, ""base_min_days"": 30, ""base_range_max"": 0.35, ""breakout_max_extension"": 1.06, ""breakout_near_high"": 0.98, ""dry_ratio"": 0.5, ""signal_cooldown_days"": 12, ""spike_lookback"": 90, ""spike_ratio"": 2.2, ""warm_ret_max"": 0.16, ""warm_ret_min"": 0.03, ""warm_vol_ratio"": 0.85}"
gs_raw_buy,local_optuna_t24_vsplit,300105,formula_exit_or_15,15,33,0.636364,0.026218,-0.033618,0.779881,0.000000,0.000000,56.099405,"{""down_adjust"": 0.98, ""ema_fallback_span"": 6, ""iterations"": 6, ""signal_cooldown_days"": 16, ""up_adjust"": 1.02, ""x3_ma_windows"": [3, 5, 10, 20]}"
activity_breakout,local_optuna_t24_vsplit,300115,fixed_10,10,22,0.772727,0.077632,-0.061314,1.266143,0.000000,0.000000,74.512532,"{""big_bull_line"": 8.5, ""max_close_ret"": 9.0, ""min_close_ret"": 1.5, ""signal_cooldown_days"": 14, ""strong_line"": 2.5, ""x15_multiplier"": 1.1}"
gs_raw_buy,local_optuna_t24_vsplit,300124,fixed_60,60,35,0.600000,0.041374,-0.113323,0.365101,0.000000,0.000000,60.512648,"{""down_adjust"": 0.98, ""ema_fallback_span"": 7, ""iterations"": 6, ""signal_cooldown_days"": 9, ""up_adjust"": 1.01, ""x3_ma_windows"": [3, 8, 13, 21]}"
activity_breakout,local_optuna_t24_vsplit,300126,fixed_15,15,14,0.785714,0.081250,-0.074043,1.097337,0.000000,0.000000,74.058116,"{""big_bull_line"": 9.0, ""max_close_ret"": 9.0, ""min_close_ret"": 1.5, ""signal_cooldown_days"": 8, ""strong_line"": 3.5, ""x15_multiplier"": 1.3}"
activity_breakout,local_optuna_t24_vsplit,300128,fixed_60,60,72,0.555556,0.061174,-0.143437,0.426483,0.000000,0.000000,63.799080,"{""big_bull_line"": 7.0, ""max_close_ret"": 12.0, ""min_close_ret"": 1.0, ""signal_cooldown_days"": 6, ""strong_line"": 3.5, ""x15_multiplier"": 1.8}"
gs_pullback_confirm,local_optuna_t24_vsplit,300128,fixed_60,60,11,1.000000,0.163900,-0.125082,1.310342,0.000000,0.000000,81.551712,"{""ma_pull_high"": 0.99, ""ma_pull_low"": 0.76, ""maxlen_max"": 24, ""maxrun_max"": 10, ""rate_min"": 25, ""sellpct_max"": 55}"
gs_pullback_confirm,local_optuna_t24_vsplit,300141,fixed_15,15,9,0.888889,0.070422,-0.071533,0.984467,0.000000,0.000000,75.121571,"{""ma_pull_high"": 1.03, ""ma_pull_low"": 0.8800000000000001, ""maxlen_max"": 18, ""maxrun_max"": 7, ""rate_min"": 60, ""sellpct_max"": 70}"
activity_breakout,local_optuna_t24_vsplit,300142,formula_exit_or_5,5,20,0.700000,0.033160,-0.019810,1.673902,0.000000,0.000000,65.949510,"{""big_bull_line"": 6.0, ""max_close_ret"": 13.0, ""min_close_ret"": -0.5, ""signal_cooldown_days"": 14, ""strong_line"": 4.5, ""x15_multiplier"": 1.0}"
activity_breakout,local_optuna_t24_vsplit,300143,fixed_10,10,19,0.684211,0.041984,-0.050942,0.824155,0.000000,0.000000,65.639198,"{""big_bull_line"": 8.5, ""max_close_ret"": 14.0, ""min_close_ret"": -1.0, ""signal_cooldown_days"": 10, ""strong_line"": 2.5, ""x15_multiplier"": 1.2}"
activity_breakout,local_optuna_t24_vsplit,300145,fixed_20,20,26,0.653846,0.057877,-0.068312,0.847250,0.000000,0.000000,68.851633,"{""big_bull_line"": 6.0, ""max_close_ret"": 11.0, ""min_close_ret"": 1.5, ""signal_cooldown_days"": 11, ""strong_line"": 4.0, ""x15_multiplier"": 1.2}"
activity_breakout,local_optuna_t24_vsplit,300148,fixed_20,20,35,0.600000,0.048229,-0.104997,0.459332,0.000000,0.000000,64.410947,"{""big_bull_line"": 5.5, ""max_close_ret"": 10.0, ""min_close_ret"": 1.0, ""signal_cooldown_days"": 13, ""strong_line"": 3.0, ""x15_multiplier"": 1.0}"
activity_breakout,local_optuna_t24_vsplit,300151,formula_exit_or_20,20,28,0.535714,0.047786,-0.030907,1.546106,0.000000,0.000000,67.694815,"{""big_bull_line"": 8.0, ""max_close_ret"": 9.0, ""min_close_ret"": -0.5, ""signal_cooldown_days"": 8, ""strong_line"": 3.0, ""x15_multiplier"": 1.1}"
activity_breakout,local_optuna_t24_vsplit,300155,formula_exit_or_30,30,34,0.588235,0.047274,-0.046321,1.020573,0.000000,0.000000,66.386687,"{""big_bull_line"": 8.0, ""max_close_ret"": 10.0, ""min_close_ret"": 0.5, ""signal_cooldown_days"": 7, ""strong_line"": 2.5, ""x15_multiplier"": 1.5}"
gs_raw_buy,local_optuna_t24_vsplit,300161,formula_exit_or_20,20,34,0.588235,0.050715,-0.040544,1.250852,0.000000,0.000000,68.901321,"{""down_adjust"": 0.99, ""ema_fallback_span"": 4, ""iterations"": 11, ""signal_cooldown_days"": 16, ""up_adjust"": 1.01, ""x3_ma_windows"": [3, 8, 13, 21]}"
activity_breakout,local_optuna_t24_vsplit,300165,formula_exit_or_15,15,22,0.636364,0.085064,-0.035750,2.379402,0.000000,0.000000,75.987921,"{""big_bull_line"": 7.5, ""max_close_ret"": 8.0, ""min_close_ret"": 1.0, ""signal_cooldown_days"": 14, ""strong_line"": 2.5, ""x15_multiplier"": 1.1}"
volume_base_breakout,local_optuna_t24_vsplit,300165,fixed_60,60,13,0.846154,0.166177,-0.154592,1.074937,0.000000,0.000000,75.759298,"{""amount_spike_ratio"": 2.2, ""base_ceiling"": 1.24, ""base_floor"": 0.87, ""base_max_days"": 110, ""base_min_days"": 20, ""base_range_max"": 0.37, ""breakout_max_extension"": 1.05, ""breakout_near_high"": 0.91, ""dry_ratio"": 0.35, ""signal_cooldown_days"": 16, ""spike_lookback"": 120, ""spike_ratio"": 2.6, ""warm_ret_max"": 0.2, ""warm_ret_min"": 0.019999999999999997, ""warm_vol_ratio"": 1.0}"
volume_base_breakout,local_optuna_t24_vsplit,300176,fixed_60,60,13,0.692308,0.120200,-0.116154,1.034834,0.000000,0.000000,70.943403,"{""amount_spike_ratio"": 2.4, ""base_ceiling"": 1.5, ""base_floor"": 0.78, ""base_max_days"": 115, ""base_min_days"": 20, ""base_range_max"": 0.41000000000000003, ""breakout_max_extension"": 1.08, ""breakout_near_high"": 0.9, ""dry_ratio"": 0.35, ""signal_cooldown_days"": 8, ""spike_lookback"": 70, ""spike_ratio"": 2.8, ""warm_ret_max"": 0.18, ""warm_ret_min"": 0.01, ""warm_vol_ratio"": 0.9}"
activity_breakout,local_optuna_t24_vsplit,300191,fixed_30,30,15,0.600000,0.122280,-0.116700,1.047815,0.000000,0.000000,68.239075,"{""big_bull_line"": 8.0, ""max_close_ret"": 12.0, ""min_close_ret"": -0.5, ""signal_cooldown_days"": 13, ""strong_line"": 3.0, ""x15_multiplier"": 1.0}"
activity_breakout,local_optuna_t24_vsplit,300206,formula_exit_or_10,10,20,0.800000,0.029525,-0.052480,0.562595,0.000000,0.000000,61.575476,"{""big_bull_line"": 7.0, ""max_close_ret"": 9.0, ""min_close_ret"": 0.0, ""signal_cooldown_days"": 13, ""strong_line"": 4.5, ""x15_multiplier"": 1.1}"
activity_breakout,local_optuna_t24_vsplit,300207,formula_exit_or_15,15,25,0.640000,0.028116,-0.031748,0.885599,0.000000,0.000000,57.685995,"{""big_bull_line"": 8.5, ""max_close_ret"": 14.0, ""min_close_ret"": 1.5, ""signal_cooldown_days"": 8, ""strong_line"": 3.5, ""x15_multiplier"": 1.3}"
gs_pullback_confirm,local_optuna_t24_vsplit,300221,fixed_60,60,17,0.941176,0.181641,-0.180571,1.005929,0.000000,0.000000,78.264939,"{""ma_pull_high"": 1.03, ""ma_pull_low"": 0.8200000000000001, ""maxlen_max"": 21, ""maxrun_max"": 7, ""rate_min"": 25, ""sellpct_max"": 65}"
gs_raw_buy,local_optuna_t24_vsplit,300224,fixed_60,60,37,0.459459,0.055654,-0.117478,0.473739,0.000000,0.000000,61.152477,"{""down_adjust"": 0.97, ""ema_fallback_span"": 5, ""iterations"": 11, ""signal_cooldown_days"": 13, ""up_adjust"": 1.04, ""x3_ma_windows"": [3, 5, 10, 20]}"
activity_breakout,local_optuna_t24_vsplit,300228,fixed_60,60,54,0.500000,0.034156,-0.137156,0.249028,0.000000,0.000000,53.322917,"{""big_bull_line"": 5.0, ""max_close_ret"": 12.0, ""min_close_ret"": 2.0, ""signal_cooldown_days"": 9, ""strong_line"": 4.0, ""x15_multiplier"": 1.6}"
activity_breakout,local_optuna_t24_vsplit,300235,formula_exit_or_15,15,57,0.508772,0.038070,-0.040119,0.948924,0.000000,0.000000,59.042867,"{""big_bull_line"": 7.0, ""max_close_ret"": 12.0, ""min_close_ret"": -0.5, ""signal_cooldown_days"": 11, ""strong_line"": 2.5, ""x15_multiplier"": 1.7000000000000002}"
activity_breakout,local_optuna_t24_vsplit,300239,fixed_10,10,30,0.666667,0.040993,-0.051160,0.801277,0.000000,0.000000,64.503052,"{""big_bull_line"": 6.5, ""max_close_ret"": 9.0, ""min_close_ret"": 2.0, ""signal_cooldown_days"": 11, ""strong_line"": 3.0, ""x15_multiplier"": 1.4}"
activity_breakout,local_optuna_t24_vsplit,300241,fixed_60,60,39,0.512821,0.042028,-0.140051,0.300092,0.000000,0.000000,57.899176,"{""big_bull_line"": 7.5, ""max_close_ret"": 13.0, ""min_close_ret"": -1.0, ""signal_cooldown_days"": 8, ""strong_line"": 3.5, ""x15_multiplier"": 1.7000000000000002}"
volume_base_breakout,local_optuna_t24_vsplit,300241,fixed_30,30,10,0.800000,0.064540,-0.057120,1.129902,0.000000,0.000000,73.949191,"{""amount_spike_ratio"": 2.6, ""base_ceiling"": 1.4, ""base_floor"": 0.86, ""base_max_days"": 100, ""base_min_days"": 30, ""base_range_max"": 0.27, ""breakout_max_extension"": 1.09, ""breakout_near_high"": 0.93, ""dry_ratio"": 0.35, ""signal_cooldown_days"": 15, ""spike_lookback"": 70, ""spike_ratio"": 2.6, ""warm_ret_max"": 0.26, ""warm_ret_min"": -0.01, ""warm_vol_ratio"": 1.0}"
activity_breakout,local_optuna_t24_vsplit,300247,fixed_30,30,14,0.714286,0.125757,-0.064500,1.949723,0.000000,0.000000,76.177187,"{""big_bull_line"": 8.0, ""max_close_ret"": 13.0, ""min_close_ret"": 0.0, ""signal_cooldown_days"": 10, ""strong_line"": 2.5, ""x15_multiplier"": 1.0}"
activity_breakout,local_optuna_t24_vsplit,300259,fixed_60,60,9,0.888889,0.129978,-0.059200,2.195571,0.000000,0.000000,81.177088,"{""big_bull_line"": 6.5, ""max_close_ret"": 8.0, ""min_close_ret"": 0.0, ""signal_cooldown_days"": 6, ""strong_line"": 2.5, ""x15_multiplier"": 1.0}"
activity_breakout,local_optuna_t24_vsplit,300261,fixed_5,5,36,0.555556,0.019992,-0.056642,0.352950,0.000000,0.000000,48.427249,"{""big_bull_line"": 8.5, ""max_close_ret"": 13.0, ""min_close_ret"": 0.0, ""signal_cooldown_days"": 8, ""strong_line"": 2.5, ""x15_multiplier"": 1.3}"
activity_breakout,local_optuna_t24_vsplit,300264,fixed_30,30,65,0.523077,0.033463,-0.135535,0.246896,0.000000,0.000000,53.658324,"{""big_bull_line"": 7.0, ""max_close_ret"": 9.0, ""min_close_ret"": 1.5, ""signal_cooldown_days"": 9, ""strong_line"": 4.0, ""x15_multiplier"": 1.7000000000000002}"
activity_breakout,local_optuna_t24_vsplit,300266,formula_exit_or_10,10,19,0.736842,0.075821,-0.040900,1.853815,0.000000,0.000000,76.374340,"{""big_bull_line"": 8.5, ""max_close_ret"": 8.0, ""min_close_ret"": -1.0, ""signal_cooldown_days"": 8, ""strong_line"": 4.0, ""x15_multiplier"": 1.1}"
activity_breakout,local_optuna_t24_vsplit,300267,fixed_10,10,28,0.714286,0.041150,-0.049964,0.823588,0.000000,0.000000,66.121513,"{""big_bull_line"": 8.0, ""max_close_ret"": 8.0, ""min_close_ret"": 0.0, ""signal_cooldown_days"": 14, ""strong_line"": 3.5, ""x15_multiplier"": 1.6}"
activity_breakout,local_optuna_t24_vsplit,300278,formula_exit_or_10,10,28,0.571429,0.039725,-0.044971,0.883339,0.035714,0.000000,61.064907,"{""big_bull_line"": 6.0, ""max_close_ret"": 10.0, ""min_close_ret"": 1.0, ""signal_cooldown_days"": 9, ""strong_line"": 2.5, ""x15_multiplier"": 1.0}"
activity_breakout,local_optuna_t24_vsplit,300281,fixed_10,10,17,0.882353,0.064065,-0.070282,0.911533,0.000000,0.000000,76.028255,"{""big_bull_line"": 7.0, ""max_close_ret"": 14.0, ""min_close_ret"": 0.5, ""signal_cooldown_days"": 10, ""strong_line"": 4.5, ""x15_multiplier"": 1.0}"
activity_breakout,local_optuna_t24_vsplit,300283,fixed_10,10,23,0.782609,0.062039,-0.045361,1.367679,0.000000,0.000000,75.316658,"{""big_bull_line"": 8.0, ""max_close_ret"": 10.0, ""min_close_ret"": 1.0, ""signal_cooldown_days"": 14, ""strong_line"": 4.0, ""x15_multiplier"": 1.2}"
activity_breakout,local_optuna_t24_vsplit,300286,formula_exit_or_60,60,71,0.478873,0.033704,-0.050718,0.664538,0.000000,0.000000,54.540998,"{""big_bull_line"": 6.5, ""max_close_ret"": 12.0, ""min_close_ret"": 1.0, ""signal_cooldown_days"": 8, ""strong_line"": 2.5, ""x15_multiplier"": 1.6}"
activity_breakout,local_optuna_t24_vsplit,300291,fixed_60,60,62,0.532258,0.050242,-0.161558,0.310984,0.016129,0.000000,62.361370,"{""big_bull_line"": 5.0, ""max_close_ret"": 13.0, ""min_close_ret"": 1.5, ""signal_cooldown_days"": 9, ""strong_line"": 3.0, ""x15_multiplier"": 1.8}"
activity_breakout,local_optuna_t24_vsplit,300295,formula_exit_or_60,60,37,0.486486,0.109432,-0.053597,2.041753,0.000000,0.000000,69.803359,"{""big_bull_line"": 8.5, ""max_close_ret"": 9.0, ""min_close_ret"": 1.5, ""signal_cooldown_days"": 12, ""strong_line"": 2.5, ""x15_multiplier"": 1.5}"
activity_breakout,local_optuna_t24_vsplit,300302,fixed_10,10,38,0.657895,0.068095,-0.078629,0.866026,0.000000,0.000000,69.066974,"{""big_bull_line"": 8.5, ""max_close_ret"": 10.0, ""min_close_ret"": 0.0, ""signal_cooldown_days"": 11, ""strong_line"": 4.0, ""x15_multiplier"": 1.4}"
gs_pullback_confirm,local_optuna_t24_vsplit,300303,formula_exit_or_15,15,17,0.823529,0.056035,-0.024300,2.305979,0.000000,0.000000,81.235778,"{""ma_pull_high"": 1.03, ""ma_pull_low"": 0.8600000000000001, ""maxlen_max"": 24, ""maxrun_max"": 10, ""rate_min"": 30, ""sellpct_max"": 45}"
gs_raw_buy,local_optuna_t24_vsplit,300305,formula_exit_or_5,5,47,0.489362,0.018964,-0.027564,0.687997,0.000000,0.000000,47.602751,"{""down_adjust"": 0.99, ""ema_fallback_span"": 7, ""iterations"": 12, ""signal_cooldown_days"": 11, ""up_adjust"": 1.03, ""x3_ma_windows"": [3, 5, 10, 20]}"
activity_breakout,local_optuna_t24_vsplit,300313,fixed_60,60,27,0.555556,0.061644,-0.182174,0.338382,0.000000,0.000000,63.358577,"{""big_bull_line"": 9.0, ""max_close_ret"": 13.0, ""min_close_ret"": 2.0, ""signal_cooldown_days"": 6, ""strong_line"": 4.5, ""x15_multiplier"": 1.0}"
gs_raw_buy,local_optuna_t24_vsplit,300320,formula_exit_or_60,60,32,0.468750,0.034697,-0.033712,1.029199,0.000000,0.000000,56.556933,"{""down_adjust"": 0.99, ""ema_fallback_span"": 4, ""iterations"": 7, ""signal_cooldown_days"": 16, ""up_adjust"": 1.01, ""x3_ma_windows"": [5, 10, 20, 30]}"
gs_pullback_confirm,local_optuna_t24_vsplit,300326,formula_exit_or_15,15,11,0.909091,0.059818,-0.054464,1.098314,0.000000,0.000000,77.764298,"{""ma_pull_high"": 1.04, ""ma_pull_low"": 0.76, ""maxlen_max"": 10, ""maxrun_max"": 8, ""rate_min"": 30, ""sellpct_max"": 50}"
gs_raw_buy,local_optuna_t24_vsplit,300333,fixed_20,20,29,0.655172,0.074652,-0.095679,0.780228,0.068966,0.000000,67.866660,"{""down_adjust"": 0.99, ""ema_fallback_span"": 5, ""iterations"": 11, ""signal_cooldown_days"": 15, ""up_adjust"": 1.03, ""x3_ma_windows"": [5, 10, 20, 30]}"
activity_breakout,local_optuna_t24_vsplit,300341,formula_exit_or_20,20,32,0.593750,0.070113,-0.038697,1.811839,0.000000,0.000000,71.871694,"{""big_bull_line"": 8.0, ""max_close_ret"": 8.0, ""min_close_ret"": 0.0, ""signal_cooldown_days"": 7, ""strong_line"": 3.5, ""x15_multiplier"": 1.2}"
gs_raw_buy,local_optuna_t24_vsplit,300346,fixed_20,20,32,0.593750,0.046103,-0.037922,1.215740,0.000000,0.000000,66.942760,"{""down_adjust"": 0.98, ""ema_fallback_span"": 3, ""iterations"": 9, ""signal_cooldown_days"": 15, ""up_adjust"": 1.02, ""x3_ma_windows"": [5, 10, 20, 30]}"
activity_breakout,local_optuna_t24_vsplit,300349,fixed_20,20,11,0.818182,0.076036,-0.030000,2.534545,0.000000,0.000000,82.218182,"{""big_bull_line"": 9.0, ""max_close_ret"": 11.0, ""min_close_ret"": 1.5, ""signal_cooldown_days"": 8, ""strong_line"": 2.5, ""x15_multiplier"": 1.1}"
gs_raw_buy,local_optuna_t24_vsplit,300351,formula_exit_or_5,5,34,0.588235,0.052571,-0.040800,1.288495,0.000000,0.000000,69.089533,"{""down_adjust"": 0.99, ""ema_fallback_span"": 5, ""iterations"": 6, ""signal_cooldown_days"": 13, ""up_adjust"": 1.03, ""x3_ma_windows"": [5, 10, 20, 30]}"
activity_breakout,local_optuna_t24_vsplit,300352,fixed_10,10,30,0.633333,0.053267,-0.053050,1.004084,0.000000,0.000000,69.020421,"{""big_bull_line"": 6.5, ""max_close_ret"": 8.0, ""min_close_ret"": 2.0, ""signal_cooldown_days"": 12, ""strong_line"": 4.0, ""x15_multiplier"": 1.2}"
activity_breakout,local_optuna_t24_vsplit,300358,fixed_20,20,17,0.588235,0.018629,-0.082724,0.225201,0.000000,0.000000,48.087769,"{""big_bull_line"": 8.5, ""max_close_ret"": 11.0, ""min_close_ret"": -0.5, ""signal_cooldown_days"": 10, ""strong_line"": 2.5, ""x15_multiplier"": 1.1}"
activity_breakout,local_optuna_t24_vsplit,300359,fixed_10,10,20,0.700000,0.063545,-0.062645,1.014367,0.000000,0.000000,71.071833,"{""big_bull_line"": 9.0, ""max_close_ret"": 9.0, ""min_close_ret"": -0.5, ""signal_cooldown_days"": 9, ""strong_line"": 3.0, ""x15_multiplier"": 1.0}"
gs_pullback_confirm,local_optuna_t24_vsplit,300368,fixed_30,30,14,1.000000,0.358814,-0.067536,5.312956,0.000000,0.000000,95.000000,"{""ma_pull_high"": 1.01, ""ma_pull_low"": 0.7200000000000001, ""maxlen_max"": 10, ""maxrun_max"": 10, ""rate_min"": 30, ""sellpct_max"": 75}"
activity_breakout,local_optuna_t24_vsplit,300382,fixed_5,5,27,0.703704,0.065244,-0.046489,1.403442,0.000000,0.000000,73.128320,"{""big_bull_line"": 9.0, ""max_close_ret"": 12.0, ""min_close_ret"": 2.0, ""signal_cooldown_days"": 11, ""strong_line"": 4.0, ""x15_multiplier"": 1.2}"
gs_pullback_confirm,local_optuna_t24_vsplit,300393,fixed_60,60,12,0.916667,0.156708,-0.086408,1.813579,0.000000,0.000000,81.567895,"{""ma_pull_high"": 1.04, ""ma_pull_low"": 0.8400000000000001, ""maxlen_max"": 24, ""maxrun_max"": 11, ""rate_min"": 40, ""sellpct_max"": 55}"
gs_pullback_confirm,local_optuna_t24_vsplit,300399,fixed_10,10,13,1.000000,0.127515,-0.077669,1.641775,0.000000,0.000000,83.208874,"{""ma_pull_high"": 0.96, ""ma_pull_low"": 0.7000000000000001, ""maxlen_max"": 21, ""maxrun_max"": 5, ""rate_min"": 25, ""sellpct_max"": 50}"
volume_base_breakout,local_optuna_t24_vsplit,300404,fixed_5,5,10,0.800000,0.059120,-0.037480,1.577375,0.000000,0.000000,76.186554,"{""amount_spike_ratio"": 2.6, ""base_ceiling"": 1.5, ""base_floor"": 0.76, ""base_max_days"": 100, ""base_min_days"": 35, ""base_range_max"": 0.39, ""breakout_max_extension"": 1.12, ""breakout_near_high"": 0.93, ""dry_ratio"": 0.39999999999999997, ""signal_cooldown_days"": 10, ""spike_lookback"": 90, ""spike_ratio"": 3.2, ""warm_ret_max"": 0.2, ""warm_ret_min"": 0.0, ""warm_vol_ratio"": 0.95}"
activity_breakout,local_optuna_t24_vsplit,300405,fixed_10,10,12,0.833333,0.084333,-0.068733,1.226964,0.000000,0.000000,76.134821,"{""big_bull_line"": 9.0, ""max_close_ret"": 8.0, ""min_close_ret"": 0.5, ""signal_cooldown_days"": 12, ""strong_line"": 4.0, ""x15_multiplier"": 1.2}"
activity_breakout,local_optuna_t24_vsplit,300408,fixed_60,60,18,0.611111,0.097378,-0.095544,1.019188,0.000000,0.000000,68.429275,"{""big_bull_line"": 8.0, ""max_close_ret"": 12.0, ""min_close_ret"": 1.5, ""signal_cooldown_days"": 12, ""strong_line"": 3.0, ""x15_multiplier"": 1.3}"
activity_breakout,local_optuna_t24_vsplit,300418,fixed_60,60,60,0.533333,0.171073,-0.162662,1.051713,0.000000,0.000000,66.258563,"{""big_bull_line"": 5.5, ""max_close_ret"": 9.0, ""min_close_ret"": -0.5, ""signal_cooldown_days"": 11, ""strong_line"": 3.5, ""x15_multiplier"": 1.7000000000000002}"
activity_breakout,local_optuna_t24_vsplit,300422,fixed_5,5,48,0.583333,0.023644,-0.039977,0.591433,0.000000,0.000000,52.279038,"{""big_bull_line"": 5.5, ""max_close_ret"": 13.0, ""min_close_ret"": 1.5, ""signal_cooldown_days"": 12, ""strong_line"": 4.5, ""x15_multiplier"": 1.7000000000000002}"
volume_base_breakout,local_optuna_t24_vsplit,300442,fixed_5,5,9,1.000000,0.096633,-0.018367,5.261343,0.000000,0.000000,93.532568,"{""amount_spike_ratio"": 2.6, ""base_ceiling"": 1.28, ""base_floor"": 0.78, ""base_max_days"": 110, ""base_min_days"": 40, ""base_range_max"": 0.41000000000000003, ""breakout_max_extension"": 1.12, ""breakout_near_high"": 0.96, ""dry_ratio"": 0.44999999999999996, ""signal_cooldown_days"": 14, ""spike_lookback"": 90, ""spike_ratio"": 2.8, ""warm_ret_max"": 0.18, ""warm_ret_min"": 0.019999999999999997, ""warm_vol_ratio"": 1.05}"
gs_pullback_confirm,local_optuna_t24_vsplit,300444,fixed_60,60,12,1.000000,0.577900,-0.069192,8.352162,0.000000,0.000000,95.000000,"{""ma_pull_high"": 1.03, ""ma_pull_low"": 0.76, ""maxlen_max"": 13, ""maxrun_max"": 10, ""rate_min"": 50, ""sellpct_max"": 75}"
activity_breakout,local_optuna_t24_vsplit,300445,fixed_60,60,60,0.683333,0.044692,-0.132602,0.337037,0.000000,0.000000,64.531018,"{""big_bull_line"": 6.0, ""max_close_ret"": 10.0, ""min_close_ret"": 2.0, ""signal_cooldown_days"": 6, ""strong_line"": 3.0, ""x15_multiplier"": 1.8}"
gs_raw_buy,local_optuna_t24_vsplit,300448,fixed_60,60,48,0.562500,0.045265,-0.152619,0.296586,0.000000,0.000000,60.990222,"{""down_adjust"": 0.97, ""ema_fallback_span"": 5, ""iterations"": 7, ""signal_cooldown_days"": 10, ""up_adjust"": 1.04, ""x3_ma_windows"": [3, 5, 10, 20]}"
activity_breakout,local_optuna_t24_vsplit,300458,fixed_60,60,25,0.600000,0.113420,-0.260480,0.435427,0.000000,0.000000,65.177135,"{""big_bull_line"": 7.5, ""max_close_ret"": 11.0, ""min_close_ret"": 1.0, ""signal_cooldown_days"": 10, ""strong_line"": 4.5, ""x15_multiplier"": 1.0}"
activity_breakout,local_optuna_t24_vsplit,300461,fixed_60,60,46,0.586957,0.105596,-0.188126,0.561303,0.000000,0.000000,65.415208,"{""big_bull_line"": 5.0, ""max_close_ret"": 14.0, ""min_close_ret"": 0.5, ""signal_cooldown_days"": 13, ""strong_line"": 4.5, ""x15_multiplier"": 1.3}"
volume_base_breakout,local_optuna_t24_vsplit,300461,fixed_5,5,9,1.000000,0.094000,-0.028400,3.309859,0.000000,0.000000,90.081864,"{""amount_spike_ratio"": 2.8, ""base_ceiling"": 1.3199999999999998, ""base_floor"": 0.76, ""base_max_days"": 85, ""base_min_days"": 35, ""base_range_max"": 0.29, ""breakout_max_extension"": 1.1, ""breakout_near_high"": 0.92, ""dry_ratio"": 0.39999999999999997, ""signal_cooldown_days"": 17, ""spike_lookback"": 90, ""spike_ratio"": 2.4, ""warm_ret_max"": 0.16, ""warm_ret_min"": 0.0, ""warm_vol_ratio"": 0.95}"
gs_pullback_confirm,local_optuna_t24_vsplit,300471,fixed_60,60,15,1.000000,0.191700,-0.074440,2.575228,0.000000,0.000000,87.876142,"{""ma_pull_high"": 1.04, ""ma_pull_low"": 0.7200000000000001, ""maxlen_max"": 20, ""maxrun_max"": 11, ""rate_min"": 50, ""sellpct_max"": 60}"
activity_breakout,local_optuna_t24_vsplit,300481,formula_exit_or_10,10,30,0.600000,0.027770,-0.017903,1.551108,0.000000,0.000000,59.640539,"{""big_bull_line"": 7.0, ""max_close_ret"": 12.0, ""min_close_ret"": 2.0, ""signal_cooldown_days"": 7, ""strong_line"": 4.5, ""x15_multiplier"": 1.3}"
activity_breakout,local_optuna_t24_vsplit,300487,fixed_15,15,17,0.588235,0.026912,-0.047682,0.564397,0.000000,0.000000,53.924925,"{""big_bull_line"": 7.5, ""max_close_ret"": 14.0, ""min_close_ret"": 2.0, ""signal_cooldown_days"": 11, ""strong_line"": 3.0, ""x15_multiplier"": 1.0}"
gs_raw_buy,local_optuna_t24_vsplit,300487,fixed_5,5,37,0.621622,0.016343,-0.030314,0.539141,0.000000,0.000000,49.515973,"{""down_adjust"": 0.97, ""ema_fallback_span"": 7, ""iterations"": 6, ""signal_cooldown_days"": 15, ""up_adjust"": 1.02, ""x3_ma_windows"": [3, 8, 13, 21]}"
gs_pullback_confirm,local_optuna_t24_vsplit,300490,fixed_60,60,15,1.000000,0.364753,-0.050893,7.167016,0.000000,0.000000,95.000000,"{""ma_pull_high"": 0.98, ""ma_pull_low"": 0.68, ""maxlen_max"": 13, ""maxrun_max"": 10, ""rate_min"": 25, ""sellpct_max"": 45}"
activity_breakout,local_optuna_t24_vsplit,300501,formula_exit_or_15,15,14,0.785714,0.062093,-0.282307,0.219948,0.000000,0.000000,69.671168,"{""big_bull_line"": 9.0, ""max_close_ret"": 12.0, ""min_close_ret"": 2.0, ""signal_cooldown_days"": 12, ""strong_line"": 3.5, ""x15_multiplier"": 1.2}"
activity_breakout,local_optuna_t24_vsplit,300508,fixed_5,5,42,0.642857,0.032136,-0.043967,0.730911,0.000000,0.000000,59.008126,"{""big_bull_line"": 5.0, ""max_close_ret"": 14.0, ""min_close_ret"": 1.5, ""signal_cooldown_days"": 14, ""strong_line"": 4.5, ""x15_multiplier"": 1.1}"
gs_pullback_confirm,local_optuna_t24_vsplit,300509,fixed_60,60,9,1.000000,0.288122,-0.045000,6.402716,0.000000,0.000000,93.532568,"{""ma_pull_high"": 1.04, ""ma_pull_low"": 0.74, ""maxlen_max"": 14, ""maxrun_max"": 9, ""rate_min"": 30, ""sellpct_max"": 60}"
gs_raw_buy,local_optuna_t24_vsplit,300512,fixed_5,5,40,0.725000,0.014197,-0.028290,0.501856,0.000000,0.000000,51.358029,"{""down_adjust"": 0.99, ""ema_fallback_span"": 7, ""iterations"": 9, ""signal_cooldown_days"": 12, ""up_adjust"": 1.02, ""x3_ma_windows"": [3, 5, 10, 20]}"
gs_pullback_confirm,local_optuna_t24_vsplit,300514,formula_exit_or_30,30,10,0.900000,0.057350,-0.019550,2.933504,0.000000,0.000000,85.967200,"{""ma_pull_high"": 0.98, ""ma_pull_low"": 0.68, ""maxlen_max"": 20, ""maxrun_max"": 5, ""rate_min"": 25, ""sellpct_max"": 45}"
activity_breakout,local_optuna_t24_vsplit,300521,fixed_20,20,70,0.628571,0.060239,-0.083704,0.719659,0.000000,0.000000,67.455440,"{""big_bull_line"": 5.0, ""max_close_ret"": 10.0, ""min_close_ret"": 1.0, ""signal_cooldown_days"": 6, ""strong_line"": 3.0, ""x15_multiplier"": 1.7000000000000002}"
gs_raw_buy,local_optuna_t24_vsplit,300530,fixed_15,15,29,0.517241,0.055434,-0.087055,0.636774,0.000000,0.000000,63.701112,"{""down_adjust"": 0.98, ""ema_fallback_span"": 3, ""iterations"": 10, ""signal_cooldown_days"": 16, ""up_adjust"": 1.03, ""x3_ma_windows"": [5, 10, 20, 30]}"
gs_pullback_confirm,local_optuna_t24_vsplit,300538,fixed_60,60,15,1.000000,0.131680,-0.173887,0.757275,0.000000,0.000000,78.786374,"{""ma_pull_high"": 1.03, ""ma_pull_low"": 0.76, ""maxlen_max"": 15, ""maxrun_max"": 7, ""rate_min"": 35, ""sellpct_max"": 60}"
gs_raw_buy,local_optuna_t24_vsplit,300538,fixed_20,20,39,0.641026,0.034638,-0.090090,0.384488,0.000000,0.000000,58.472442,"{""down_adjust"": 0.96, ""ema_fallback_span"": 6, ""iterations"": 9, ""signal_cooldown_days"": 6, ""up_adjust"": 1.02, ""x3_ma_windows"": [5, 10, 20, 30]}"
activity_breakout,local_optuna_t24_vsplit,300542,formula_exit_or_15,15,32,0.562500,0.075816,-0.038066,1.991708,0.000000,0.000000,71.833542,"{""big_bull_line"": 6.5, ""max_close_ret"": 12.0, ""min_close_ret"": 1.0, ""signal_cooldown_days"": 13, ""strong_line"": 4.0, ""x15_multiplier"": 1.2}"
activity_breakout,local_optuna_t24_vsplit,300546,formula_exit_or_10,10,27,0.703704,0.076619,-0.047241,1.621874,0.037037,0.000000,73.850110,"{""big_bull_line"": 8.5, ""max_close_ret"": 10.0, ""min_close_ret"": -1.0, ""signal_cooldown_days"": 14, ""strong_line"": 4.0, ""x15_multiplier"": 1.1}"
gs_raw_buy,local_optuna_t24_vsplit,300546,fixed_20,20,41,0.487805,0.048778,-0.109183,0.446755,0.073171,0.000000,60.525240,"{""down_adjust"": 0.99, ""ema_fallback_span"": 3, ""iterations"": 8, ""signal_cooldown_days"": 6, ""up_adjust"": 1.04, ""x3_ma_windows"": [5, 10, 20, 30]}"
activity_breakout,local_optuna_t24_vsplit,300562,fixed_60,60,52,0.538462,0.052383,-0.132271,0.396025,0.000000,0.000000,63.133971,"{""big_bull_line"": 6.0, ""max_close_ret"": 13.0, ""min_close_ret"": 2.0, ""signal_cooldown_days"": 6, ""strong_line"": 4.0, ""x15_multiplier"": 1.5}"
gs_pullback_confirm,local_optuna_t24_vsplit,300562,fixed_15,15,11,1.000000,0.074282,-0.016645,4.462589,0.000000,0.000000,95.000000,"{""ma_pull_high"": 0.99, ""ma_pull_low"": 0.8600000000000001, ""maxlen_max"": 14, ""maxrun_max"": 12, ""rate_min"": 40, ""sellpct_max"": 45}"
gs_raw_buy,local_optuna_t24_vsplit,300566,fixed_60,60,38,0.605263,0.050418,-0.138903,0.362977,0.000000,0.000000,64.972778,"{""down_adjust"": 0.96, ""ema_fallback_span"": 4, ""iterations"": 7, ""signal_cooldown_days"": 8, ""up_adjust"": 1.02, ""x3_ma_windows"": [5, 10, 20, 30]}"
gs_pullback_confirm,local_optuna_t24_vsplit,300572,fixed_20,20,13,1.000000,0.134223,-0.036162,3.711763,0.000000,0.000000,93.558817,"{""ma_pull_high"": 0.96, ""ma_pull_low"": 0.8400000000000001, ""maxlen_max"": 24, ""maxrun_max"": 12, ""rate_min"": 25, ""sellpct_max"": 55}"
gs_raw_buy,local_optuna_t24_vsplit,300576,fixed_5,5,30,0.533333,0.046777,-0.019820,2.360074,0.033333,0.000000,70.855370,"{""down_adjust"": 0.98, ""ema_fallback_span"": 5, ""iterations"": 7, ""signal_cooldown_days"": 16, ""up_adjust"": 1.04, ""x3_ma_windows"": [5, 10, 20, 30]}"
gs_raw_buy,local_optuna_t24_vsplit,300581,formula_exit_or_5,5,34,0.529412,0.031371,-0.037591,0.834520,0.029412,0.000000,55.446129,"{""down_adjust"": 0.99, ""ema_fallback_span"": 4, ""iterations"": 10, ""signal_cooldown_days"": 16, ""up_adjust"": 1.01, ""x3_ma_windows"": [5, 10, 20, 30]}"
activity_breakout,local_optuna_t24_vsplit,300585,fixed_60,60,54,0.537037,0.045150,-0.213744,0.211234,0.000000,0.000000,59.742279,"{""big_bull_line"": 6.5, ""max_close_ret"": 12.0, ""min_close_ret"": -0.5, ""signal_cooldown_days"": 11, ""strong_line"": 4.0, ""x15_multiplier"": 1.5}"
volume_base_breakout,local_optuna_t24_vsplit,300599,formula_exit_or_15,15,10,0.700000,0.051910,-0.050390,1.030165,0.100000,0.000000,69.450504,"{""amount_spike_ratio"": 3.0, ""base_ceiling"": 1.46, ""base_floor"": 0.79, ""base_max_days"": 105, ""base_min_days"": 20, ""base_range_max"": 0.41000000000000003, ""breakout_max_extension"": 1.08, ""breakout_near_high"": 0.9500000000000001, ""dry_ratio"": 0.35, ""signal_cooldown_days"": 15, ""spike_lookback"": 120, ""spike_ratio"": 2.4, ""warm_ret_max"": 0.26, ""warm_ret_min"": 0.019999999999999997, ""warm_vol_ratio"": 0.95}"
gs_pullback_confirm,local_optuna_t24_vsplit,300604,formula_exit_or_30,30,10,0.900000,0.158330,-0.107150,1.477648,0.000000,0.000000,78.687922,"{""ma_pull_high"": 1.03, ""ma_pull_low"": 0.74, ""maxlen_max"": 24, ""maxrun_max"": 5, ""rate_min"": 30, ""sellpct_max"": 45}"
gs_pullback_confirm,local_optuna_t24_vsplit,300609,fixed_60,60,15,1.000000,0.268920,-0.079727,3.373025,0.000000,0.000000,91.865123,"{""ma_pull_high"": 0.98, ""ma_pull_low"": 0.8400000000000001, ""maxlen_max"": 21, ""maxrun_max"": 6, ""rate_min"": 25, ""sellpct_max"": 55}"
activity_breakout,local_optuna_t24_vsplit,300625,formula_exit_or_10,10,29,0.655172,0.021562,-0.013903,1.550843,0.000000,0.000000,58.190423,"{""big_bull_line"": 7.5, ""max_close_ret"": 10.0, ""min_close_ret"": 2.0, ""signal_cooldown_days"": 12, ""strong_line"": 3.5, ""x15_multiplier"": 1.8}"
gs_raw_buy,local_optuna_t24_vsplit,300629,fixed_15,15,42,0.500000,0.032388,-0.074371,0.435491,0.000000,0.000000,53.371503,"{""down_adjust"": 0.98, ""ema_fallback_span"": 6, ""iterations"": 12, ""signal_cooldown_days"": 10, ""up_adjust"": 1.03, ""x3_ma_windows"": [3, 8, 13, 21]}"
activity_breakout,local_optuna_t24_vsplit,300633,fixed_20,20,24,0.750000,0.058400,-0.076142,0.766991,0.000000,0.000000,71.334957,"{""big_bull_line"": 8.5, ""max_close_ret"": 11.0, ""min_close_ret"": 0.5, ""signal_cooldown_days"": 9, ""strong_line"": 3.5, ""x15_multiplier"": 1.2}"
activity_breakout,local_optuna_t24_vsplit,300636,formula_exit_or_10,10,15,0.533333,0.078153,-0.030060,2.599911,0.066667,0.000000,73.332890,"{""big_bull_line"": 7.5, ""max_close_ret"": 11.0, ""min_close_ret"": 1.0, ""signal_cooldown_days"": 10, ""strong_line"": 3.5, ""x15_multiplier"": 1.0}"
gs_raw_buy,local_optuna_t24_vsplit,300643,fixed_20,20,30,0.666667,0.054520,-0.071690,0.760497,0.000000,0.000000,68.802483,"{""down_adjust"": 0.97, ""ema_fallback_span"": 7, ""iterations"": 12, ""signal_cooldown_days"": 15, ""up_adjust"": 1.02, ""x3_ma_windows"": [5, 10, 20, 30]}"
activity_breakout,local_optuna_t24_vsplit,300645,fixed_15,15,21,0.476190,0.040071,-0.077043,0.520119,0.000000,0.000000,56.922022,"{""big_bull_line"": 6.5, ""max_close_ret"": 9.0, ""min_close_ret"": 1.5, ""signal_cooldown_days"": 12, ""strong_line"": 4.5, ""x15_multiplier"": 1.0}"
activity_breakout,local_optuna_t24_vsplit,300647,formula_exit_or_5,5,19,0.631579,0.046926,-0.033889,1.384687,0.000000,0.000000,69.333962,"{""big_bull_line"": 8.5, ""max_close_ret"": 14.0, ""min_close_ret"": 0.0, ""signal_cooldown_days"": 12, ""strong_line"": 3.5, ""x15_multiplier"": 1.0}"
activity_breakout,local_optuna_t24_vsplit,300650,formula_exit_or_5,5,42,0.690476,0.022871,-0.042445,0.538846,0.000000,0.000000,54.844228,"{""big_bull_line"": 6.5, ""max_close_ret"": 13.0, ""min_close_ret"": -0.5, ""signal_cooldown_days"": 14, ""strong_line"": 3.5, ""x15_multiplier"": 1.2}"
gs_raw_buy,local_optuna_t24_vsplit,300650,fixed_20,20,39,0.564103,0.021687,-0.088677,0.244564,0.000000,0.000000,48.989486,"{""down_adjust"": 0.97, ""ema_fallback_span"": 7, ""iterations"": 7, ""signal_cooldown_days"": 13, ""up_adjust"": 1.03, ""x3_ma_windows"": [3, 8, 13, 21]}"
gs_raw_buy,local_optuna_t24_vsplit,300656,formula_exit_or_20,20,36,0.472222,0.043853,-0.037139,1.180778,0.000000,0.027778,61.719167,"{""down_adjust"": 0.96, ""ema_fallback_span"": 7, ""iterations"": 7, ""signal_cooldown_days"": 16, ""up_adjust"": 1.02, ""x3_ma_windows"": [3, 5, 10, 20]}"
activity_breakout,local_optuna_t24_vsplit,300663,formula_exit_or_15,15,20,0.650000,0.073165,-0.046110,1.586749,0.000000,0.000000,72.433745,"{""big_bull_line"": 8.5, ""max_close_ret"": 14.0, ""min_close_ret"": 0.0, ""signal_cooldown_days"": 11, ""strong_line"": 3.0, ""x15_multiplier"": 1.0}"
volume_base_breakout,local_optuna_t24_vsplit,300669,fixed_60,60,12,1.000000,0.232017,-0.048892,4.745526,0.000000,0.000000,95.000000,"{""amount_spike_ratio"": 3.2, ""base_ceiling"": 1.3599999999999999, ""base_floor"": 0.79, ""base_max_days"": 80, ""base_min_days"": 30, ""base_range_max"": 0.41000000000000003, ""breakout_max_extension"": 1.11, ""breakout_near_high"": 0.92, ""dry_ratio"": 0.44999999999999996, ""signal_cooldown_days"": 11, ""spike_lookback"": 70, ""spike_ratio"": 2.4, ""warm_ret_max"": 0.16, ""warm_ret_min"": 0.03, ""warm_vol_ratio"": 0.8}"
activity_breakout,local_optuna_t24_vsplit,300670,fixed_5,5,20,0.700000,0.029120,-0.056910,0.511685,0.000000,0.000000,58.118426,"{""big_bull_line"": 8.5, ""max_close_ret"": 12.0, ""min_close_ret"": -0.5, ""signal_cooldown_days"": 9, ""strong_line"": 2.5, ""x15_multiplier"": 1.0}"
gs_raw_buy,local_optuna_t24_vsplit,300670,fixed_20,20,42,0.571429,0.023500,-0.097743,0.240427,0.023810,0.000000,49.856896,"{""down_adjust"": 0.98, ""ema_fallback_span"": 6, ""iterations"": 11, ""signal_cooldown_days"": 14, ""up_adjust"": 1.02, ""x3_ma_windows"": [3, 5, 10, 20]}"
activity_breakout,local_optuna_t24_vsplit,300675,fixed_15,15,54,0.592593,0.015689,-0.071624,0.219045,0.018519,0.000000,46.532262,"{""big_bull_line"": 5.0, ""max_close_ret"": 11.0, ""min_close_ret"": 0.5, ""signal_cooldown_days"": 13, ""strong_line"": 3.0, ""x15_multiplier"": 1.7000000000000002}"
activity_breakout,local_optuna_t24_vsplit,300679,fixed_60,60,11,0.818182,0.232164,-0.146236,1.587592,0.000000,0.000000,77.483413,"{""big_bull_line"": 8.0, ""max_close_ret"": 8.0, ""min_close_ret"": 2.0, ""signal_cooldown_days"": 6, ""strong_line"": 3.0, ""x15_multiplier"": 1.0}"
activity_breakout,local_optuna_t24_vsplit,300687,formula_exit_or_5,5,16,0.750000,0.056787,-0.044062,1.288794,0.000000,0.000000,73.943972,"{""big_bull_line"": 9.0, ""max_close_ret"": 12.0, ""min_close_ret"": -1.0, ""signal_cooldown_days"": 13, ""strong_line"": 2.5, ""x15_multiplier"": 1.0}"
gs_raw_buy,local_optuna_t24_vsplit,300690,fixed_60,60,30,0.600000,0.070503,-0.192843,0.365599,0.000000,0.000000,64.827995,"{""down_adjust"": 0.96, ""ema_fallback_span"": 7, ""iterations"": 11, ""signal_cooldown_days"": 16, ""up_adjust"": 1.01, ""x3_ma_windows"": [5, 10, 20, 30]}"
gs_raw_buy,local_optuna_t24_vsplit,300708,fixed_20,20,37,0.540541,0.026222,-0.027176,0.964893,0.000000,0.000000,54.151492,"{""down_adjust"": 0.97, ""ema_fallback_span"": 6, ""iterations"": 8, ""signal_cooldown_days"": 12, ""up_adjust"": 1.02, ""x3_ma_windows"": [5, 10, 20, 30]}"
activity_breakout,local_optuna_t24_vsplit,300711,formula_exit_or_5,5,26,0.653846,0.073442,-0.036081,2.035497,0.000000,0.000000,74.792871,"{""big_bull_line"": 8.0, ""max_close_ret"": 13.0, ""min_close_ret"": 0.5, ""signal_cooldown_days"": 10, ""strong_line"": 3.0, ""x15_multiplier"": 1.2}"
gs_raw_buy,local_optuna_t24_vsplit,300713,fixed_10,10,39,0.589744,0.038503,-0.060551,0.635867,0.000000,0.000000,60.122925,"{""down_adjust"": 0.98, ""ema_fallback_span"": 4, ""iterations"": 10, ""signal_cooldown_days"": 13, ""up_adjust"": 1.04, ""x3_ma_windows"": [3, 5, 10, 20]}"
activity_breakout,local_optuna_t24_vsplit,300725,formula_exit_or_10,10,20,0.750000,0.037510,-0.024820,1.511281,0.000000,0.000000,68.811406,"{""big_bull_line"": 7.5, ""max_close_ret"": 8.0, ""min_close_ret"": 2.0, ""signal_cooldown_days"": 13, ""strong_line"": 2.5, ""x15_multiplier"": 1.1}"
gs_pullback_confirm,local_optuna_t24_vsplit,300732,fixed_20,20,10,0.800000,0.045490,-0.063360,0.717961,0.000000,0.000000,69.634485,"{""ma_pull_high"": 0.97, ""ma_pull_low"": 0.8600000000000001, ""maxlen_max"": 15, ""maxrun_max"": 11, ""rate_min"": 40, ""sellpct_max"": 45}"
activity_breakout,local_optuna_t24_vsplit,300740,fixed_60,60,32,0.625000,0.075044,-0.142759,0.525666,0.000000,0.000000,66.378330,"{""big_bull_line"": 6.0, ""max_close_ret"": 9.0, ""min_close_ret"": 1.0, ""signal_cooldown_days"": 9, ""strong_line"": 3.0, ""x15_multiplier"": 1.0}"
gs_raw_buy,local_optuna_t24_vsplit,300741,fixed_20,20,39,0.692308,0.012777,-0.060074,0.212685,0.000000,0.000000,48.221118,"{""down_adjust"": 0.99, ""ema_fallback_span"": 7, ""iterations"": 6, ""signal_cooldown_days"": 11, ""up_adjust"": 1.01, ""x3_ma_windows"": [3, 5, 10, 20]}"
activity_breakout,local_optuna_t24_vsplit,300743,fixed_60,60,46,0.608696,0.051504,-0.130759,0.393889,0.000000,0.000000,65.230312,"{""big_bull_line"": 6.0, ""max_close_ret"": 9.0, ""min_close_ret"": -0.5, ""signal_cooldown_days"": 14, ""strong_line"": 4.0, ""x15_multiplier"": 1.7000000000000002}"
gs_pullback_confirm,local_optuna_t24_vsplit,300745,fixed_60,60,9,1.000000,0.178689,-0.064533,2.768939,0.000000,0.000000,87.377265,"{""ma_pull_high"": 0.97, ""ma_pull_low"": 0.8400000000000001, ""maxlen_max"": 24, ""maxrun_max"": 8, ""rate_min"": 30, ""sellpct_max"": 55}"
activity_breakout,local_optuna_t24_vsplit,300746,fixed_30,30,56,0.517857,0.092395,-0.122220,0.755972,0.000000,0.000000,64.315575,"{""big_bull_line"": 7.5, ""max_close_ret"": 13.0, ""min_close_ret"": 0.0, ""signal_cooldown_days"": 7, ""strong_line"": 4.0, ""x15_multiplier"": 1.6}"
activity_breakout,local_optuna_t24_vsplit,300757,fixed_60,60,54,0.740741,0.315441,-0.166665,1.892665,0.018519,0.000000,76.500364,"{""big_bull_line"": 5.0, ""max_close_ret"": 10.0, ""min_close_ret"": 1.5, ""signal_cooldown_days"": 9, ""strong_line"": 3.0, ""x15_multiplier"": 1.7000000000000002}"
activity_breakout,local_optuna_t24_vsplit,300760,formula_exit_or_10,10,18,0.611111,0.028117,-0.010344,2.718045,0.000000,0.000000,65.981892,"{""big_bull_line"": 6.5, ""max_close_ret"": 12.0, ""min_close_ret"": 1.0, ""signal_cooldown_days"": 12, ""strong_line"": 2.5, ""x15_multiplier"": 1.2}"
activity_breakout,local_optuna_t24_vsplit,300761,fixed_5,5,13,0.846154,0.046346,-0.022438,2.065478,0.000000,0.000000,78.885083,"{""big_bull_line"": 7.5, ""max_close_ret"": 9.0, ""min_close_ret"": -1.0, ""signal_cooldown_days"": 13, ""strong_line"": 3.5, ""x15_multiplier"": 1.0}"
activity_breakout,local_optuna_t24_vsplit,300767,fixed_15,15,19,0.736842,0.046379,-0.083153,0.557757,0.000000,0.000000,68.083521,"{""big_bull_line"": 8.5, ""max_close_ret"": 11.0, ""min_close_ret"": -0.5, ""signal_cooldown_days"": 8, ""strong_line"": 3.5, ""x15_multiplier"": 1.0}"
activity_breakout,local_optuna_t24_vsplit,300769,formula_exit_or_5,5,50,0.480000,0.032812,-0.039422,0.832327,0.020000,0.000000,54.767636,"{""big_bull_line"": 9.0, ""max_close_ret"": 11.0, ""min_close_ret"": -1.0, ""signal_cooldown_days"": 14, ""strong_line"": 3.5, ""x15_multiplier"": 1.7000000000000002}"
volume_base_breakout,local_optuna_t24_vsplit,300770,fixed_60,60,10,0.900000,0.155340,-0.027270,5.696370,0.000000,0.000000,91.299681,"{""amount_spike_ratio"": 3.0, ""base_ceiling"": 1.42, ""base_floor"": 0.84, ""base_max_days"": 105, ""base_min_days"": 35, ""base_range_max"": 0.43, ""breakout_max_extension"": 1.1, ""breakout_near_high"": 0.96, ""dry_ratio"": 0.55, ""signal_cooldown_days"": 8, ""spike_lookback"": 70, ""spike_ratio"": 2.2, ""warm_ret_max"": 0.28, ""warm_ret_min"": 0.019999999999999997, ""warm_vol_ratio"": 0.85}"
activity_breakout,local_optuna_t24_vsplit,300775,fixed_5,5,12,0.750000,0.021867,-0.049042,0.445879,0.000000,0.000000,55.662730,"{""big_bull_line"": 8.0, ""max_close_ret"": 9.0, ""min_close_ret"": 1.0, ""signal_cooldown_days"": 12, ""strong_line"": 3.5, ""x15_multiplier"": 1.0}"
activity_breakout,local_optuna_t24_vsplit,300785,fixed_60,60,68,0.500000,0.071081,-0.195478,0.363626,0.000000,0.000000,61.818131,"{""big_bull_line"": 5.0, ""max_close_ret"": 12.0, ""min_close_ret"": 0.5, ""signal_cooldown_days"": 9, ""strong_line"": 3.0, ""x15_multiplier"": 1.7000000000000002}"
activity_breakout,local_optuna_t24_vsplit,300788,fixed_60,60,54,0.574074,0.048700,-0.138289,0.352161,0.018519,0.000000,63.147844,"{""big_bull_line"": 5.0, ""max_close_ret"": 12.0, ""min_close_ret"": 0.5, ""signal_cooldown_days"": 12, ""strong_line"": 4.0, ""x15_multiplier"": 1.7000000000000002}"
gs_pullback_confirm,local_optuna_t24_vsplit,300790,fixed_20,20,12,1.000000,0.322775,-0.043800,7.369292,0.000000,0.000000,95.000000,"{""ma_pull_high"": 1.04, ""ma_pull_low"": 0.8400000000000001, ""maxlen_max"": 10, ""maxrun_max"": 10, ""rate_min"": 35, ""sellpct_max"": 75}"
activity_breakout,local_optuna_t24_vsplit,300792,fixed_10,10,16,0.750000,0.069188,-0.060031,1.152525,0.000000,0.000000,73.262624,"{""big_bull_line"": 8.5, ""max_close_ret"": 11.0, ""min_close_ret"": 1.0, ""signal_cooldown_days"": 14, ""strong_line"": 4.5, ""x15_multiplier"": 1.0}"
gs_pullback_confirm,local_optuna_t24_vsplit,300797,formula_exit_or_10,10,11,0.909091,0.059300,-0.024755,2.395520,0.000000,0.000000,84.250326,"{""ma_pull_high"": 1.04, ""ma_pull_low"": 0.7000000000000001, ""maxlen_max"": 19, ""maxrun_max"": 10, ""rate_min"": 45, ""sellpct_max"": 70}"
activity_breakout,local_optuna_t24_vsplit,300802,fixed_5,5,21,0.761905,0.043390,-0.032924,1.317906,0.000000,0.000000,71.141909,"{""big_bull_line"": 8.5, ""max_close_ret"": 13.0, ""min_close_ret"": 1.0, ""signal_cooldown_days"": 14, ""strong_line"": 3.5, ""x15_multiplier"": 1.3}"
gs_pullback_confirm,local_optuna_t24_vsplit,300805,fixed_15,15,13,0.846154,0.100308,-0.052962,1.893972,0.000000,0.000000,79.854477,"{""ma_pull_high"": 1.03, ""ma_pull_low"": 0.8600000000000001, ""maxlen_max"": 23, ""maxrun_max"": 5, ""rate_min"": 35, ""sellpct_max"": 55}"
gs_raw_buy,local_optuna_t24_vsplit,300805,fixed_60,60,38,0.552632,0.034542,-0.155226,0.222527,0.000000,0.000000,54.962637,"{""down_adjust"": 0.99, ""ema_fallback_span"": 6, ""iterations"": 7, ""signal_cooldown_days"": 14, ""up_adjust"": 1.04, ""x3_ma_windows"": [3, 5, 10, 20]}"
gs_raw_buy,local_optuna_t24_vsplit,300811,formula_exit_or_15,15,41,0.487805,0.030273,-0.041234,0.734177,0.000000,0.000000,53.441618,"{""down_adjust"": 0.97, ""ema_fallback_span"": 5, ""iterations"": 6, ""signal_cooldown_days"": 14, ""up_adjust"": 1.02, ""x3_ma_windows"": [3, 8, 13, 21]}"
activity_breakout,local_optuna_t24_vsplit,300812,fixed_60,60,61,0.606557,0.102221,-0.151687,0.673897,0.000000,0.000000,66.566205,"{""big_bull_line"": 5.0, ""max_close_ret"": 8.0, ""min_close_ret"": -0.5, ""signal_cooldown_days"": 12, ""strong_line"": 4.5, ""x15_multiplier"": 1.7000000000000002}"
gs_pullback_confirm,local_optuna_t24_vsplit,300812,fixed_60,60,10,1.000000,0.140150,-0.042350,3.309327,0.000000,0.000000,90.846316,"{""ma_pull_high"": 1.01, ""ma_pull_low"": 0.8600000000000001, ""maxlen_max"": 24, ""maxrun_max"": 10, ""rate_min"": 30, ""sellpct_max"": 75}"
gs_pullback_confirm,local_optuna_t24_vsplit,300814,fixed_60,60,20,1.000000,0.271410,-0.096885,2.801362,0.050000,0.000000,88.506812,"{""ma_pull_high"": 1.04, ""ma_pull_low"": 0.7000000000000001, ""maxlen_max"": 12, ""maxrun_max"": 7, ""rate_min"": 40, ""sellpct_max"": 70}"
activity_breakout,local_optuna_t24_vsplit,300818,fixed_20,20,12,0.750000,0.083858,-0.279500,0.300030,0.000000,0.000000,69.000149,"{""big_bull_line"": 8.5, ""max_close_ret"": 9.0, ""min_close_ret"": 2.0, ""signal_cooldown_days"": 9, ""strong_line"": 3.5, ""x15_multiplier"": 1.0}"
gs_pullback_confirm,local_optuna_t24_vsplit,300818,fixed_60,60,16,1.000000,0.371544,-0.270269,1.374720,0.000000,0.000000,81.873598,"{""ma_pull_high"": 1.04, ""ma_pull_low"": 0.78, ""maxlen_max"": 21, ""maxrun_max"": 12, ""rate_min"": 45, ""sellpct_max"": 65}"
activity_breakout,local_optuna_t24_vsplit,300823,formula_exit_or_10,10,44,0.704545,0.026141,-0.021032,1.242922,0.000000,0.000000,60.421428,"{""big_bull_line"": 6.0, ""max_close_ret"": 11.0, ""min_close_ret"": -0.5, ""signal_cooldown_days"": 14, ""strong_line"": 3.0, ""x15_multiplier"": 1.6}"
activity_breakout,local_optuna_t24_vsplit,300827,formula_exit_or_5,5,42,0.666667,0.094917,-0.031976,2.968354,0.000000,0.000000,79.841772,"{""big_bull_line"": 6.5, ""max_close_ret"": 14.0, ""min_close_ret"": 2.0, ""signal_cooldown_days"": 14, ""strong_line"": 2.5, ""x15_multiplier"": 1.1}"
activity_breakout,local_optuna_t24_vsplit,300832,formula_exit_or_30,30,53,0.547170,0.031845,-0.018287,1.741436,0.000000,0.000000,61.044917,"{""big_bull_line"": 5.5, ""max_close_ret"": 12.0, ""min_close_ret"": 1.0, ""signal_cooldown_days"": 11, ""strong_line"": 2.5, ""x15_multiplier"": 1.4}"
volume_base_breakout,local_optuna_t24_vsplit,300832,fixed_20,20,11,1.000000,0.124691,-0.019573,6.370646,0.000000,0.000000,95.000000,"{""amount_spike_ratio"": 2.6, ""base_ceiling"": 1.3199999999999998, ""base_floor"": 0.85, ""base_max_days"": 85, ""base_min_days"": 20, ""base_range_max"": 0.25, ""breakout_max_extension"": 1.11, ""breakout_near_high"": 0.9500000000000001, ""dry_ratio"": 0.44999999999999996, ""signal_cooldown_days"": 14, ""spike_lookback"": 120, ""spike_ratio"": 2.4, ""warm_ret_max"": 0.3, ""warm_ret_min"": 0.0, ""warm_vol_ratio"": 0.9}"
gs_raw_buy,local_optuna_t24_vsplit,300834,formula_exit_or_5,5,40,0.600000,0.039455,-0.017392,2.268507,0.000000,0.000000,69.070033,"{""down_adjust"": 0.98, ""ema_fallback_span"": 6, ""iterations"": 9, ""signal_cooldown_days"": 14, ""up_adjust"": 1.01, ""x3_ma_windows"": [3, 5, 10, 20]}"
gs_raw_buy,local_optuna_t24_vsplit,300835,formula_exit_or_30,30,26,0.538462,0.069869,-0.052069,1.341853,0.000000,0.000000,67.863109,"{""down_adjust"": 0.99, ""ema_fallback_span"": 6, ""iterations"": 6, ""signal_cooldown_days"": 16, ""up_adjust"": 1.02, ""x3_ma_windows"": [5, 10, 20, 30]}"
activity_breakout,local_optuna_t24_vsplit,300837,fixed_30,30,15,0.733333,0.070247,-0.105240,0.667490,0.000000,0.000000,70.337451,"{""big_bull_line"": 9.0, ""max_close_ret"": 11.0, ""min_close_ret"": 0.0, ""signal_cooldown_days"": 9, ""strong_line"": 3.0, ""x15_multiplier"": 1.1}"
gs_pullback_confirm,local_optuna_t24_vsplit,300837,fixed_60,60,10,1.000000,0.199160,-0.066810,2.980991,0.000000,0.000000,89.204635,"{""ma_pull_high"": 0.97, ""ma_pull_low"": 0.9, ""maxlen_max"": 19, ""maxrun_max"": 11, ""rate_min"": 60, ""sellpct_max"": 70}"
activity_breakout,local_optuna_t24_vsplit,300841,formula_exit_or_5,5,17,0.705882,0.023641,-0.025165,0.939458,0.000000,0.000000,57.694347,"{""big_bull_line"": 8.5, ""max_close_ret"": 11.0, ""min_close_ret"": -0.5, ""signal_cooldown_days"": 14, ""strong_line"": 4.0, ""x15_multiplier"": 1.1}"
volume_base_breakout,local_optuna_t24_vsplit,300854,fixed_5,5,9,0.777778,0.082222,-0.029189,2.816901,0.000000,0.000000,80.950409,"{""amount_spike_ratio"": 2.0, ""base_ceiling"": 1.3199999999999998, ""base_floor"": 0.79, ""base_max_days"": 80, ""base_min_days"": 30, ""base_range_max"": 0.31, ""breakout_max_extension"": 1.12, ""breakout_near_high"": 0.93, ""dry_ratio"": 0.44999999999999996, ""signal_cooldown_days"": 14, ""spike_lookback"": 90, ""spike_ratio"": 2.4, ""warm_ret_max"": 0.26, ""warm_ret_min"": 0.019999999999999997, ""warm_vol_ratio"": 0.85}"
activity_breakout,local_optuna_t24_vsplit,300863,fixed_5,5,53,0.547170,0.059868,-0.035732,1.675467,0.000000,0.000000,69.792431,"{""big_bull_line"": 6.0, ""max_close_ret"": 10.0, ""min_close_ret"": -1.0, ""signal_cooldown_days"": 14, ""strong_line"": 3.5, ""x15_multiplier"": 1.3}"
gs_raw_buy,local_optuna_t24_vsplit,300883,fixed_20,20,39,0.692308,0.023256,-0.066962,0.347310,0.000000,0.000000,54.133986,"{""down_adjust"": 0.96, ""ema_fallback_span"": 7, ""iterations"": 12, ""signal_cooldown_days"": 14, ""up_adjust"": 1.02, ""x3_ma_windows"": [3, 8, 13, 21]}"
activity_breakout,local_optuna_t24_vsplit,300887,formula_exit_or_5,5,45,0.577778,0.037858,-0.033649,1.125083,0.000000,0.000000,61.887635,"{""big_bull_line"": 7.5, ""max_close_ret"": 13.0, ""min_close_ret"": -0.5, ""signal_cooldown_days"": 8, ""strong_line"": 3.5, ""x15_multiplier"": 1.3}"
gs_raw_buy,local_optuna_t24_vsplit,300887,fixed_30,30,32,0.531250,0.043678,-0.119338,0.366005,0.000000,0.000000,59.606588,"{""down_adjust"": 0.96, ""ema_fallback_span"": 7, ""iterations"": 7, ""signal_cooldown_days"": 11, ""up_adjust"": 1.03, ""x3_ma_windows"": [5, 10, 20, 30]}"
activity_breakout,local_optuna_t24_vsplit,300903,fixed_60,60,20,0.650000,0.348945,-0.146135,2.387826,0.050000,0.000000,75.939132,"{""big_bull_line"": 8.5, ""max_close_ret"": 10.0, ""min_close_ret"": 2.0, ""signal_cooldown_days"": 6, ""strong_line"": 4.5, ""x15_multiplier"": 1.0}"
activity_breakout,local_optuna_t24_vsplit,300910,formula_exit_or_30,30,43,0.674419,0.071567,-0.019695,3.633723,0.000000,0.000000,83.401173,"{""big_bull_line"": 7.0, ""max_close_ret"": 11.0, ""min_close_ret"": 1.0, ""signal_cooldown_days"": 10, ""strong_line"": 3.0, ""x15_multiplier"": 1.2}"
activity_breakout,local_optuna_t24_vsplit,300911,fixed_30,30,21,0.714286,0.062419,-0.098538,0.633451,0.000000,0.000000,69.595826,"{""big_bull_line"": 8.0, ""max_close_ret"": 8.0, ""min_close_ret"": 1.5, ""signal_cooldown_days"": 6, ""strong_line"": 2.5, ""x15_multiplier"": 1.0}"
activity_breakout,local_optuna_t24_vsplit,300928,formula_exit_or_20,20,22,0.681818,0.062527,-0.046150,1.354870,0.000000,0.000000,72.228898,"{""big_bull_line"": 8.5, ""max_close_ret"": 9.0, ""min_close_ret"": 2.0, ""signal_cooldown_days"": 10, ""strong_line"": 2.5, ""x15_multiplier"": 1.1}"
volume_base_breakout,local_optuna_t24_vsplit,300932,fixed_20,20,9,1.000000,0.088522,-0.025922,3.414916,0.000000,0.000000,90.607150,"{""amount_spike_ratio"": 2.8, ""base_ceiling"": 1.46, ""base_floor"": 0.78, ""base_max_days"": 75, ""base_min_days"": 30, ""base_range_max"": 0.27, ""breakout_max_extension"": 1.07, ""breakout_near_high"": 0.92, ""dry_ratio"": 0.35, ""signal_cooldown_days"": 13, ""spike_lookback"": 90, ""spike_ratio"": 3.2, ""warm_ret_max"": 0.28, ""warm_ret_min"": -0.01, ""warm_vol_ratio"": 0.75}"
gs_pullback_confirm,local_optuna_t24_vsplit,300936,fixed_60,60,14,0.857143,0.316536,-0.096129,3.292837,0.000000,0.000000,87.178471,"{""ma_pull_high"": 0.98, ""ma_pull_low"": 0.8200000000000001, ""maxlen_max"": 24, ""maxrun_max"": 10, ""rate_min"": 30, ""sellpct_max"": 75}"
activity_breakout,local_optuna_t24_vsplit,300938,formula_exit_or_5,5,25,0.760000,0.104296,-0.036740,2.838759,0.000000,0.000000,81.993794,"{""big_bull_line"": 8.5, ""max_close_ret"": 13.0, ""min_close_ret"": 0.0, ""signal_cooldown_days"": 8, ""strong_line"": 3.0, ""x15_multiplier"": 1.0}"
volume_base_breakout,local_optuna_t24_vsplit,300939,fixed_10,10,12,0.833333,0.057867,-0.036833,1.571041,0.000000,0.000000,77.855204,"{""amount_spike_ratio"": 2.2, ""base_ceiling"": 1.3, ""base_floor"": 0.86, ""base_max_days"": 90, ""base_min_days"": 25, ""base_range_max"": 0.31, ""breakout_max_extension"": 1.1, ""breakout_near_high"": 0.91, ""dry_ratio"": 0.39999999999999997, ""signal_cooldown_days"": 15, ""spike_lookback"": 90, ""spike_ratio"": 3.2, ""warm_ret_max"": 0.2, ""warm_ret_min"": 0.0, ""warm_vol_ratio"": 0.85}"
activity_breakout,local_optuna_t24_vsplit,300942,formula_exit_or_5,5,34,0.617647,0.026312,-0.041171,0.639091,0.029412,0.000000,54.586633,"{""big_bull_line"": 6.0, ""max_close_ret"": 14.0, ""min_close_ret"": 1.5, ""signal_cooldown_days"": 14, ""strong_line"": 3.0, ""x15_multiplier"": 1.3}"
activity_breakout,local_optuna_t24_vsplit,300947,fixed_60,60,31,0.677419,0.092539,-0.168545,0.549044,0.000000,0.000000,68.067801,"{""big_bull_line"": 6.0, ""max_close_ret"": 9.0, ""min_close_ret"": 1.5, ""signal_cooldown_days"": 10, ""strong_line"": 4.0, ""x15_multiplier"": 1.0}"
activity_breakout,local_optuna_t24_vsplit,300959,fixed_60,60,55,0.581818,0.127871,-0.140076,0.912866,0.000000,0.000000,67.018874,"{""big_bull_line"": 5.0, ""max_close_ret"": 8.0, ""min_close_ret"": 2.0, ""signal_cooldown_days"": 9, ""strong_line"": 2.5, ""x15_multiplier"": 1.6}"
volume_base_breakout,local_optuna_t24_vsplit,300962,formula_exit_or_5,5,16,0.625000,0.025831,-0.022700,1.137941,0.000000,0.000000,57.355328,"{""amount_spike_ratio"": 3.2, ""base_ceiling"": 1.3599999999999999, ""base_floor"": 0.84, ""base_max_days"": 85, ""base_min_days"": 35, ""base_range_max"": 0.31, ""breakout_max_extension"": 1.11, ""breakout_near_high"": 0.9, ""dry_ratio"": 0.44999999999999996, ""signal_cooldown_days"": 14, ""spike_lookback"": 70, ""spike_ratio"": 2.0, ""warm_ret_max"": 0.26, ""warm_ret_min"": 0.01, ""warm_vol_ratio"": 1.05}"
activity_breakout,local_optuna_t24_vsplit,300964,fixed_60,60,46,0.608696,0.092980,-0.148074,0.627933,0.000000,0.000000,66.400532,"{""big_bull_line"": 8.0, ""max_close_ret"": 12.0, ""min_close_ret"": 2.0, ""signal_cooldown_days"": 11, ""strong_line"": 3.5, ""x15_multiplier"": 1.8}"
volume_base_breakout,local_optuna_t24_vsplit,300967,fixed_15,15,13,0.692308,0.045338,-0.058269,0.778086,0.000000,0.000000,67.328891,"{""amount_spike_ratio"": 2.4, ""base_ceiling"": 1.4, ""base_floor"": 0.88, ""base_max_days"": 85, ""base_min_days"": 25, ""base_range_max"": 0.33, ""breakout_max_extension"": 1.08, ""breakout_near_high"": 0.9, ""dry_ratio"": 0.44999999999999996, ""signal_cooldown_days"": 14, ""spike_lookback"": 70, ""spike_ratio"": 2.0, ""warm_ret_max"": 0.28, ""warm_ret_min"": 0.019999999999999997, ""warm_vol_ratio"": 0.9}"
volume_base_breakout,local_optuna_t24_vsplit,300969,fixed_30,30,9,1.000000,0.189711,-0.033978,5.583388,0.000000,0.000000,93.532568,"{""amount_spike_ratio"": 2.0, ""base_ceiling"": 1.3, ""base_floor"": 0.88, ""base_max_days"": 75, ""base_min_days"": 30, ""base_range_max"": 0.43, ""breakout_max_extension"": 1.08, ""breakout_near_high"": 0.93, ""dry_ratio"": 0.39999999999999997, ""signal_cooldown_days"": 8, ""spike_lookback"": 120, ""spike_ratio"": 2.8, ""warm_ret_max"": 0.22, ""warm_ret_min"": -0.01, ""warm_vol_ratio"": 0.8}"
activity_breakout,local_optuna_t24_vsplit,300970,fixed_15,15,25,0.720000,0.071044,-0.057880,1.227436,0.000000,0.000000,72.737180,"{""big_bull_line"": 8.5, ""max_close_ret"": 13.0, ""min_close_ret"": -0.5, ""signal_cooldown_days"": 9, ""strong_line"": 4.5, ""x15_multiplier"": 1.3}"
activity_breakout,local_optuna_t24_vsplit,300971,formula_exit_or_10,10,53,0.528302,0.015464,-0.037153,0.416231,0.000000,0.000000,45.662286,"{""big_bull_line"": 6.5, ""max_close_ret"": 9.0, ""min_close_ret"": -0.5, ""signal_cooldown_days"": 11, ""strong_line"": 2.5, ""x15_multiplier"": 1.6}"
gs_pullback_confirm,local_optuna_t24_vsplit,300975,fixed_60,60,13,1.000000,0.143708,-0.110454,1.301066,0.000000,0.000000,81.505328,"{""ma_pull_high"": 1.03, ""ma_pull_low"": 0.7200000000000001, ""maxlen_max"": 24, ""maxrun_max"": 9, ""rate_min"": 45, ""sellpct_max"": 45}"
activity_breakout,local_optuna_t24_vsplit,300976,formula_exit_or_20,20,56,0.535714,0.029087,-0.011739,2.477791,0.000000,0.000000,63.004135,"{""big_bull_line"": 6.0, ""max_close_ret"": 14.0, ""min_close_ret"": 0.0, ""signal_cooldown_days"": 13, ""strong_line"": 3.0, ""x15_multiplier"": 1.8}"
gs_raw_buy,local_optuna_t24_vsplit,300976,fixed_20,20,41,0.585366,0.034022,-0.032259,1.054665,0.000000,0.000000,59.845276,"{""down_adjust"": 0.99, ""ema_fallback_span"": 5, ""iterations"": 11, ""signal_cooldown_days"": 10, ""up_adjust"": 1.02, ""x3_ma_windows"": [3, 5, 10, 20]}"
activity_breakout,local_optuna_t24_vsplit,300977,formula_exit_or_5,5,26,0.500000,0.040688,-0.038254,1.063644,0.000000,0.038462,60.277834,"{""big_bull_line"": 9.0, ""max_close_ret"": 12.0, ""min_close_ret"": 2.0, ""signal_cooldown_days"": 8, ""strong_line"": 2.5, ""x15_multiplier"": 1.2}"
activity_breakout,local_optuna_t24_vsplit,300980,fixed_30,30,15,0.600000,0.107080,-0.107673,0.994490,0.000000,0.000000,67.972448,"{""big_bull_line"": 9.0, ""max_close_ret"": 8.0, ""min_close_ret"": 1.0, ""signal_cooldown_days"": 10, ""strong_line"": 2.5, ""x15_multiplier"": 1.0}"
volume_base_breakout,local_optuna_t24_vsplit,300981,fixed_5,5,11,0.727273,0.045991,-0.025027,1.837632,0.000000,0.000000,74.001795,"{""amount_spike_ratio"": 2.6, ""base_ceiling"": 1.26, ""base_floor"": 0.81, ""base_max_days"": 85, ""base_min_days"": 25, ""base_range_max"": 0.43, ""breakout_max_extension"": 1.09, ""breakout_near_high"": 0.9500000000000001, ""dry_ratio"": 0.44999999999999996, ""signal_cooldown_days"": 15, ""spike_lookback"": 70, ""spike_ratio"": 2.4, ""warm_ret_max"": 0.24, ""warm_ret_min"": 0.019999999999999997, ""warm_vol_ratio"": 0.9}"
gs_pullback_confirm,local_optuna_t24_vsplit,300983,fixed_60,60,12,1.000000,0.171300,-0.052517,3.261822,0.000000,0.000000,91.309108,"{""ma_pull_high"": 1.03, ""ma_pull_low"": 0.9, ""maxlen_max"": 24, ""maxrun_max"": 12, ""rate_min"": 40, ""sellpct_max"": 50}"
activity_breakout,local_optuna_t24_vsplit,300992,fixed_60,60,42,0.619048,0.057595,-0.131771,0.437084,0.000000,0.000000,65.756851,"{""big_bull_line"": 6.0, ""max_close_ret"": 12.0, ""min_close_ret"": 1.0, ""signal_cooldown_days"": 14, ""strong_line"": 4.0, ""x15_multiplier"": 1.6}"
gs_pullback_confirm,local_optuna_t24_vsplit,300998,formula_exit_or_60,60,16,1.000000,0.132612,-0.038869,3.411803,0.000000,0.000000,92.059013,"{""ma_pull_high"": 1.01, ""ma_pull_low"": 0.8200000000000001, ""maxlen_max"": 20, ""maxrun_max"": 5, ""rate_min"": 25, ""sellpct_max"": 55}"
gs_pullback_confirm,local_optuna_t24_vsplit,301003,fixed_30,30,19,1.000000,0.155774,-0.044547,3.496810,0.000000,0.000000,92.484050,"{""ma_pull_high"": 0.98, ""ma_pull_low"": 0.78, ""maxlen_max"": 17, ""maxrun_max"": 12, ""rate_min"": 25, ""sellpct_max"": 50}"
activity_breakout,local_optuna_t24_vsplit,301007,fixed_30,30,22,0.727273,0.117768,-0.104905,1.122622,0.000000,0.000000,72.431293,"{""big_bull_line"": 7.5, ""max_close_ret"": 8.0, ""min_close_ret"": -1.0, ""signal_cooldown_days"": 12, ""strong_line"": 4.0, ""x15_multiplier"": 1.0}"
activity_breakout,local_optuna_t24_vsplit,301010,fixed_5,5,75,0.546667,0.024820,-0.050483,0.491654,0.000000,0.000000,51.268270,"{""big_bull_line"": 5.0, ""max_close_ret"": 12.0, ""min_close_ret"": 0.5, ""signal_cooldown_days"": 8, ""strong_line"": 4.5, ""x15_multiplier"": 1.5}"
gs_raw_buy,local_optuna_t24_vsplit,301012,fixed_10,10,46,0.586957,0.046304,-0.040804,1.134790,0.000000,0.000000,66.434817,"{""down_adjust"": 0.96, ""ema_fallback_span"": 3, ""iterations"": 11, ""signal_cooldown_days"": 7, ""up_adjust"": 1.02, ""x3_ma_windows"": [5, 10, 20, 30]}"
activity_breakout,local_optuna_t24_vsplit,301026,fixed_30,30,38,0.526316,0.035774,-0.071142,0.502848,0.000000,0.000000,56.190557,"{""big_bull_line"": 9.0, ""max_close_ret"": 12.0, ""min_close_ret"": -0.5, ""signal_cooldown_days"": 8, ""strong_line"": 3.0, ""x15_multiplier"": 1.3}"
activity_breakout,local_optuna_t24_vsplit,301037,formula_exit_or_10,10,41,0.609756,0.019407,-0.038188,0.508207,0.000000,0.000000,50.537377,"{""big_bull_line"": 6.0, ""max_close_ret"": 13.0, ""min_close_ret"": 1.0, ""signal_cooldown_days"": 13, ""strong_line"": 3.0, ""x15_multiplier"": 1.5}"
gs_raw_buy,local_optuna_t24_vsplit,301039,fixed_15,15,37,0.540541,0.013459,-0.043511,0.309336,0.000000,0.000000,44.492626,"{""down_adjust"": 0.97, ""ema_fallback_span"": 6, ""iterations"": 12, ""signal_cooldown_days"": 16, ""up_adjust"": 1.01, ""x3_ma_windows"": [3, 5, 10, 20]}"
activity_breakout,local_optuna_t24_vsplit,301046,fixed_10,10,43,0.534884,0.026119,-0.075188,0.347376,0.000000,0.000000,50.842692,"{""big_bull_line"": 7.0, ""max_close_ret"": 8.0, ""min_close_ret"": 2.0, ""signal_cooldown_days"": 14, ""strong_line"": 3.0, ""x15_multiplier"": 1.5}"
activity_breakout,local_optuna_t24_vsplit,301047,formula_exit_or_5,5,18,0.500000,0.016694,-0.013722,1.216599,0.000000,0.000000,49.430218,"{""big_bull_line"": 8.0, ""max_close_ret"": 11.0, ""min_close_ret"": -0.5, ""signal_cooldown_days"": 14, ""strong_line"": 4.0, ""x15_multiplier"": 1.4}"
gs_raw_buy,local_optuna_t24_vsplit,301047,fixed_10,10,28,0.642857,0.026546,-0.020096,1.320953,0.000000,0.000000,59.163691,"{""down_adjust"": 0.97, ""ema_fallback_span"": 4, ""iterations"": 6, ""signal_cooldown_days"": 16, ""up_adjust"": 1.03, ""x3_ma_windows"": [5, 10, 20, 30]}"
activity_breakout,local_optuna_t24_vsplit,301049,fixed_20,20,41,0.634146,0.083495,-0.090459,0.923021,0.000000,0.000000,68.639495,"{""big_bull_line"": 5.0, ""max_close_ret"": 12.0, ""min_close_ret"": 2.0, ""signal_cooldown_days"": 13, ""strong_line"": 3.0, ""x15_multiplier"": 1.1}"
gs_raw_buy,local_optuna_t24_vsplit,301050,formula_exit_or_10,10,37,0.540541,0.022484,-0.021284,1.056381,0.054054,0.000000,52.199472,"{""down_adjust"": 0.99, ""ema_fallback_span"": 6, ""iterations"": 7, ""signal_cooldown_days"": 13, ""up_adjust"": 1.03, ""x3_ma_windows"": [3, 5, 10, 20]}"
activity_breakout,local_optuna_t24_vsplit,301059,fixed_10,10,52,0.538462,0.048844,-0.056167,0.869620,0.000000,0.000000,64.924063,"{""big_bull_line"": 5.5, ""max_close_ret"": 13.0, ""min_close_ret"": 2.0, ""signal_cooldown_days"": 11, ""strong_line"": 3.0, ""x15_multiplier"": 1.7000000000000002}"
activity_breakout,local_optuna_t24_vsplit,301061,fixed_60,60,15,0.733333,0.119507,-0.047287,2.527280,0.000000,0.000000,79.636402,"{""big_bull_line"": 8.5, ""max_close_ret"": 10.0, ""min_close_ret"": -0.5, ""signal_cooldown_days"": 14, ""strong_line"": 4.5, ""x15_multiplier"": 1.0}"
activity_breakout,local_optuna_t24_vsplit,301065,fixed_5,5,50,0.660000,0.017570,-0.029566,0.594264,0.000000,0.000000,51.556318,"{""big_bull_line"": 5.0, ""max_close_ret"": 12.0, ""min_close_ret"": 2.0, ""signal_cooldown_days"": 6, ""strong_line"": 4.0, ""x15_multiplier"": 1.7000000000000002}"
activity_breakout,local_optuna_t24_vsplit,301069,fixed_5,5,41,0.560976,0.021883,-0.055083,0.397272,0.000000,0.000000,49.757094,"{""big_bull_line"": 7.0, ""max_close_ret"": 12.0, ""min_close_ret"": 1.0, ""signal_cooldown_days"": 8, ""strong_line"": 3.5, ""x15_multiplier"": 1.1}"
gs_raw_buy,local_optuna_t24_vsplit,301069,formula_exit_or_5,5,37,0.513514,0.021592,-0.032111,0.672418,0.000000,0.000000,49.563442,"{""down_adjust"": 0.96, ""ema_fallback_span"": 6, ""iterations"": 7, ""signal_cooldown_days"": 15, ""up_adjust"": 1.03, ""x3_ma_windows"": [3, 5, 10, 20]}"
activity_breakout,local_optuna_t24_vsplit,301078,formula_exit_or_60,60,26,0.538462,0.076715,-0.047300,1.621890,0.038462,0.000000,68.878679,"{""big_bull_line"": 8.5, ""max_close_ret"": 13.0, ""min_close_ret"": 0.5, ""signal_cooldown_days"": 13, ""strong_line"": 3.5, ""x15_multiplier"": 1.2}"
activity_breakout,local_optuna_t24_vsplit,301083,formula_exit_or_5,5,36,0.694444,0.050753,-0.032717,1.551282,0.000000,0.000000,73.589744,"{""big_bull_line"": 8.0, ""max_close_ret"": 12.0, ""min_close_ret"": -0.5, ""signal_cooldown_days"": 14, ""strong_line"": 3.5, ""x15_multiplier"": 1.5}"
gs_pullback_confirm,local_optuna_t24_vsplit,301087,fixed_15,15,19,0.736842,0.069321,-0.030184,2.296600,0.000000,0.000000,78.588262,"{""ma_pull_high"": 1.04, ""ma_pull_low"": 0.8, ""maxlen_max"": 20, ""maxrun_max"": 12, ""rate_min"": 25, ""sellpct_max"": 45}"
activity_breakout,local_optuna_t24_vsplit,301092,fixed_10,10,35,0.628571,0.023649,-0.058563,0.403815,0.000000,0.000000,52.700505,"{""big_bull_line"": 6.5, ""max_close_ret"": 9.0, ""min_close_ret"": 2.0, ""signal_cooldown_days"": 10, ""strong_line"": 3.0, ""x15_multiplier"": 1.2}"
activity_breakout,local_optuna_t24_vsplit,301095,fixed_5,5,30,0.633333,0.053417,-0.050753,1.052476,0.000000,0.000000,69.262380,"{""big_bull_line"": 7.5, ""max_close_ret"": 9.0, ""min_close_ret"": 1.0, ""signal_cooldown_days"": 12, ""strong_line"": 3.0, ""x15_multiplier"": 1.1}"
activity_breakout,local_optuna_t24_vsplit,301100,fixed_10,10,11,0.454545,0.036500,-0.087336,0.417924,0.000000,0.000000,53.975986,"{""big_bull_line"": 9.0, ""max_close_ret"": 13.0, ""min_close_ret"": -1.0, ""signal_cooldown_days"": 13, ""strong_line"": 4.5, ""x15_multiplier"": 1.0}"
activity_breakout,local_optuna_t24_vsplit,301102,fixed_5,5,12,0.666667,0.090083,-0.033908,2.656672,0.000000,0.000000,78.283362,"{""big_bull_line"": 9.0, ""max_close_ret"": 10.0, ""min_close_ret"": -1.0, ""signal_cooldown_days"": 10, ""strong_line"": 4.5, ""x15_multiplier"": 1.0}"
volume_base_breakout,local_optuna_t24_vsplit,301105,fixed_60,60,15,0.800000,0.104053,-0.133327,0.780439,0.000000,0.000000,72.902195,"{""amount_spike_ratio"": 2.4, ""base_ceiling"": 1.44, ""base_floor"": 0.85, ""base_max_days"": 100, ""base_min_days"": 25, ""base_range_max"": 0.45, ""breakout_max_extension"": 1.12, ""breakout_near_high"": 0.92, ""dry_ratio"": 0.5, ""signal_cooldown_days"": 8, ""spike_lookback"": 70, ""spike_ratio"": 2.0, ""warm_ret_max"": 0.26, ""warm_ret_min"": 0.019999999999999997, ""warm_vol_ratio"": 0.9}"
activity_breakout,local_optuna_t24_vsplit,301106,fixed_5,5,43,0.627907,0.020400,-0.032991,0.618356,0.000000,0.000000,52.128990,"{""big_bull_line"": 6.5, ""max_close_ret"": 10.0, ""min_close_ret"": -1.0, ""signal_cooldown_days"": 12, ""strong_line"": 4.5, ""x15_multiplier"": 1.5}"
activity_breakout,local_optuna_t24_vsplit,301108,formula_exit_or_5,5,51,0.450980,0.015690,-0.017271,0.908492,0.000000,0.000000,45.916971,"{""big_bull_line"": 6.0, ""max_close_ret"": 9.0, ""min_close_ret"": 0.0, ""signal_cooldown_days"": 13, ""strong_line"": 3.0, ""x15_multiplier"": 1.7000000000000002}"
activity_breakout,local_optuna_t24_vsplit,301110,formula_exit_or_60,60,49,0.530612,0.086035,-0.052478,1.639457,0.000000,0.020408,68.911571,"{""big_bull_line"": 9.0, ""max_close_ret"": 11.0, ""min_close_ret"": 0.5, ""signal_cooldown_days"": 12, ""strong_line"": 2.5, ""x15_multiplier"": 1.8}"
activity_breakout,local_optuna_t24_vsplit,301112,fixed_15,15,13,0.538462,0.101769,-0.099885,1.018868,0.000000,0.000000,66.248186,"{""big_bull_line"": 9.0, ""max_close_ret"": 11.0, ""min_close_ret"": -1.0, ""signal_cooldown_days"": 11, ""strong_line"": 3.0, ""x15_multiplier"": 1.0}"
activity_breakout,local_optuna_t24_vsplit,301115,formula_exit_or_5,5,43,0.604651,0.007812,-0.012288,0.635693,0.000000,0.000000,45.223812,"{""big_bull_line"": 5.0, ""max_close_ret"": 9.0, ""min_close_ret"": -1.0, ""signal_cooldown_days"": 8, ""strong_line"": 4.5, ""x15_multiplier"": 1.8}"
activity_breakout,local_optuna_t24_vsplit,301117,fixed_10,10,29,0.689655,0.081141,-0.067166,1.208081,0.000000,0.000000,71.730060,"{""big_bull_line"": 8.0, ""max_close_ret"": 13.0, ""min_close_ret"": 1.0, ""signal_cooldown_days"": 13, ""strong_line"": 3.0, ""x15_multiplier"": 1.0}"
activity_breakout,local_optuna_t24_vsplit,301118,fixed_10,10,50,0.560000,0.016252,-0.068740,0.236427,0.000000,0.000000,46.108136,"{""big_bull_line"": 7.5, ""max_close_ret"": 11.0, ""min_close_ret"": 1.0, ""signal_cooldown_days"": 10, ""strong_line"": 3.0, ""x15_multiplier"": 1.8}"
gs_pullback_confirm,local_optuna_t24_vsplit,301119,formula_exit_or_20,20,9,0.888889,0.124833,-0.049878,2.502785,0.000000,0.000000,82.713158,"{""ma_pull_high"": 0.98, ""ma_pull_low"": 0.8600000000000001, ""maxlen_max"": 20, ""maxrun_max"": 10, ""rate_min"": 30, ""sellpct_max"": 65}"
gs_raw_buy,local_optuna_t24_vsplit,301119,fixed_60,60,39,0.538462,0.055313,-0.149146,0.370863,0.000000,0.000000,63.008162,"{""down_adjust"": 0.96, ""ema_fallback_span"": 5, ""iterations"": 6, ""signal_cooldown_days"": 14, ""up_adjust"": 1.02, ""x3_ma_windows"": [3, 5, 10, 20]}"
gs_raw_buy,local_optuna_t24_vsplit,301121,formula_exit_or_30,30,29,0.551724,0.049355,-0.025800,1.912991,0.000000,0.034483,70.449439,"{""down_adjust"": 0.96, ""ema_fallback_span"": 7, ""iterations"": 10, ""signal_cooldown_days"": 16, ""up_adjust"": 1.01, ""x3_ma_windows"": [3, 5, 10, 20]}"
gs_pullback_confirm,local_optuna_t24_vsplit,301138,fixed_60,60,12,1.000000,0.055242,-0.105475,0.523742,0.000000,0.000000,77.618709,"{""ma_pull_high"": 1.01, ""ma_pull_low"": 0.68, ""maxlen_max"": 24, ""maxrun_max"": 6, ""rate_min"": 25, ""sellpct_max"": 55}"
volume_base_breakout,local_optuna_t24_vsplit,301156,formula_exit_or_5,5,12,0.666667,0.047600,-0.019142,2.486722,0.000000,0.000000,76.233609,"{""amount_spike_ratio"": 2.0, ""base_ceiling"": 1.3399999999999999, ""base_floor"": 0.76, ""base_max_days"": 105, ""base_min_days"": 40, ""base_range_max"": 0.37, ""breakout_max_extension"": 1.08, ""breakout_near_high"": 0.9, ""dry_ratio"": 0.39999999999999997, ""signal_cooldown_days"": 14, ""spike_lookback"": 120, ""spike_ratio"": 3.0, ""warm_ret_max"": 0.2, ""warm_ret_min"": 0.03, ""warm_vol_ratio"": 0.85}"
gs_raw_buy,local_optuna_t24_vsplit,301159,fixed_5,5,34,0.676471,0.047188,-0.049785,0.947835,0.000000,0.000000,68.627409,"{""down_adjust"": 0.98, ""ema_fallback_span"": 4, ""iterations"": 7, ""signal_cooldown_days"": 16, ""up_adjust"": 1.02, ""x3_ma_windows"": [5, 10, 20, 30]}"
gs_raw_buy,local_optuna_t24_vsplit,301162,fixed_15,15,26,0.576923,0.057296,-0.307035,0.186611,0.000000,0.000000,63.240749,"{""down_adjust"": 0.97, ""ema_fallback_span"": 5, ""iterations"": 10, ""signal_cooldown_days"": 16, ""up_adjust"": 1.04, ""x3_ma_windows"": [3, 8, 13, 21]}"
volume_base_breakout,local_optuna_t24_vsplit,301162,fixed_60,60,9,1.000000,0.121256,-0.354344,0.342197,0.000000,0.000000,75.243552,"{""amount_spike_ratio"": 2.0, ""base_ceiling"": 1.3199999999999998, ""base_floor"": 0.8, ""base_max_days"": 90, ""base_min_days"": 30, ""base_range_max"": 0.31, ""breakout_max_extension"": 1.08, ""breakout_near_high"": 0.96, ""dry_ratio"": 0.55, ""signal_cooldown_days"": 18, ""spike_lookback"": 90, ""spike_ratio"": 2.4, ""warm_ret_max"": 0.22, ""warm_ret_min"": 0.01, ""warm_vol_ratio"": 0.95}"
gs_pullback_confirm,local_optuna_t24_vsplit,301168,fixed_60,60,17,1.000000,0.191994,-0.043447,4.419036,0.000000,0.000000,95.000000,"{""ma_pull_high"": 1.02, ""ma_pull_low"": 0.8400000000000001, ""maxlen_max"": 17, ""maxrun_max"": 11, ""rate_min"": 25, ""sellpct_max"": 50}"
gs_raw_buy,local_optuna_t24_vsplit,301179,fixed_5,5,40,0.600000,0.019870,-0.017375,1.143597,0.000000,0.000000,53.652986,"{""down_adjust"": 0.97, ""ema_fallback_span"": 6, ""iterations"": 10, ""signal_cooldown_days"": 13, ""up_adjust"": 1.02, ""x3_ma_windows"": [3, 8, 13, 21]}"
activity_breakout,local_optuna_t24_vsplit,301180,fixed_5,5,49,0.591837,0.014771,-0.049506,0.298376,0.000000,0.000000,46.632695,"{""big_bull_line"": 5.5, ""max_close_ret"": 8.0, ""min_close_ret"": 1.5, ""signal_cooldown_days"": 13, ""strong_line"": 3.5, ""x15_multiplier"": 1.5}"
gs_pullback_confirm,local_optuna_t24_vsplit,301186,fixed_5,5,10,0.500000,0.037240,-0.042520,0.875823,0.000000,0.000000,57.298797,"{""ma_pull_high"": 1.02, ""ma_pull_low"": 0.78, ""maxlen_max"": 24, ""maxrun_max"": 11, ""rate_min"": 25, ""sellpct_max"": 60}"
activity_breakout,local_optuna_t24_vsplit,301188,formula_exit_or_10,10,23,0.521739,0.058643,-0.044913,1.305712,0.000000,0.000000,67.180732,"{""big_bull_line"": 9.0, ""max_close_ret"": 10.0, ""min_close_ret"": 0.0, ""signal_cooldown_days"": 12, ""strong_line"": 2.5, ""x15_multiplier"": 1.3}"
activity_breakout,local_optuna_t24_vsplit,301191,fixed_60,60,45,0.666667,0.086562,-0.152918,0.566070,0.000000,0.000000,67.830352,"{""big_bull_line"": 5.0, ""max_close_ret"": 12.0, ""min_close_ret"": 1.5, ""signal_cooldown_days"": 14, ""strong_line"": 4.5, ""x15_multiplier"": 1.8}"
activity_breakout,local_optuna_t24_vsplit,301195,fixed_60,60,10,0.700000,0.049930,-0.146410,0.341029,0.000000,0.000000,66.969824,"{""big_bull_line"": 9.0, ""max_close_ret"": 12.0, ""min_close_ret"": -0.5, ""signal_cooldown_days"": 13, ""strong_line"": 3.0, ""x15_multiplier"": 1.0}"
gs_pullback_confirm,local_optuna_t24_vsplit,301196,formula_exit_or_60,60,17,0.941176,0.260235,-0.051418,5.061206,0.000000,0.000000,93.235294,"{""ma_pull_high"": 1.02, ""ma_pull_low"": 0.68, ""maxlen_max"": 24, ""maxrun_max"": 10, ""rate_min"": 40, ""sellpct_max"": 45}"
activity_breakout,local_optuna_t24_vsplit,301197,fixed_10,10,37,0.594595,0.039562,-0.068957,0.573724,0.000000,0.000000,60.487540,"{""big_bull_line"": 9.0, ""max_close_ret"": 12.0, ""min_close_ret"": -0.5, ""signal_cooldown_days"": 7, ""strong_line"": 3.0, ""x15_multiplier"": 1.7000000000000002}"
gs_raw_buy,local_optuna_t24_vsplit,301197,formula_exit_or_15,15,33,0.454545,0.050361,-0.031858,1.580805,0.000000,0.000000,66.540387,"{""down_adjust"": 0.97, ""ema_fallback_span"": 7, ""iterations"": 8, ""signal_cooldown_days"": 15, ""up_adjust"": 1.03, ""x3_ma_windows"": [3, 8, 13, 21]}"
activity_breakout,local_optuna_t24_vsplit,301199,fixed_5,5,38,0.710526,0.035005,-0.029816,1.174051,0.000000,0.000000,64.688677,"{""big_bull_line"": 7.5, ""max_close_ret"": 13.0, ""min_close_ret"": 0.0, ""signal_cooldown_days"": 6, ""strong_line"": 4.0, ""x15_multiplier"": 1.2}"
gs_raw_buy,local_optuna_t24_vsplit,301201,fixed_5,5,39,0.564103,0.040208,-0.046823,0.858715,0.000000,0.000000,61.320500,"{""down_adjust"": 0.98, ""ema_fallback_span"": 6, ""iterations"": 6, ""signal_cooldown_days"": 13, ""up_adjust"": 1.02, ""x3_ma_windows"": [3, 5, 10, 20]}"
gs_raw_buy,local_optuna_t24_vsplit,301203,formula_exit_or_10,10,22,0.545455,0.041114,-0.014373,2.860531,0.000000,0.000000,71.223111,"{""down_adjust"": 0.96, ""ema_fallback_span"": 5, ""iterations"": 7, ""signal_cooldown_days"": 15, ""up_adjust"": 1.02, ""x3_ma_windows"": [5, 10, 20, 30]}"
activity_breakout,local_optuna_t24_vsplit,301205,fixed_60,60,29,0.689655,0.348555,-0.211210,1.650275,0.000000,0.000000,73.941031,"{""big_bull_line"": 9.0, ""max_close_ret"": 14.0, ""min_close_ret"": -0.5, ""signal_cooldown_days"": 12, ""strong_line"": 3.0, ""x15_multiplier"": 1.0}"
gs_raw_buy,local_optuna_t24_vsplit,301207,formula_exit_or_5,5,38,0.552632,0.019597,-0.013558,1.445458,0.000000,0.026316,53.341764,"{""down_adjust"": 0.97, ""ema_fallback_span"": 4, ""iterations"": 6, ""signal_cooldown_days"": 12, ""up_adjust"": 1.01, ""x3_ma_windows"": [3, 8, 13, 21]}"
activity_breakout,local_optuna_t24_vsplit,301219,fixed_10,10,21,0.571429,0.024795,-0.044224,0.560676,0.047619,0.000000,51.867667,"{""big_bull_line"": 9.0, ""max_close_ret"": 14.0, ""min_close_ret"": -0.5, ""signal_cooldown_days"": 13, ""strong_line"": 3.5, ""x15_multiplier"": 1.3}"
activity_breakout,local_optuna_t24_vsplit,301230,fixed_60,60,18,0.611111,0.059161,-0.160572,0.368439,0.000000,0.000000,65.175530,"{""big_bull_line"": 9.0, ""max_close_ret"": 10.0, ""min_close_ret"": 2.0, ""signal_cooldown_days"": 11, ""strong_line"": 3.0, ""x15_multiplier"": 1.0}"
activity_breakout,local_optuna_t24_vsplit,301255,fixed_5,5,13,0.769231,0.073685,-0.010346,7.121933,0.000000,0.000000,88.076923,"{""big_bull_line"": 8.5, ""max_close_ret"": 9.0, ""min_close_ret"": 2.0, ""signal_cooldown_days"": 11, ""strong_line"": 2.5, ""x15_multiplier"": 1.0}"
gs_raw_buy,local_optuna_t24_vsplit,301255,fixed_10,10,19,0.631579,0.064763,-0.035321,1.833557,0.000000,0.000000,73.115153,"{""down_adjust"": 0.97, ""ema_fallback_span"": 5, ""iterations"": 12, ""signal_cooldown_days"": 16, ""up_adjust"": 1.04, ""x3_ma_windows"": [5, 10, 20, 30]}"
activity_breakout,local_optuna_t24_vsplit,301266,fixed_30,30,40,0.550000,0.062275,-0.123358,0.504834,0.000000,0.000000,64.024168,"{""big_bull_line"": 5.5, ""max_close_ret"": 9.0, ""min_close_ret"": 1.5, ""signal_cooldown_days"": 14, ""strong_line"": 3.5, ""x15_multiplier"": 1.5}"
gs_raw_buy,local_optuna_t24_vsplit,301267,formula_exit_or_5,5,22,0.681818,0.030855,-0.019036,1.620821,0.000000,0.000000,63.985925,"{""down_adjust"": 0.96, ""ema_fallback_span"": 5, ""iterations"": 12, ""signal_cooldown_days"": 16, ""up_adjust"": 1.01, ""x3_ma_windows"": [3, 8, 13, 21]}"
gs_pullback_confirm,local_optuna_t24_vsplit,301270,fixed_5,5,13,0.846154,0.051638,-0.032423,1.592645,0.000000,0.000000,78.347842,"{""ma_pull_high"": 0.98, ""ma_pull_low"": 0.74, ""maxlen_max"": 23, ""maxrun_max"": 5, ""rate_min"": 25, ""sellpct_max"": 50}"
gs_raw_buy,local_optuna_t24_vsplit,301282,fixed_30,30,36,0.638889,0.054458,-0.093969,0.579532,0.000000,0.000000,67.064328,"{""down_adjust"": 0.99, ""ema_fallback_span"": 7, ""iterations"": 11, ""signal_cooldown_days"": 6, ""up_adjust"": 1.01, ""x3_ma_windows"": [5, 10, 20, 30]}"
gs_pullback_confirm,local_optuna_t24_vsplit,301283,fixed_60,60,14,1.000000,0.154257,-0.047829,3.225209,0.000000,0.000000,91.126045,"{""ma_pull_high"": 0.98, ""ma_pull_low"": 0.7000000000000001, ""maxlen_max"": 19, ""maxrun_max"": 12, ""rate_min"": 50, ""sellpct_max"": 65}"
activity_breakout,local_optuna_t24_vsplit,301288,fixed_30,30,32,0.593750,0.053516,-0.118097,0.453150,0.000000,0.031250,64.765751,"{""big_bull_line"": 7.5, ""max_close_ret"": 13.0, ""min_close_ret"": 2.0, ""signal_cooldown_days"": 14, ""strong_line"": 4.0, ""x15_multiplier"": 1.8}"
activity_breakout,local_optuna_t24_vsplit,301295,fixed_20,20,18,0.722222,0.054628,-0.085833,0.636440,0.000000,0.000000,69.848867,"{""big_bull_line"": 8.0, ""max_close_ret"": 14.0, ""min_close_ret"": -0.5, ""signal_cooldown_days"": 13, ""strong_line"": 2.5, ""x15_multiplier"": 1.2}"
activity_breakout,local_optuna_t24_vsplit,301297,formula_exit_or_10,10,34,0.588235,0.089397,-0.039294,2.275075,0.000000,0.000000,74.022433,"{""big_bull_line"": 7.5, ""max_close_ret"": 8.0, ""min_close_ret"": 0.5, ""signal_cooldown_days"": 13, ""strong_line"": 3.5, ""x15_multiplier"": 1.5}"
gs_pullback_confirm,local_optuna_t24_vsplit,301298,formula_exit_or_60,60,14,0.714286,0.092971,-0.070871,1.311832,0.000000,0.000000,72.987733,"{""ma_pull_high"": 0.97, ""ma_pull_low"": 0.78, ""maxlen_max"": 18, ""maxrun_max"": 12, ""rate_min"": 40, ""sellpct_max"": 75}"
activity_breakout,local_optuna_t24_vsplit,301313,fixed_10,10,37,0.621622,0.045511,-0.064635,0.704119,0.000000,0.000000,64.924648,"{""big_bull_line"": 6.0, ""max_close_ret"": 10.0, ""min_close_ret"": -0.5, ""signal_cooldown_days"": 14, ""strong_line"": 3.5, ""x15_multiplier"": 1.3}"
gs_raw_buy,local_optuna_t24_vsplit,301314,formula_exit_or_5,5,25,0.720000,0.026364,-0.033264,0.792569,0.000000,0.000000,58.744843,"{""down_adjust"": 0.97, ""ema_fallback_span"": 4, ""iterations"": 12, ""signal_cooldown_days"": 16, ""up_adjust"": 1.04, ""x3_ma_windows"": [3, 8, 13, 21]}"
gs_raw_buy,local_optuna_t24_vsplit,301315,fixed_30,30,28,0.535714,0.056286,-0.120657,0.466493,0.000000,0.000000,63.403894,"{""down_adjust"": 0.99, ""ema_fallback_span"": 4, ""iterations"": 8, ""signal_cooldown_days"": 12, ""up_adjust"": 1.01, ""x3_ma_windows"": [3, 5, 10, 20]}"
activity_breakout,local_optuna_t24_vsplit,301323,fixed_20,20,33,0.606061,0.070618,-0.078761,0.896618,0.000000,0.000000,67.664908,"{""big_bull_line"": 5.5, ""max_close_ret"": 10.0, ""min_close_ret"": 2.0, ""signal_cooldown_days"": 13, ""strong_line"": 3.5, ""x15_multiplier"": 1.5}"
gs_raw_buy,local_optuna_t24_vsplit,301328,fixed_5,5,34,0.676471,0.031415,-0.040026,0.784848,0.000000,0.000000,59.925712,"{""down_adjust"": 0.98, ""ema_fallback_span"": 4, ""iterations"": 8, ""signal_cooldown_days"": 12, ""up_adjust"": 1.03, ""x3_ma_windows"": [3, 5, 10, 20]}"
activity_breakout,local_optuna_t24_vsplit,301332,fixed_10,10,15,0.733333,0.034920,-0.037080,0.941748,0.000000,0.000000,64.168738,"{""big_bull_line"": 6.0, ""max_close_ret"": 8.0, ""min_close_ret"": -1.0, ""signal_cooldown_days"": 12, ""strong_line"": 4.0, ""x15_multiplier"": 1.3}"
activity_breakout,local_optuna_t24_vsplit,301359,formula_exit_or_5,5,12,0.666667,0.040217,-0.024358,1.651043,0.000000,0.000000,68.363551,"{""big_bull_line"": 7.5, ""max_close_ret"": 12.0, ""min_close_ret"": 0.5, ""signal_cooldown_days"": 8, ""strong_line"": 2.5, ""x15_multiplier"": 1.0}"
activity_breakout,local_optuna_t24_vsplit,301361,fixed_60,60,36,0.694444,0.107333,-0.154878,0.693020,0.000000,0.000000,69.298431,"{""big_bull_line"": 8.5, ""max_close_ret"": 8.0, ""min_close_ret"": 2.0, ""signal_cooldown_days"": 6, ""strong_line"": 3.0, ""x15_multiplier"": 1.8}"
activity_breakout,local_optuna_t24_vsplit,301362,fixed_15,15,24,0.833333,0.129846,-0.045275,2.867937,0.000000,0.000000,84.339683,"{""big_bull_line"": 7.0, ""max_close_ret"": 9.0, ""min_close_ret"": 1.5, ""signal_cooldown_days"": 9, ""strong_line"": 3.5, ""x15_multiplier"": 1.7000000000000002}"
activity_breakout,local_optuna_t24_vsplit,301363,fixed_10,10,12,0.750000,0.037542,-0.044817,0.837672,0.000000,0.000000,65.459193,"{""big_bull_line"": 9.0, ""max_close_ret"": 14.0, ""min_close_ret"": 0.0, ""signal_cooldown_days"": 14, ""strong_line"": 4.5, ""x15_multiplier"": 1.0}"
activity_breakout,local_optuna_t24_vsplit,301372,formula_exit_or_10,10,24,0.708333,0.024304,-0.038933,0.624251,0.041667,0.000000,56.106671,"{""big_bull_line"": 5.5, ""max_close_ret"": 13.0, ""min_close_ret"": 1.0, ""signal_cooldown_days"": 14, ""strong_line"": 3.5, ""x15_multiplier"": 1.2}"
activity_breakout,local_optuna_t24_vsplit,301378,formula_exit_or_5,5,27,0.555556,0.044326,-0.046852,0.946087,0.074074,0.000000,62.819324,"{""big_bull_line"": 6.5, ""max_close_ret"": 12.0, ""min_close_ret"": 1.0, ""signal_cooldown_days"": 11, ""strong_line"": 3.0, ""x15_multiplier"": 1.1}"
activity_breakout,local_optuna_t24_vsplit,301379,fixed_15,15,14,0.714286,0.078050,-0.033121,2.356480,0.000000,0.000000,78.210974,"{""big_bull_line"": 9.0, ""max_close_ret"": 12.0, ""min_close_ret"": 0.5, ""signal_cooldown_days"": 6, ""strong_line"": 4.0, ""x15_multiplier"": 1.2}"
activity_breakout,local_optuna_t24_vsplit,301386,formula_exit_or_5,5,25,0.640000,0.036300,-0.018820,1.928799,0.000000,0.000000,66.993996,"{""big_bull_line"": 8.0, ""max_close_ret"": 14.0, ""min_close_ret"": -1.0, ""signal_cooldown_days"": 11, ""strong_line"": 3.5, ""x15_multiplier"": 1.5}"
gs_raw_buy,local_optuna_t24_vsplit,301389,formula_exit_or_5,5,36,0.722222,0.069556,-0.024139,2.881473,0.000000,0.000000,81.074031,"{""down_adjust"": 0.98, ""ema_fallback_span"": 4, ""iterations"": 10, ""signal_cooldown_days"": 13, ""up_adjust"": 1.01, ""x3_ma_windows"": [3, 5, 10, 20]}"
gs_raw_buy,local_optuna_t24_vsplit,301399,fixed_15,15,18,0.666667,0.044361,-0.066339,0.668704,0.000000,0.000000,65.524078,"{""down_adjust"": 0.99, ""ema_fallback_span"": 5, ""iterations"": 11, ""signal_cooldown_days"": 16, ""up_adjust"": 1.01, ""x3_ma_windows"": [5, 10, 20, 30]}"
activity_breakout,local_optuna_t24_vsplit,301413,formula_exit_or_10,10,35,0.742857,0.062583,-0.048677,1.285672,0.000000,0.000000,73.714076,"{""big_bull_line"": 7.5, ""max_close_ret"": 14.0, ""min_close_ret"": 0.5, ""signal_cooldown_days"": 11, ""strong_line"": 4.5, ""x15_multiplier"": 1.2}"
activity_breakout,local_optuna_t24_vsplit,301446,fixed_60,60,14,0.571429,0.080779,-0.121957,0.662352,0.000000,0.000000,65.454618,"{""big_bull_line"": 8.0, ""max_close_ret"": 8.0, ""min_close_ret"": -0.5, ""signal_cooldown_days"": 14, ""strong_line"": 2.5, ""x15_multiplier"": 1.1}"
activity_breakout,local_optuna_t24_vsplit,301489,fixed_15,15,27,0.777778,0.129952,-0.057900,2.244419,0.000000,0.000000,79.555428,"{""big_bull_line"": 7.0, ""max_close_ret"": 10.0, ""min_close_ret"": 2.0, ""signal_cooldown_days"": 13, ""strong_line"": 4.0, ""x15_multiplier"": 1.4}"
activity_breakout,local_optuna_t24_vsplit,301503,fixed_10,10,23,0.739130,0.045652,-0.049926,0.914395,0.043478,0.000000,69.137193,"{""big_bull_line"": 8.5, ""max_close_ret"": 9.0, ""min_close_ret"": 0.0, ""signal_cooldown_days"": 10, ""strong_line"": 4.0, ""x15_multiplier"": 1.6}"
activity_breakout,local_optuna_t24_vsplit,301507,fixed_15,15,17,0.647059,0.029871,-0.069671,0.428740,0.000000,0.000000,56.490760,"{""big_bull_line"": 6.0, ""max_close_ret"": 10.0, ""min_close_ret"": 0.0, ""signal_cooldown_days"": 12, ""strong_line"": 3.5, ""x15_multiplier"": 1.0}"
gs_raw_buy,local_optuna_t24_vsplit,301520,formula_exit_or_5,5,21,0.523810,0.018533,-0.027510,0.673706,0.000000,0.000000,48.349483,"{""down_adjust"": 0.98, ""ema_fallback_span"": 7, ""iterations"": 8, ""signal_cooldown_days"": 16, ""up_adjust"": 1.03, ""x3_ma_windows"": [3, 8, 13, 21]}"
gs_pullback_confirm,local_optuna_t24_vsplit,301533,formula_exit_or_15,15,11,1.000000,0.144964,-0.035918,4.035940,0.000000,0.000000,95.000000,"{""ma_pull_high"": 1.02, ""ma_pull_low"": 0.7000000000000001, ""maxlen_max"": 11, ""maxrun_max"": 8, ""rate_min"": 50, ""sellpct_max"": 75}"
activity_breakout,local_optuna_t24_vsplit,301559,fixed_5,5,15,0.666667,0.013233,-0.020367,0.649755,0.000000,0.000000,49.865439,"{""big_bull_line"": 5.5, ""max_close_ret"": 10.0, ""min_close_ret"": 0.0, ""signal_cooldown_days"": 13, ""strong_line"": 3.0, ""x15_multiplier"": 1.4}"
activity_breakout,local_optuna_t24_vsplit,301567,formula_exit_or_15,15,44,0.500000,0.033020,-0.045052,0.732936,0.000000,0.000000,55.174910,"{""big_bull_line"": 6.0, ""max_close_ret"": 13.0, ""min_close_ret"": -0.5, ""signal_cooldown_days"": 6, ""strong_line"": 3.0, ""x15_multiplier"": 1.5}"
activity_breakout,local_optuna_t24_vsplit,301591,formula_exit_or_10,10,33,0.636364,0.033812,-0.033873,0.998211,0.000000,0.000000,60.988024,"{""big_bull_line"": 5.5, ""max_close_ret"": 8.0, ""min_close_ret"": -0.5, ""signal_cooldown_days"": 12, ""strong_line"": 3.0, ""x15_multiplier"": 1.5}"
activity_breakout,local_optuna_t24_vsplit,301600,formula_exit_or_15,15,12,0.666667,0.158483,-0.040067,3.955491,0.000000,0.000000,84.777454,"{""big_bull_line"": 8.0, ""max_close_ret"": 8.0, ""min_close_ret"": 1.5, ""signal_cooldown_days"": 11, ""strong_line"": 3.5, ""x15_multiplier"": 1.1}"
activity_breakout,local_optuna_t24_vsplit,301607,fixed_15,15,9,0.666667,0.080322,-0.089200,0.900473,0.000000,0.000000,68.034935,"{""big_bull_line"": 8.0, ""max_close_ret"": 8.0, ""min_close_ret"": 0.0, ""signal_cooldown_days"": 10, ""strong_line"": 3.0, ""x15_multiplier"": 1.0}"
gs_raw_buy,local_optuna_t24_vsplit,301616,fixed_30,30,11,0.636364,0.064282,-0.087191,0.737254,0.000000,0.000000,67.777177,"{""down_adjust"": 0.99, ""ema_fallback_span"": 7, ""iterations"": 10, ""signal_cooldown_days"": 9, ""up_adjust"": 1.04, ""x3_ma_windows"": [3, 5, 10, 20]}"
activity_breakout,local_optuna_t24_vsplit,600017,formula_exit_or_5,5,23,0.652174,0.013878,-0.008043,1.725405,0.000000,0.000000,55.131375,"{""big_bull_line"": 6.0, ""max_close_ret"": 11.0, ""min_close_ret"": 1.0, ""signal_cooldown_days"": 11, ""strong_line"": 4.5, ""x15_multiplier"": 1.8}"
gs_pullback_confirm,local_optuna_t24_vsplit,600027,fixed_10,10,10,1.000000,0.061070,0.000000,12.214000,0.000000,0.000000,94.299681,"{""ma_pull_high"": 1.03, ""ma_pull_low"": 0.74, ""maxlen_max"": 15, ""maxrun_max"": 5, ""rate_min"": 55, ""sellpct_max"": 45}"
gs_raw_buy,local_optuna_t24_vsplit,600029,fixed_20,20,40,0.600000,0.009177,-0.056288,0.163047,0.000000,0.000000,43.403984,"{""down_adjust"": 0.97, ""ema_fallback_span"": 4, ""iterations"": 8, ""signal_cooldown_days"": 14, ""up_adjust"": 1.03, ""x3_ma_windows"": [3, 5, 10, 20]}"
activity_breakout,local_optuna_t24_vsplit,600048,fixed_10,10,14,0.571429,0.011850,-0.039614,0.299135,0.000000,0.000000,44.563530,"{""big_bull_line"": 7.5, ""max_close_ret"": 10.0, ""min_close_ret"": 0.5, ""signal_cooldown_days"": 6, ""strong_line"": 3.0, ""x15_multiplier"": 1.0}"
gs_raw_buy,local_optuna_t24_vsplit,600055,fixed_20,20,27,0.666667,0.039293,-0.060544,0.648988,0.000000,0.000000,62.891234,"{""down_adjust"": 0.99, ""ema_fallback_span"": 7, ""iterations"": 8, ""signal_cooldown_days"": 16, ""up_adjust"": 1.03, ""x3_ma_windows"": [3, 8, 13, 21]}"
gs_raw_buy,local_optuna_t24_vsplit,600062,formula_exit_or_30,30,36,0.472222,0.047567,-0.013597,3.498264,0.000000,0.000000,75.441318,"{""down_adjust"": 0.97, ""ema_fallback_span"": 7, ""iterations"": 10, ""signal_cooldown_days"": 8, ""up_adjust"": 1.04, ""x3_ma_windows"": [5, 10, 20, 30]}"
gs_raw_buy,local_optuna_t24_vsplit,600064,formula_exit_or_30,30,41,0.463415,0.019627,-0.008915,2.201642,0.000000,0.000000,54.724062,"{""down_adjust"": 0.98, ""ema_fallback_span"": 7, ""iterations"": 8, ""signal_cooldown_days"": 12, ""up_adjust"": 1.02, ""x3_ma_windows"": [3, 5, 10, 20]}"
activity_breakout,local_optuna_t24_vsplit,600071,fixed_15,15,34,0.617647,0.022882,-0.074859,0.305673,0.000000,0.000000,51.498955,"{""big_bull_line"": 6.5, ""max_close_ret"": 11.0, ""min_close_ret"": 1.5, ""signal_cooldown_days"": 14, ""strong_line"": 4.0, ""x15_multiplier"": 1.2}"
activity_breakout,local_optuna_t24_vsplit,600094,fixed_20,20,40,0.625000,0.041978,-0.075503,0.555975,0.000000,0.000000,62.518625,"{""big_bull_line"": 7.5, ""max_close_ret"": 10.0, ""min_close_ret"": 1.0, ""signal_cooldown_days"": 11, ""strong_line"": 3.5, ""x15_multiplier"": 1.8}"
gs_raw_buy,local_optuna_t24_vsplit,600094,fixed_20,20,49,0.591837,0.043482,-0.062139,0.699750,0.020408,0.000000,62.790589,"{""down_adjust"": 0.99, ""ema_fallback_span"": 4, ""iterations"": 10, ""signal_cooldown_days"": 7, ""up_adjust"": 1.01, ""x3_ma_windows"": [3, 5, 10, 20]}"
activity_breakout,local_optuna_t24_vsplit,600095,fixed_5,5,41,0.585366,0.024824,-0.032917,0.754149,0.000000,0.000000,53.743918,"{""big_bull_line"": 6.0, ""max_close_ret"": 8.0, ""min_close_ret"": -1.0, ""signal_cooldown_days"": 12, ""strong_line"": 3.0, ""x15_multiplier"": 1.5}"
activity_breakout,local_optuna_t24_vsplit,600097,fixed_30,30,13,0.769231,0.038362,-0.072469,0.529349,0.000000,0.000000,64.904439,"{""big_bull_line"": 9.0, ""max_close_ret"": 8.0, ""min_close_ret"": 2.0, ""signal_cooldown_days"": 9, ""strong_line"": 2.5, ""x15_multiplier"": 1.4}"
gs_raw_buy,local_optuna_t24_vsplit,600099,fixed_60,60,42,0.523810,0.047286,-0.127079,0.372098,0.000000,0.000000,61.217634,"{""down_adjust"": 0.96, ""ema_fallback_span"": 7, ""iterations"": 7, ""signal_cooldown_days"": 7, ""up_adjust"": 1.04, ""x3_ma_windows"": [3, 8, 13, 21]}"
activity_breakout,local_optuna_t24_vsplit,600101,fixed_30,30,14,0.642857,0.126164,-0.091050,1.385659,0.071429,0.000000,70.499725,"{""big_bull_line"": 9.0, ""max_close_ret"": 8.0, ""min_close_ret"": 0.0, ""signal_cooldown_days"": 11, ""strong_line"": 2.5, ""x15_multiplier"": 1.2}"
activity_breakout,local_optuna_t24_vsplit,600103,fixed_10,10,24,0.708333,0.058262,-0.058842,0.990157,0.000000,0.000000,71.200786,"{""big_bull_line"": 5.0, ""max_close_ret"": 13.0, ""min_close_ret"": 0.5, ""signal_cooldown_days"": 9, ""strong_line"": 3.5, ""x15_multiplier"": 1.0}"
activity_breakout,local_optuna_t24_vsplit,600110,fixed_15,15,22,0.636364,0.085695,-0.074105,1.156413,0.045455,0.000000,69.418428,"{""big_bull_line"": 9.0, ""max_close_ret"": 12.0, ""min_close_ret"": 1.0, ""signal_cooldown_days"": 13, ""strong_line"": 3.5, ""x15_multiplier"": 1.3}"
volume_base_breakout,local_optuna_t24_vsplit,600116,fixed_5,5,10,0.700000,0.023080,-0.004570,4.616000,0.000000,0.000000,71.839681,"{""amount_spike_ratio"": 2.4, ""base_ceiling"": 1.2, ""base_floor"": 0.84, ""base_max_days"": 100, ""base_min_days"": 30, ""base_range_max"": 0.31, ""breakout_max_extension"": 1.08, ""breakout_near_high"": 0.93, ""dry_ratio"": 0.55, ""signal_cooldown_days"": 18, ""spike_lookback"": 120, ""spike_ratio"": 2.4, ""warm_ret_max"": 0.28, ""warm_ret_min"": 0.019999999999999997, ""warm_vol_ratio"": 1.05}"
volume_base_breakout,local_optuna_t24_vsplit,600120,fixed_5,5,9,0.777778,0.045333,-0.013333,3.400000,0.000000,0.000000,81.532568,"{""amount_spike_ratio"": 2.0, ""base_ceiling"": 1.5, ""base_floor"": 0.84, ""base_max_days"": 65, ""base_min_days"": 35, ""base_range_max"": 0.27, ""breakout_max_extension"": 1.11, ""breakout_near_high"": 0.93, ""dry_ratio"": 0.55, ""signal_cooldown_days"": 9, ""spike_lookback"": 120, ""spike_ratio"": 2.4, ""warm_ret_max"": 0.22, ""warm_ret_min"": 0.0, ""warm_vol_ratio"": 1.05}"
volume_base_breakout,local_optuna_t24_vsplit,600125,fixed_30,30,13,0.769231,0.029292,-0.031523,0.929234,0.000000,0.000000,62.369246,"{""amount_spike_ratio"": 3.0, ""base_ceiling"": 1.24, ""base_floor"": 0.75, ""base_max_days"": 105, ""base_min_days"": 45, ""base_range_max"": 0.31, ""breakout_max_extension"": 1.07, ""breakout_near_high"": 0.9, ""dry_ratio"": 0.44999999999999996, ""signal_cooldown_days"": 15, ""spike_lookback"": 90, ""spike_ratio"": 2.6, ""warm_ret_max"": 0.16, ""warm_ret_min"": 0.0, ""warm_vol_ratio"": 0.8}"
gs_raw_buy,local_optuna_t24_vsplit,600128,fixed_60,60,30,0.633333,0.041873,-0.109223,0.383374,0.033333,0.000000,61.520201,"{""down_adjust"": 0.98, ""ema_fallback_span"": 3, ""iterations"": 8, ""signal_cooldown_days"": 15, ""up_adjust"": 1.02, ""x3_ma_windows"": [5, 10, 20, 30]}"
activity_breakout,local_optuna_t24_vsplit,600133,fixed_5,5,13,0.846154,0.076600,-0.027192,2.816973,0.000000,0.000000,84.469481,"{""big_bull_line"": 8.5, ""max_close_ret"": 10.0, ""min_close_ret"": 2.0, ""signal_cooldown_days"": 13, ""strong_line"": 4.0, ""x15_multiplier"": 1.0}"
gs_raw_buy,local_optuna_t24_vsplit,600138,fixed_20,20,39,0.564103,0.012585,-0.051859,0.242670,0.000000,0.000000,44.428734,"{""down_adjust"": 0.97, ""ema_fallback_span"": 4, ""iterations"": 7, ""signal_cooldown_days"": 15, ""up_adjust"": 1.04, ""x3_ma_windows"": [3, 5, 10, 20]}"
activity_breakout,local_optuna_t24_vsplit,600153,fixed_20,20,10,0.700000,0.061250,-0.033060,1.852692,0.000000,0.000000,74.563141,"{""big_bull_line"": 9.0, ""max_close_ret"": 12.0, ""min_close_ret"": -0.5, ""signal_cooldown_days"": 13, ""strong_line"": 4.5, ""x15_multiplier"": 1.1}"
activity_breakout,local_optuna_t24_vsplit,600183,fixed_60,60,12,0.833333,0.210758,-0.094633,2.227105,0.000000,0.000000,81.135523,"{""big_bull_line"": 8.5, ""max_close_ret"": 8.0, ""min_close_ret"": -1.0, ""signal_cooldown_days"": 11, ""strong_line"": 4.0, ""x15_multiplier"": 1.1}"
activity_breakout,local_optuna_t24_vsplit,600193,fixed_60,60,34,0.617647,0.058174,-0.189206,0.307462,0.029412,0.000000,64.772602,"{""big_bull_line"": 7.5, ""max_close_ret"": 14.0, ""min_close_ret"": 1.5, ""signal_cooldown_days"": 6, ""strong_line"": 3.5, ""x15_multiplier"": 1.0}"
gs_pullback_confirm,local_optuna_t24_vsplit,600195,fixed_60,60,16,0.875000,0.032931,-0.105188,0.313072,0.000000,0.000000,64.280984,"{""ma_pull_high"": 0.99, ""ma_pull_low"": 0.9, ""maxlen_max"": 21, ""maxrun_max"": 7, ""rate_min"": 45, ""sellpct_max"": 50}"
gs_pullback_confirm,local_optuna_t24_vsplit,600201,fixed_60,60,15,0.733333,0.197820,-0.128553,1.538817,0.000000,0.000000,74.694083,"{""ma_pull_high"": 1.01, ""ma_pull_low"": 0.8400000000000001, ""maxlen_max"": 24, ""maxrun_max"": 12, ""rate_min"": 35, ""sellpct_max"": 45}"
gs_pullback_confirm,local_optuna_t24_vsplit,600206,fixed_30,30,15,0.800000,0.071127,-0.065193,1.091011,0.000000,0.000000,74.455057,"{""ma_pull_high"": 0.96, ""ma_pull_low"": 0.78, ""maxlen_max"": 24, ""maxrun_max"": 10, ""rate_min"": 25, ""sellpct_max"": 60}"
gs_raw_buy,local_optuna_t24_vsplit,600218,fixed_60,60,43,0.674419,0.043840,-0.098777,0.443824,0.000000,0.000000,64.371448,"{""down_adjust"": 0.98, ""ema_fallback_span"": 6, ""iterations"": 9, ""signal_cooldown_days"": 7, ""up_adjust"": 1.02, ""x3_ma_windows"": [3, 8, 13, 21]}"
activity_breakout,local_optuna_t24_vsplit,600221,formula_exit_or_10,10,12,0.666667,0.073050,-0.022900,3.189956,0.000000,0.000000,80.949782,"{""big_bull_line"": 6.0, ""max_close_ret"": 9.0, ""min_close_ret"": 1.5, ""signal_cooldown_days"": 6, ""strong_line"": 3.0, ""x15_multiplier"": 1.0}"
activity_breakout,local_optuna_t24_vsplit,600222,fixed_5,5,15,0.733333,0.054993,-0.033707,1.631527,0.066667,0.000000,74.490968,"{""big_bull_line"": 8.5, ""max_close_ret"": 10.0, ""min_close_ret"": 0.0, ""signal_cooldown_days"": 13, ""strong_line"": 4.5, ""x15_multiplier"": 1.1}"
volume_base_breakout,local_optuna_t24_vsplit,600228,fixed_60,60,11,1.000000,0.267536,-0.067500,3.963502,0.000000,0.000000,94.817508,"{""amount_spike_ratio"": 2.8, ""base_ceiling"": 1.4, ""base_floor"": 0.84, ""base_max_days"": 85, ""base_min_days"": 30, ""base_range_max"": 0.43, ""breakout_max_extension"": 1.11, ""breakout_near_high"": 0.91, ""dry_ratio"": 0.5, ""signal_cooldown_days"": 8, ""spike_lookback"": 120, ""spike_ratio"": 3.2, ""warm_ret_max"": 0.18, ""warm_ret_min"": 0.0, ""warm_vol_ratio"": 0.8}"
gs_raw_buy,local_optuna_t24_vsplit,600229,formula_exit_or_5,5,46,0.608696,0.015572,-0.017637,0.882904,0.000000,0.000000,50.461259,"{""down_adjust"": 0.99, ""ema_fallback_span"": 5, ""iterations"": 9, ""signal_cooldown_days"": 6, ""up_adjust"": 1.04, ""x3_ma_windows"": [3, 5, 10, 20]}"
activity_breakout,local_optuna_t24_vsplit,600230,formula_exit_or_10,10,32,0.593750,0.032972,-0.026722,1.233891,0.062500,0.031250,59.530391,"{""big_bull_line"": 5.0, ""max_close_ret"": 13.0, ""min_close_ret"": 1.5, ""signal_cooldown_days"": 11, ""strong_line"": 4.5, ""x15_multiplier"": 1.0}"
activity_breakout,local_optuna_t24_vsplit,600238,formula_exit_or_5,5,37,0.513514,0.031549,-0.036443,0.865693,0.000000,0.000000,55.508193,"{""big_bull_line"": 8.5, ""max_close_ret"": 8.0, ""min_close_ret"": -0.5, ""signal_cooldown_days"": 14, ""strong_line"": 4.0, ""x15_multiplier"": 1.6}"
gs_pullback_confirm,local_optuna_t24_vsplit,600246,fixed_60,60,10,0.800000,0.038210,-0.149010,0.256426,0.000000,0.000000,63.686810,"{""ma_pull_high"": 0.98, ""ma_pull_low"": 0.7000000000000001, ""maxlen_max"": 11, ""maxrun_max"": 11, ""rate_min"": 55, ""sellpct_max"": 50}"
activity_breakout,local_optuna_t24_vsplit,600250,fixed_60,60,53,0.622642,0.086736,-0.133870,0.647912,0.018868,0.000000,66.730126,"{""big_bull_line"": 5.0, ""max_close_ret"": 8.0, ""min_close_ret"": -0.5, ""signal_cooldown_days"": 11, ""strong_line"": 2.5, ""x15_multiplier"": 1.6}"
activity_breakout,local_optuna_t24_vsplit,600267,formula_exit_or_15,15,39,0.538462,0.026241,-0.022785,1.151699,0.000000,0.000000,55.032855,"{""big_bull_line"": 5.5, ""max_close_ret"": 13.0, ""min_close_ret"": 0.5, ""signal_cooldown_days"": 14, ""strong_line"": 3.0, ""x15_multiplier"": 1.6}"
gs_raw_buy,local_optuna_t24_vsplit,600272,formula_exit_or_5,5,47,0.468085,0.019011,-0.041191,0.461519,0.106383,0.021277,44.578870,"{""down_adjust"": 0.97, ""ema_fallback_span"": 4, ""iterations"": 8, ""signal_cooldown_days"": 11, ""up_adjust"": 1.01, ""x3_ma_windows"": [3, 5, 10, 20]}"
activity_breakout,local_optuna_t24_vsplit,600292,formula_exit_or_5,5,15,0.600000,0.067847,-0.035180,1.928558,0.133333,0.000000,71.309456,"{""big_bull_line"": 8.0, ""max_close_ret"": 13.0, ""min_close_ret"": -1.0, ""signal_cooldown_days"": 8, ""strong_line"": 4.5, ""x15_multiplier"": 1.0}"
gs_pullback_confirm,local_optuna_t24_vsplit,600302,fixed_60,60,14,1.000000,0.399943,-0.082864,4.826480,0.000000,0.000000,95.000000,"{""ma_pull_high"": 0.96, ""ma_pull_low"": 0.78, ""maxlen_max"": 21, ""maxrun_max"": 12, ""rate_min"": 50, ""sellpct_max"": 55}"
volume_base_breakout,local_optuna_t24_vsplit,600305,fixed_5,5,11,0.818182,0.040591,-0.012118,3.349587,0.000000,0.000000,81.588846,"{""amount_spike_ratio"": 2.6, ""base_ceiling"": 1.44, ""base_floor"": 0.76, ""base_max_days"": 75, ""base_min_days"": 30, ""base_range_max"": 0.37, ""breakout_max_extension"": 1.1, ""breakout_near_high"": 0.91, ""dry_ratio"": 0.39999999999999997, ""signal_cooldown_days"": 13, ""spike_lookback"": 70, ""spike_ratio"": 2.0, ""warm_ret_max"": 0.3, ""warm_ret_min"": 0.0, ""warm_vol_ratio"": 1.05}"
activity_breakout,local_optuna_t24_vsplit,600309,fixed_60,60,25,0.760000,0.074620,-0.074044,1.007779,0.000000,0.000000,72.838896,"{""big_bull_line"": 8.0, ""max_close_ret"": 10.0, ""min_close_ret"": 0.5, ""signal_cooldown_days"": 9, ""strong_line"": 4.0, ""x15_multiplier"": 1.8}"
activity_breakout,local_optuna_t24_vsplit,600310,fixed_20,20,42,0.476190,0.043195,-0.075762,0.570145,0.000000,0.023810,58.495961,"{""big_bull_line"": 5.5, ""max_close_ret"": 8.0, ""min_close_ret"": 2.0, ""signal_cooldown_days"": 8, ""strong_line"": 3.5, ""x15_multiplier"": 1.6}"
activity_breakout,local_optuna_t24_vsplit,600329,formula_exit_or_60,60,29,0.586207,0.045272,-0.009507,4.762060,0.068966,0.000000,79.532759,"{""big_bull_line"": 8.5, ""max_close_ret"": 8.0, ""min_close_ret"": -1.0, ""signal_cooldown_days"": 11, ""strong_line"": 2.5, ""x15_multiplier"": 1.5}"
activity_breakout,local_optuna_t24_vsplit,600330,fixed_30,30,16,0.812500,0.166019,-0.108025,1.536855,0.062500,0.062500,75.809274,"{""big_bull_line"": 9.0, ""max_close_ret"": 14.0, ""min_close_ret"": 0.0, ""signal_cooldown_days"": 14, ""strong_line"": 3.5, ""x15_multiplier"": 1.0}"
volume_base_breakout,local_optuna_t24_vsplit,600336,fixed_15,15,10,0.700000,0.065190,-0.062040,1.050774,0.000000,0.000000,70.553549,"{""amount_spike_ratio"": 2.0, ""base_ceiling"": 1.5, ""base_floor"": 0.83, ""base_max_days"": 75, ""base_min_days"": 35, ""base_range_max"": 0.35, ""breakout_max_extension"": 1.06, ""breakout_near_high"": 0.93, ""dry_ratio"": 0.35, ""signal_cooldown_days"": 18, ""spike_lookback"": 90, ""spike_ratio"": 3.2, ""warm_ret_max"": 0.2, ""warm_ret_min"": 0.03, ""warm_vol_ratio"": 1.05}"
activity_breakout,local_optuna_t24_vsplit,600350,fixed_60,60,43,0.720930,0.040974,-0.044319,0.924542,0.000000,0.000000,66.737827,"{""big_bull_line"": 5.0, ""max_close_ret"": 14.0, ""min_close_ret"": -1.0, ""signal_cooldown_days"": 13, ""strong_line"": 4.0, ""x15_multiplier"": 1.8}"
volume_base_breakout,local_optuna_t24_vsplit,600362,fixed_15,15,10,1.000000,0.074410,-0.014480,5.138812,0.000000,0.000000,94.299681,"{""amount_spike_ratio"": 2.6, ""base_ceiling"": 1.44, ""base_floor"": 0.75, ""base_max_days"": 65, ""base_min_days"": 35, ""base_range_max"": 0.27, ""breakout_max_extension"": 1.08, ""breakout_near_high"": 0.9, ""dry_ratio"": 0.35, ""signal_cooldown_days"": 8, ""spike_lookback"": 90, ""spike_ratio"": 2.0, ""warm_ret_max"": 0.28, ""warm_ret_min"": 0.0, ""warm_vol_ratio"": 0.9}"
activity_breakout,local_optuna_t24_vsplit,600375,fixed_20,20,18,0.555556,0.049950,-0.093650,0.533369,0.055556,0.000000,63.752956,"{""big_bull_line"": 8.5, ""max_close_ret"": 14.0, ""min_close_ret"": 0.5, ""signal_cooldown_days"": 6, ""strong_line"": 3.5, ""x15_multiplier"": 1.0}"
activity_breakout,local_optuna_t24_vsplit,600397,fixed_60,60,54,0.722222,0.213398,-0.129531,1.647462,0.037037,0.000000,74.533605,"{""big_bull_line"": 6.0, ""max_close_ret"": 8.0, ""min_close_ret"": 0.0, ""signal_cooldown_days"": 9, ""strong_line"": 4.5, ""x15_multiplier"": 1.5}"
gs_pullback_confirm,local_optuna_t24_vsplit,600397,fixed_60,60,10,0.900000,0.849880,-0.098790,8.602895,0.000000,0.000000,91.299681,"{""ma_pull_high"": 1.02, ""ma_pull_low"": 0.8800000000000001, ""maxlen_max"": 24, ""maxrun_max"": 9, ""rate_min"": 25, ""sellpct_max"": 55}"
activity_breakout,local_optuna_t24_vsplit,600405,fixed_5,5,22,0.727273,0.031686,-0.046677,0.678839,0.000000,0.000000,61.055560,"{""big_bull_line"": 8.5, ""max_close_ret"": 8.0, ""min_close_ret"": 1.5, ""signal_cooldown_days"": 13, ""strong_line"": 4.5, ""x15_multiplier"": 1.2}"
volume_base_breakout,local_optuna_t24_vsplit,600428,fixed_5,5,10,0.800000,0.061710,-0.016120,3.828164,0.000000,0.000000,87.440500,"{""amount_spike_ratio"": 3.0, ""base_ceiling"": 1.38, ""base_floor"": 0.75, ""base_max_days"": 85, ""base_min_days"": 45, ""base_range_max"": 0.41000000000000003, ""breakout_max_extension"": 1.1, ""breakout_near_high"": 0.91, ""dry_ratio"": 0.44999999999999996, ""signal_cooldown_days"": 11, ""spike_lookback"": 120, ""spike_ratio"": 3.0, ""warm_ret_max"": 0.22, ""warm_ret_min"": 0.0, ""warm_vol_ratio"": 0.75}"
volume_base_breakout,local_optuna_t24_vsplit,600433,fixed_10,10,9,0.777778,0.046344,-0.031889,1.453310,0.000000,0.000000,72.304674,"{""amount_spike_ratio"": 2.2, ""base_ceiling"": 1.24, ""base_floor"": 0.86, ""base_max_days"": 75, ""base_min_days"": 35, ""base_range_max"": 0.39, ""breakout_max_extension"": 1.06, ""breakout_near_high"": 0.98, ""dry_ratio"": 0.5, ""signal_cooldown_days"": 15, ""spike_lookback"": 90, ""spike_ratio"": 2.0, ""warm_ret_max"": 0.2, ""warm_ret_min"": 0.019999999999999997, ""warm_vol_ratio"": 1.05}"
volume_base_breakout,local_optuna_t24_vsplit,600452,fixed_15,15,10,0.800000,0.043790,-0.024310,1.801316,0.000000,0.000000,74.201263,"{""amount_spike_ratio"": 2.8, ""base_ceiling"": 1.3399999999999999, ""base_floor"": 0.79, ""base_max_days"": 85, ""base_min_days"": 20, ""base_range_max"": 0.43, ""breakout_max_extension"": 1.12, ""breakout_near_high"": 0.9500000000000001, ""dry_ratio"": 0.5, ""signal_cooldown_days"": 13, ""spike_lookback"": 70, ""spike_ratio"": 2.6, ""warm_ret_max"": 0.3, ""warm_ret_min"": 0.03, ""warm_vol_ratio"": 1.05}"
volume_base_breakout,local_optuna_t24_vsplit,600461,fixed_60,60,10,0.900000,0.095960,-0.026820,3.577927,0.000000,0.000000,89.189316,"{""amount_spike_ratio"": 2.4, ""base_ceiling"": 1.3, ""base_floor"": 0.86, ""base_max_days"": 115, ""base_min_days"": 45, ""base_range_max"": 0.35, ""breakout_max_extension"": 1.07, ""breakout_near_high"": 0.98, ""dry_ratio"": 0.35, ""signal_cooldown_days"": 8, ""spike_lookback"": 120, ""spike_ratio"": 2.4, ""warm_ret_max"": 0.18, ""warm_ret_min"": 0.019999999999999997, ""warm_vol_ratio"": 0.9}"
volume_base_breakout,local_optuna_t24_vsplit,600468,fixed_5,5,10,0.900000,0.061890,-0.033690,1.837044,0.000000,0.000000,80.484899,"{""amount_spike_ratio"": 2.4, ""base_ceiling"": 1.3399999999999999, ""base_floor"": 0.79, ""base_max_days"": 70, ""base_min_days"": 30, ""base_range_max"": 0.31, ""breakout_max_extension"": 1.05, ""breakout_near_high"": 0.9, ""dry_ratio"": 0.39999999999999997, ""signal_cooldown_days"": 18, ""spike_lookback"": 90, ""spike_ratio"": 2.0, ""warm_ret_max"": 0.16, ""warm_ret_min"": -0.01, ""warm_vol_ratio"": 0.9}"
activity_breakout,local_optuna_t24_vsplit,600487,fixed_20,20,26,0.730769,0.102000,-0.060035,1.699020,0.000000,0.000000,75.418176,"{""big_bull_line"": 8.5, ""max_close_ret"": 13.0, ""min_close_ret"": 0.5, ""signal_cooldown_days"": 12, ""strong_line"": 4.5, ""x15_multiplier"": 1.2}"
activity_breakout,local_optuna_t24_vsplit,600491,fixed_10,10,19,0.684211,0.036126,-0.052437,0.688949,0.000000,0.000000,62.034219,"{""big_bull_line"": 9.0, ""max_close_ret"": 14.0, ""min_close_ret"": 0.0, ""signal_cooldown_days"": 13, ""strong_line"": 2.5, ""x15_multiplier"": 1.2}"
volume_base_breakout,local_optuna_t24_vsplit,600493,fixed_60,60,11,0.818182,0.054945,-0.121282,0.453040,0.000000,0.000000,71.810652,"{""amount_spike_ratio"": 2.0, ""base_ceiling"": 1.5, ""base_floor"": 0.8, ""base_max_days"": 100, ""base_min_days"": 30, ""base_range_max"": 0.39, ""breakout_max_extension"": 1.06, ""breakout_near_high"": 0.9400000000000001, ""dry_ratio"": 0.5, ""signal_cooldown_days"": 18, ""spike_lookback"": 90, ""spike_ratio"": 2.4, ""warm_ret_max"": 0.26, ""warm_ret_min"": 0.019999999999999997, ""warm_vol_ratio"": 1.05}"
gs_pullback_confirm,local_optuna_t24_vsplit,600506,formula_exit_or_20,20,11,1.000000,0.174645,-0.062745,2.783396,0.090909,0.090909,87.098799,"{""ma_pull_high"": 0.98, ""ma_pull_low"": 0.68, ""maxlen_max"": 15, ""maxrun_max"": 6, ""rate_min"": 30, ""sellpct_max"": 50}"
gs_raw_buy,local_optuna_t24_vsplit,600510,fixed_20,20,51,0.509804,0.052590,-0.069835,0.753060,0.019608,0.019608,63.667263,"{""down_adjust"": 0.96, ""ema_fallback_span"": 6, ""iterations"": 6, ""signal_cooldown_days"": 6, ""up_adjust"": 1.03, ""x3_ma_windows"": [3, 5, 10, 20]}"
activity_breakout,local_optuna_t24_vsplit,600511,fixed_10,10,11,0.727273,0.049155,-0.025518,1.926256,0.000000,0.000000,76.026733,"{""big_bull_line"": 7.5, ""max_close_ret"": 9.0, ""min_close_ret"": 1.0, ""signal_cooldown_days"": 12, ""strong_line"": 3.0, ""x15_multiplier"": 1.2}"
gs_raw_buy,local_optuna_t24_vsplit,600516,formula_exit_or_5,5,30,0.600000,0.018313,-0.020213,0.906003,0.033333,0.000000,51.353347,"{""down_adjust"": 0.98, ""ema_fallback_span"": 7, ""iterations"": 8, ""signal_cooldown_days"": 15, ""up_adjust"": 1.03, ""x3_ma_windows"": [5, 10, 20, 30]}"
activity_breakout,local_optuna_t24_vsplit,600526,fixed_60,60,14,0.500000,0.024907,-0.112579,0.221242,0.000000,0.000000,48.559783,"{""big_bull_line"": 8.0, ""max_close_ret"": 9.0, ""min_close_ret"": -1.0, ""signal_cooldown_days"": 13, ""strong_line"": 2.5, ""x15_multiplier"": 1.4}"
gs_pullback_confirm,local_optuna_t24_vsplit,600526,fixed_60,60,17,0.941176,0.087865,-0.066629,1.318708,0.000000,0.000000,79.828832,"{""ma_pull_high"": 1.0, ""ma_pull_low"": 0.68, ""maxlen_max"": 16, ""maxrun_max"": 12, ""rate_min"": 55, ""sellpct_max"": 65}"
activity_breakout,local_optuna_t24_vsplit,600529,fixed_20,20,9,0.777778,0.041500,-0.053444,0.776507,0.000000,0.000000,66.498438,"{""big_bull_line"": 8.0, ""max_close_ret"": 9.0, ""min_close_ret"": 0.5, ""signal_cooldown_days"": 9, ""strong_line"": 4.0, ""x15_multiplier"": 1.1}"
activity_breakout,local_optuna_t24_vsplit,600543,fixed_20,20,13,0.615385,0.043769,-0.089015,0.491704,0.000000,0.076923,62.035444,"{""big_bull_line"": 8.5, ""max_close_ret"": 12.0, ""min_close_ret"": 0.5, ""signal_cooldown_days"": 13, ""strong_line"": 4.0, ""x15_multiplier"": 1.0}"
gs_pullback_confirm,local_optuna_t24_vsplit,600543,fixed_5,5,9,0.888889,0.069600,-0.032600,2.134969,0.000000,0.000000,80.874081,"{""ma_pull_high"": 0.96, ""ma_pull_low"": 0.7200000000000001, ""maxlen_max"": 18, ""maxrun_max"": 10, ""rate_min"": 40, ""sellpct_max"": 45}"
gs_pullback_confirm,local_optuna_t24_vsplit,600545,formula_exit_or_15,15,9,0.888889,0.115256,-0.045156,2.552411,0.000000,0.000000,82.961292,"{""ma_pull_high"": 1.01, ""ma_pull_low"": 0.8200000000000001, ""maxlen_max"": 21, ""maxrun_max"": 5, ""rate_min"": 35, ""sellpct_max"": 55}"
volume_base_breakout,local_optuna_t24_vsplit,600560,fixed_5,5,9,0.888889,0.079122,-0.014333,5.520155,0.000000,0.000000,90.199235,"{""amount_spike_ratio"": 3.2, ""base_ceiling"": 1.4, ""base_floor"": 0.83, ""base_max_days"": 90, ""base_min_days"": 30, ""base_range_max"": 0.39, ""breakout_max_extension"": 1.06, ""breakout_near_high"": 0.92, ""dry_ratio"": 0.55, ""signal_cooldown_days"": 14, ""spike_lookback"": 70, ""spike_ratio"": 2.6, ""warm_ret_max"": 0.18, ""warm_ret_min"": 0.01, ""warm_vol_ratio"": 0.9}"
activity_breakout,local_optuna_t24_vsplit,600570,formula_exit_or_5,5,23,0.652174,0.040000,-0.021657,1.847019,0.043478,0.000000,68.365528,"{""big_bull_line"": 6.5, ""max_close_ret"": 10.0, ""min_close_ret"": 0.5, ""signal_cooldown_days"": 11, ""strong_line"": 4.5, ""x15_multiplier"": 1.0}"
volume_base_breakout,local_optuna_t24_vsplit,600578,fixed_60,60,17,0.588235,0.038076,-0.092141,0.413241,0.000000,0.000000,58.751497,"{""amount_spike_ratio"": 2.4, ""base_ceiling"": 1.3199999999999998, ""base_floor"": 0.77, ""base_max_days"": 85, ""base_min_days"": 35, ""base_range_max"": 0.35, ""breakout_max_extension"": 1.1, ""breakout_near_high"": 0.9, ""dry_ratio"": 0.55, ""signal_cooldown_days"": 15, ""spike_lookback"": 90, ""spike_ratio"": 2.2, ""warm_ret_max"": 0.18, ""warm_ret_min"": 0.0, ""warm_vol_ratio"": 0.95}"
activity_breakout,local_optuna_t24_vsplit,600586,formula_exit_or_5,5,38,0.605263,0.026261,-0.023279,1.128080,0.026316,0.000000,56.665402,"{""big_bull_line"": 8.0, ""max_close_ret"": 14.0, ""min_close_ret"": -0.5, ""signal_cooldown_days"": 14, ""strong_line"": 3.0, ""x15_multiplier"": 1.6}"
activity_breakout,local_optuna_t24_vsplit,600593,fixed_60,60,60,0.650000,0.135895,-0.121225,1.121015,0.000000,0.000000,70.105073,"{""big_bull_line"": 5.0, ""max_close_ret"": 9.0, ""min_close_ret"": 0.0, ""signal_cooldown_days"": 12, ""strong_line"": 4.0, ""x15_multiplier"": 1.8}"
gs_pullback_confirm,local_optuna_t24_vsplit,600601,fixed_10,10,11,0.818182,0.133900,-0.043182,3.100842,0.000000,0.000000,85.049665,"{""ma_pull_high"": 0.99, ""ma_pull_low"": 0.7200000000000001, ""maxlen_max"": 15, ""maxrun_max"": 9, ""rate_min"": 55, ""sellpct_max"": 65}"
activity_breakout,local_optuna_t24_vsplit,600613,formula_exit_or_5,5,20,0.650000,0.045925,-0.015645,2.935443,0.000000,0.000000,77.139713,"{""big_bull_line"": 7.0, ""max_close_ret"": 8.0, ""min_close_ret"": 0.5, ""signal_cooldown_days"": 9, ""strong_line"": 4.5, ""x15_multiplier"": 1.1}"
gs_pullback_confirm,local_optuna_t24_vsplit,600620,fixed_30,30,10,0.900000,0.040710,-0.076000,0.535658,0.000000,0.000000,69.332970,"{""ma_pull_high"": 1.0, ""ma_pull_low"": 0.76, ""maxlen_max"": 12, ""maxrun_max"": 11, ""rate_min"": 25, ""sellpct_max"": 65}"
activity_breakout,local_optuna_t24_vsplit,600636,fixed_5,5,21,0.666667,0.052271,-0.049086,1.064901,0.047619,0.000000,69.848315,"{""big_bull_line"": 9.0, ""max_close_ret"": 9.0, ""min_close_ret"": 0.0, ""signal_cooldown_days"": 10, ""strong_line"": 2.5, ""x15_multiplier"": 1.2}"
activity_breakout,local_optuna_t24_vsplit,600639,formula_exit_or_10,10,19,0.578947,0.031511,-0.007016,4.491373,0.000000,0.000000,73.123684,"{""big_bull_line"": 5.5, ""max_close_ret"": 14.0, ""min_close_ret"": 2.0, ""signal_cooldown_days"": 11, ""strong_line"": 4.0, ""x15_multiplier"": 1.0}"
gs_raw_buy,local_optuna_t24_vsplit,600642,formula_exit_or_5,5,40,0.625000,0.011035,-0.009173,1.203053,0.000000,0.000000,50.282763,"{""down_adjust"": 0.97, ""ema_fallback_span"": 3, ""iterations"": 7, ""signal_cooldown_days"": 16, ""up_adjust"": 1.01, ""x3_ma_windows"": [3, 5, 10, 20]}"
gs_raw_buy,local_optuna_t24_vsplit,600645,fixed_10,10,30,0.600000,0.022113,-0.043347,0.510151,0.033333,0.000000,51.274087,"{""down_adjust"": 0.96, ""ema_fallback_span"": 4, ""iterations"": 10, ""signal_cooldown_days"": 14, ""up_adjust"": 1.04, ""x3_ma_windows"": [5, 10, 20, 30]}"
gs_raw_buy,local_optuna_t24_vsplit,600660,fixed_60,60,43,0.558140,0.041088,-0.059035,0.696002,0.000000,0.000000,60.768380,"{""down_adjust"": 0.97, ""ema_fallback_span"": 7, ""iterations"": 8, ""signal_cooldown_days"": 7, ""up_adjust"": 1.04, ""x3_ma_windows"": [5, 10, 20, 30]}"
activity_breakout,local_optuna_t24_vsplit,600666,fixed_60,60,17,0.823529,0.226012,-0.144459,1.564541,0.058824,0.000000,76.940352,"{""big_bull_line"": 8.0, ""max_close_ret"": 13.0, ""min_close_ret"": -0.5, ""signal_cooldown_days"": 12, ""strong_line"": 3.5, ""x15_multiplier"": 1.0}"
activity_breakout,local_optuna_t24_vsplit,600667,fixed_20,20,42,0.523810,0.046269,-0.063517,0.728455,0.000000,0.000000,62.491086,"{""big_bull_line"": 5.0, ""max_close_ret"": 9.0, ""min_close_ret"": 2.0, ""signal_cooldown_days"": 12, ""strong_line"": 3.0, ""x15_multiplier"": 1.6}"
gs_pullback_confirm,local_optuna_t24_vsplit,600684,fixed_10,10,18,1.000000,0.124644,-0.021639,5.760205,0.000000,0.000000,95.000000,"{""ma_pull_high"": 0.99, ""ma_pull_low"": 0.8, ""maxlen_max"": 16, ""maxrun_max"": 10, ""rate_min"": 25, ""sellpct_max"": 70}"
activity_breakout,local_optuna_t24_vsplit,600692,fixed_60,60,43,0.581395,0.050728,-0.119526,0.424410,0.000000,0.000000,64.563913,"{""big_bull_line"": 5.5, ""max_close_ret"": 10.0, ""min_close_ret"": 1.0, ""signal_cooldown_days"": 12, ""strong_line"": 4.0, ""x15_multiplier"": 1.8}"
gs_raw_buy,local_optuna_t24_vsplit,600697,formula_exit_or_5,5,37,0.567568,0.010332,-0.016965,0.609049,0.027027,0.000000,44.968218,"{""down_adjust"": 0.96, ""ema_fallback_span"": 7, ""iterations"": 9, ""signal_cooldown_days"": 14, ""up_adjust"": 1.02, ""x3_ma_windows"": [5, 10, 20, 30]}"
activity_breakout,local_optuna_t24_vsplit,600703,formula_exit_or_5,5,47,0.638298,0.015257,-0.023213,0.657287,0.000000,0.000000,50.064094,"{""big_bull_line"": 5.5, ""max_close_ret"": 9.0, ""min_close_ret"": 0.0, ""signal_cooldown_days"": 11, ""strong_line"": 4.0, ""x15_multiplier"": 1.4}"
gs_raw_buy,local_optuna_t24_vsplit,600710,fixed_60,60,34,0.588235,0.053653,-0.068306,0.785481,0.000000,0.000000,66.574462,"{""down_adjust"": 0.96, ""ema_fallback_span"": 5, ""iterations"": 8, ""signal_cooldown_days"": 16, ""up_adjust"": 1.02, ""x3_ma_windows"": [3, 8, 13, 21]}"
volume_base_breakout,local_optuna_t24_vsplit,600710,fixed_60,60,9,0.888889,0.137544,-0.047067,2.922332,0.000000,0.000000,84.810897,"{""amount_spike_ratio"": 2.0, ""base_ceiling"": 1.5, ""base_floor"": 0.84, ""base_max_days"": 90, ""base_min_days"": 45, ""base_range_max"": 0.27, ""breakout_max_extension"": 1.06, ""breakout_near_high"": 0.93, ""dry_ratio"": 0.39999999999999997, ""signal_cooldown_days"": 12, ""spike_lookback"": 90, ""spike_ratio"": 2.2, ""warm_ret_max"": 0.18, ""warm_ret_min"": -0.01, ""warm_vol_ratio"": 0.75}"
activity_breakout,local_optuna_t24_vsplit,600711,fixed_10,10,11,0.909091,0.107273,-0.034436,3.115100,0.000000,0.000000,87.848229,"{""big_bull_line"": 7.5, ""max_close_ret"": 10.0, ""min_close_ret"": 2.0, ""signal_cooldown_days"": 13, ""strong_line"": 3.5, ""x15_multiplier"": 1.0}"
gs_pullback_confirm,local_optuna_t24_vsplit,600713,fixed_30,30,16,0.750000,0.051962,-0.049606,1.047499,0.000000,0.000000,72.737495,"{""ma_pull_high"": 0.99, ""ma_pull_low"": 0.8400000000000001, ""maxlen_max"": 10, ""maxrun_max"": 10, ""rate_min"": 30, ""sellpct_max"": 60}"
gs_pullback_confirm,local_optuna_t24_vsplit,600716,fixed_30,30,11,1.000000,0.059573,-0.074700,0.797493,0.000000,0.000000,78.987465,"{""ma_pull_high"": 1.0, ""ma_pull_low"": 0.8800000000000001, ""maxlen_max"": 12, ""maxrun_max"": 11, ""rate_min"": 30, ""sellpct_max"": 55}"
gs_raw_buy,local_optuna_t24_vsplit,600721,fixed_15,15,37,0.675676,0.032630,-0.065900,0.495140,0.054054,0.000000,58.520295,"{""down_adjust"": 0.97, ""ema_fallback_span"": 6, ""iterations"": 7, ""signal_cooldown_days"": 13, ""up_adjust"": 1.02, ""x3_ma_windows"": [3, 8, 13, 21]}"
gs_raw_buy,local_optuna_t24_vsplit,600729,fixed_10,10,29,0.655172,0.029838,-0.025041,1.191545,0.000000,0.000000,60.531863,"{""down_adjust"": 0.97, ""ema_fallback_span"": 3, ""iterations"": 11, ""signal_cooldown_days"": 16, ""up_adjust"": 1.02, ""x3_ma_windows"": [5, 10, 20, 30]}"
gs_raw_buy,local_optuna_t24_vsplit,600732,fixed_20,20,30,0.500000,0.030843,-0.116307,0.265190,0.033333,0.000000,51.414282,"{""down_adjust"": 0.98, ""ema_fallback_span"": 4, ""iterations"": 11, ""signal_cooldown_days"": 14, ""up_adjust"": 1.02, ""x3_ma_windows"": [5, 10, 20, 30]}"
activity_breakout,local_optuna_t24_vsplit,600734,formula_exit_or_30,30,25,0.640000,0.173032,-0.033328,5.191791,0.000000,0.000000,84.200000,"{""big_bull_line"": 8.5, ""max_close_ret"": 8.0, ""min_close_ret"": 2.0, ""signal_cooldown_days"": 11, ""strong_line"": 3.0, ""x15_multiplier"": 1.5}"
gs_raw_buy,local_optuna_t24_vsplit,600739,formula_exit_or_15,15,34,0.500000,0.025171,-0.020009,1.257974,0.000000,0.000000,53.875166,"{""down_adjust"": 0.99, ""ema_fallback_span"": 6, ""iterations"": 6, ""signal_cooldown_days"": 15, ""up_adjust"": 1.01, ""x3_ma_windows"": [3, 5, 10, 20]}"
activity_breakout,local_optuna_t24_vsplit,600742,fixed_5,5,46,0.673913,0.016820,-0.009648,1.743353,0.000000,0.000000,57.343938,"{""big_bull_line"": 5.0, ""max_close_ret"": 13.0, ""min_close_ret"": -1.0, ""signal_cooldown_days"": 13, ""strong_line"": 3.5, ""x15_multiplier"": 1.8}"
gs_pullback_confirm,local_optuna_t24_vsplit,600744,fixed_10,10,11,1.000000,0.194700,-0.018782,10.366409,0.000000,0.000000,95.000000,"{""ma_pull_high"": 1.03, ""ma_pull_low"": 0.7200000000000001, ""maxlen_max"": 19, ""maxrun_max"": 11, ""rate_min"": 40, ""sellpct_max"": 65}"
gs_pullback_confirm,local_optuna_t24_vsplit,600753,fixed_60,60,9,1.000000,0.084478,-0.040022,2.110772,0.000000,0.000000,84.086427,"{""ma_pull_high"": 1.01, ""ma_pull_low"": 0.8, ""maxlen_max"": 19, ""maxrun_max"": 11, ""rate_min"": 25, ""sellpct_max"": 55}"
activity_breakout,local_optuna_t24_vsplit,600757,formula_exit_or_5,5,14,0.642857,0.041514,-0.010500,3.953741,0.000000,0.071429,79.097279,"{""big_bull_line"": 8.0, ""max_close_ret"": 10.0, ""min_close_ret"": -0.5, ""signal_cooldown_days"": 8, ""strong_line"": 4.0, ""x15_multiplier"": 1.5}"
volume_base_breakout,local_optuna_t24_vsplit,600761,fixed_15,15,12,0.916667,0.075600,-0.030942,2.443307,0.000000,0.000000,84.716536,"{""amount_spike_ratio"": 2.2, ""base_ceiling"": 1.46, ""base_floor"": 0.77, ""base_max_days"": 115, ""base_min_days"": 35, ""base_range_max"": 0.31, ""breakout_max_extension"": 1.12, ""breakout_near_high"": 0.9500000000000001, ""dry_ratio"": 0.39999999999999997, ""signal_cooldown_days"": 11, ""spike_lookback"": 70, ""spike_ratio"": 2.0, ""warm_ret_max"": 0.3, ""warm_ret_min"": 0.01, ""warm_vol_ratio"": 0.95}"
activity_breakout,local_optuna_t24_vsplit,600763,formula_exit_or_10,10,33,0.575758,0.009673,-0.022194,0.435827,0.030303,0.030303,43.682167,"{""big_bull_line"": 8.5, ""max_close_ret"": 10.0, ""min_close_ret"": -0.5, ""signal_cooldown_days"": 7, ""strong_line"": 4.5, ""x15_multiplier"": 1.4}"
activity_breakout,local_optuna_t24_vsplit,600770,fixed_10,10,16,0.687500,0.093912,-0.063956,1.468387,0.125000,0.000000,71.716933,"{""big_bull_line"": 9.0, ""max_close_ret"": 14.0, ""min_close_ret"": -1.0, ""signal_cooldown_days"": 6, ""strong_line"": 4.5, ""x15_multiplier"": 1.0}"
gs_raw_buy,local_optuna_t24_vsplit,600771,formula_exit_or_5,5,40,0.500000,0.017795,-0.031937,0.557182,0.000000,0.000000,46.683410,"{""down_adjust"": 0.98, ""ema_fallback_span"": 6, ""iterations"": 9, ""signal_cooldown_days"": 14, ""up_adjust"": 1.01, ""x3_ma_windows"": [3, 5, 10, 20]}"
activity_breakout,local_optuna_t24_vsplit,600785,fixed_60,60,49,0.612245,0.084445,-0.110984,0.760877,0.040816,0.000000,66.763567,"{""big_bull_line"": 6.0, ""max_close_ret"": 14.0, ""min_close_ret"": 1.0, ""signal_cooldown_days"": 12, ""strong_line"": 3.0, ""x15_multiplier"": 1.8}"
activity_breakout,local_optuna_t24_vsplit,600789,formula_exit_or_5,5,27,0.592593,0.038489,-0.013319,2.889878,0.037037,0.074074,70.360499,"{""big_bull_line"": 7.0, ""max_close_ret"": 8.0, ""min_close_ret"": 0.5, ""signal_cooldown_days"": 14, ""strong_line"": 3.5, ""x15_multiplier"": 1.7000000000000002}"
gs_raw_buy,local_optuna_t24_vsplit,600790,fixed_20,20,37,0.594595,0.020689,-0.036254,0.570672,0.000000,0.000000,51.035795,"{""down_adjust"": 0.96, ""ema_fallback_span"": 3, ""iterations"": 9, ""signal_cooldown_days"": 15, ""up_adjust"": 1.03, ""x3_ma_windows"": [3, 5, 10, 20]}"
gs_raw_buy,local_optuna_t24_vsplit,600795,fixed_60,60,32,0.531250,0.043803,-0.054272,0.807105,0.000000,0.000000,61.874590,"{""down_adjust"": 0.99, ""ema_fallback_span"": 4, ""iterations"": 7, ""signal_cooldown_days"": 16, ""up_adjust"": 1.01, ""x3_ma_windows"": [3, 5, 10, 20]}"
activity_breakout,local_optuna_t24_vsplit,600807,formula_exit_or_10,10,54,0.518519,0.015389,-0.028370,0.542428,0.018519,0.000000,45.776956,"{""big_bull_line"": 5.5, ""max_close_ret"": 10.0, ""min_close_ret"": -0.5, ""signal_cooldown_days"": 12, ""strong_line"": 4.5, ""x15_multiplier"": 1.6}"
activity_breakout,local_optuna_t24_vsplit,600831,formula_exit_or_10,10,66,0.575758,0.016050,-0.030314,0.529465,0.000000,0.015152,47.793536,"{""big_bull_line"": 7.0, ""max_close_ret"": 12.0, ""min_close_ret"": 1.0, ""signal_cooldown_days"": 8, ""strong_line"": 4.0, ""x15_multiplier"": 1.8}"
gs_raw_buy,local_optuna_t24_vsplit,600835,formula_exit_or_30,30,30,0.466667,0.039580,-0.018890,2.095289,0.000000,0.000000,64.266443,"{""down_adjust"": 0.97, ""ema_fallback_span"": 3, ""iterations"": 8, ""signal_cooldown_days"": 13, ""up_adjust"": 1.02, ""x3_ma_windows"": [3, 8, 13, 21]}"
activity_breakout,local_optuna_t24_vsplit,600838,fixed_60,60,46,0.565217,0.048480,-0.106954,0.453282,0.021739,0.000000,63.245756,"{""big_bull_line"": 5.0, ""max_close_ret"": 11.0, ""min_close_ret"": -0.5, ""signal_cooldown_days"": 14, ""strong_line"": 4.0, ""x15_multiplier"": 1.8}"
volume_base_breakout,local_optuna_t24_vsplit,600838,fixed_60,60,15,0.800000,0.131207,-0.086227,1.521648,0.066667,0.000000,75.941575,"{""amount_spike_ratio"": 2.6, ""base_ceiling"": 1.3399999999999999, ""base_floor"": 0.78, ""base_max_days"": 80, ""base_min_days"": 30, ""base_range_max"": 0.27, ""breakout_max_extension"": 1.07, ""breakout_near_high"": 0.9500000000000001, ""dry_ratio"": 0.35, ""signal_cooldown_days"": 8, ""spike_lookback"": 90, ""spike_ratio"": 2.2, ""warm_ret_max"": 0.24, ""warm_ret_min"": 0.01, ""warm_vol_ratio"": 0.8}"
activity_breakout,local_optuna_t24_vsplit,600839,formula_exit_or_10,10,46,0.673913,0.062765,-0.022063,2.844812,0.000000,0.000000,79.441453,"{""big_bull_line"": 6.0, ""max_close_ret"": 10.0, ""min_close_ret"": 0.5, ""signal_cooldown_days"": 10, ""strong_line"": 3.5, ""x15_multiplier"": 1.5}"
activity_breakout,local_optuna_t24_vsplit,600841,fixed_15,15,37,0.540541,0.030862,-0.087865,0.351246,0.027027,0.000000,53.133256,"{""big_bull_line"": 6.5, ""max_close_ret"": 8.0, ""min_close_ret"": 2.0, ""signal_cooldown_days"": 14, ""strong_line"": 3.0, ""x15_multiplier"": 1.8}"
activity_breakout,local_optuna_t24_vsplit,600844,fixed_10,10,29,0.586207,0.017410,-0.072907,0.238802,0.034483,0.000000,47.140564,"{""big_bull_line"": 9.0, ""max_close_ret"": 9.0, ""min_close_ret"": 0.0, ""signal_cooldown_days"": 11, ""strong_line"": 4.0, ""x15_multiplier"": 1.6}"
gs_raw_buy,local_optuna_t24_vsplit,600848,formula_exit_or_10,10,31,0.548387,0.026497,-0.018303,1.447656,0.000000,0.000000,56.938280,"{""down_adjust"": 0.99, ""ema_fallback_span"": 6, ""iterations"": 6, ""signal_cooldown_days"": 16, ""up_adjust"": 1.01, ""x3_ma_windows"": [3, 8, 13, 21]}"
activity_breakout,local_optuna_t24_vsplit,600850,formula_exit_or_5,5,75,0.560000,0.011361,-0.016856,0.674023,0.000000,0.000000,45.850782,"{""big_bull_line"": 5.5, ""max_close_ret"": 12.0, ""min_close_ret"": 0.5, ""signal_cooldown_days"": 8, ""strong_line"": 4.5, ""x15_multiplier"": 1.7000000000000002}"
gs_raw_buy,local_optuna_t24_vsplit,600854,fixed_60,60,37,0.567568,0.017462,-0.116330,0.150109,0.000000,0.000000,46.508654,"{""down_adjust"": 0.99, ""ema_fallback_span"": 4, ""iterations"": 8, ""signal_cooldown_days"": 13, ""up_adjust"": 1.03, ""x3_ma_windows"": [3, 8, 13, 21]}"
activity_breakout,local_optuna_t24_vsplit,600857,fixed_60,60,21,0.666667,0.078067,-0.111324,0.701258,0.000000,0.000000,68.506288,"{""big_bull_line"": 9.0, ""max_close_ret"": 10.0, ""min_close_ret"": 0.5, ""signal_cooldown_days"": 11, ""strong_line"": 3.5, ""x15_multiplier"": 1.3}"
activity_breakout,local_optuna_t24_vsplit,600858,formula_exit_or_5,5,19,0.473684,0.025021,-0.046026,0.543625,0.000000,0.000000,49.439177,"{""big_bull_line"": 9.0, ""max_close_ret"": 13.0, ""min_close_ret"": 1.5, ""signal_cooldown_days"": 13, ""strong_line"": 3.5, ""x15_multiplier"": 1.4}"
volume_base_breakout,local_optuna_t24_vsplit,600873,fixed_5,5,15,0.800000,0.020500,-0.007320,2.800546,0.000000,0.000000,68.252732,"{""amount_spike_ratio"": 2.4, ""base_ceiling"": 1.44, ""base_floor"": 0.76, ""base_max_days"": 90, ""base_min_days"": 40, ""base_range_max"": 0.39, ""breakout_max_extension"": 1.1, ""breakout_near_high"": 0.93, ""dry_ratio"": 0.5, ""signal_cooldown_days"": 15, ""spike_lookback"": 120, ""spike_ratio"": 2.0, ""warm_ret_max"": 0.24, ""warm_ret_min"": -0.01, ""warm_vol_ratio"": 1.0}"
activity_breakout,local_optuna_t24_vsplit,600876,fixed_20,20,26,0.615385,0.032069,-0.075812,0.423013,0.000000,0.000000,56.611217,"{""big_bull_line"": 7.5, ""max_close_ret"": 8.0, ""min_close_ret"": 2.0, ""signal_cooldown_days"": 13, ""strong_line"": 3.0, ""x15_multiplier"": 1.6}"
gs_raw_buy,local_optuna_t24_vsplit,600876,fixed_10,10,30,0.566667,0.008497,-0.054303,0.156467,0.000000,0.000000,42.030667,"{""down_adjust"": 0.97, ""ema_fallback_span"": 4, ""iterations"": 7, ""signal_cooldown_days"": 14, ""up_adjust"": 1.02, ""x3_ma_windows"": [5, 10, 20, 30]}"
activity_breakout,local_optuna_t24_vsplit,600881,formula_exit_or_10,10,21,0.619048,0.045586,-0.038071,1.197373,0.095238,0.047619,65.922581,"{""big_bull_line"": 8.5, ""max_close_ret"": 9.0, ""min_close_ret"": 1.0, ""signal_cooldown_days"": 13, ""strong_line"": 2.5, ""x15_multiplier"": 1.5}"
gs_raw_buy,local_optuna_t24_vsplit,600888,fixed_60,60,34,0.617647,0.034976,-0.086438,0.404641,0.000000,0.000000,58.040853,"{""down_adjust"": 0.97, ""ema_fallback_span"": 3, ""iterations"": 9, ""signal_cooldown_days"": 14, ""up_adjust"": 1.03, ""x3_ma_windows"": [5, 10, 20, 30]}"
volume_base_breakout,local_optuna_t24_vsplit,600888,fixed_30,30,10,0.600000,0.046530,-0.062840,0.740452,0.000000,0.000000,64.266941,"{""amount_spike_ratio"": 2.6, ""base_ceiling"": 1.46, ""base_floor"": 0.8, ""base_max_days"": 105, ""base_min_days"": 25, ""base_range_max"": 0.37, ""breakout_max_extension"": 1.07, ""breakout_near_high"": 0.9400000000000001, ""dry_ratio"": 0.35, ""signal_cooldown_days"": 8, ""spike_lookback"": 90, ""spike_ratio"": 3.0, ""warm_ret_max"": 0.22, ""warm_ret_min"": 0.019999999999999997, ""warm_vol_ratio"": 1.0}"
activity_breakout,local_optuna_t24_vsplit,600895,fixed_60,60,47,0.595745,0.102700,-0.119428,0.859935,0.000000,0.000000,67.172014,"{""big_bull_line"": 5.0, ""max_close_ret"": 8.0, ""min_close_ret"": 1.5, ""signal_cooldown_days"": 12, ""strong_line"": 3.0, ""x15_multiplier"": 1.8}"
volume_base_breakout,local_optuna_t24_vsplit,600909,formula_exit_or_5,5,17,0.764706,0.035076,-0.014635,2.396704,0.000000,0.058824,71.874697,"{""amount_spike_ratio"": 2.2, ""base_ceiling"": 1.44, ""base_floor"": 0.78, ""base_max_days"": 100, ""base_min_days"": 25, ""base_range_max"": 0.27, ""breakout_max_extension"": 1.06, ""breakout_near_high"": 0.9500000000000001, ""dry_ratio"": 0.5, ""signal_cooldown_days"": 18, ""spike_lookback"": 90, ""spike_ratio"": 2.4, ""warm_ret_max"": 0.26, ""warm_ret_min"": 0.0, ""warm_vol_ratio"": 0.85}"
activity_breakout,local_optuna_t24_vsplit,600929,fixed_60,60,10,0.600000,0.074590,-0.103070,0.723683,0.000000,0.000000,65.918096,"{""big_bull_line"": 8.5, ""max_close_ret"": 9.0, ""min_close_ret"": 1.0, ""signal_cooldown_days"": 10, ""strong_line"": 2.5, ""x15_multiplier"": 1.1}"
gs_raw_buy,local_optuna_t24_vsplit,600933,fixed_20,20,36,0.583333,0.042156,-0.067361,0.625814,0.000000,0.000000,61.706850,"{""down_adjust"": 0.97, ""ema_fallback_span"": 4, ""iterations"": 7, ""signal_cooldown_days"": 14, ""up_adjust"": 1.02, ""x3_ma_windows"": [3, 8, 13, 21]}"
activity_breakout,local_optuna_t24_vsplit,600938,fixed_20,20,12,0.750000,0.055567,-0.025308,2.195588,0.000000,0.000000,78.477939,"{""big_bull_line"": 7.5, ""max_close_ret"": 14.0, ""min_close_ret"": 0.0, ""signal_cooldown_days"": 11, ""strong_line"": 2.5, ""x15_multiplier"": 1.2}"
gs_raw_buy,local_optuna_t24_vsplit,600955,fixed_5,5,39,0.589744,0.001438,-0.034808,0.041326,0.000000,0.000000,38.618168,"{""down_adjust"": 0.98, ""ema_fallback_span"": 6, ""iterations"": 7, ""signal_cooldown_days"": 8, ""up_adjust"": 1.03, ""x3_ma_windows"": [5, 10, 20, 30]}"
activity_breakout,local_optuna_t24_vsplit,600959,fixed_15,15,15,0.666667,0.027920,-0.059267,0.471091,0.000000,0.000000,56.315456,"{""big_bull_line"": 6.5, ""max_close_ret"": 10.0, ""min_close_ret"": 1.5, ""signal_cooldown_days"": 13, ""strong_line"": 3.5, ""x15_multiplier"": 1.5}"
gs_pullback_confirm,local_optuna_t24_vsplit,600962,formula_exit_or_15,15,14,0.642857,0.064529,-0.032129,2.008448,0.000000,0.000000,74.327955,"{""ma_pull_high"": 0.99, ""ma_pull_low"": 0.7200000000000001, ""maxlen_max"": 24, ""maxrun_max"": 10, ""rate_min"": 25, ""sellpct_max"": 45}"
activity_breakout,local_optuna_t24_vsplit,600966,fixed_60,60,9,0.777778,0.095256,-0.056256,1.693265,0.000000,0.000000,75.332226,"{""big_bull_line"": 8.5, ""max_close_ret"": 8.0, ""min_close_ret"": -0.5, ""signal_cooldown_days"": 13, ""strong_line"": 4.0, ""x15_multiplier"": 1.3}"
gs_raw_buy,local_optuna_t24_vsplit,600968,fixed_60,60,38,0.473684,0.038024,-0.074779,0.508481,0.000000,0.000000,55.764774,"{""down_adjust"": 0.96, ""ema_fallback_span"": 7, ""iterations"": 11, ""signal_cooldown_days"": 9, ""up_adjust"": 1.04, ""x3_ma_windows"": [5, 10, 20, 30]}"
activity_breakout,local_optuna_t24_vsplit,600969,fixed_10,10,15,0.800000,0.073547,-0.047667,1.542937,0.000000,0.000000,76.714685,"{""big_bull_line"": 7.5, ""max_close_ret"": 8.0, ""min_close_ret"": 1.5, ""signal_cooldown_days"": 13, ""strong_line"": 3.0, ""x15_multiplier"": 1.1}"
activity_breakout,local_optuna_t24_vsplit,600970,fixed_20,20,10,0.800000,0.037620,-0.036080,1.042683,0.000000,0.000000,67.323096,"{""big_bull_line"": 8.5, ""max_close_ret"": 10.0, ""min_close_ret"": -0.5, ""signal_cooldown_days"": 10, ""strong_line"": 3.0, ""x15_multiplier"": 1.2}"
gs_pullback_confirm,local_optuna_t24_vsplit,600971,fixed_60,60,15,1.000000,0.162000,-0.083853,1.931945,0.000000,0.000000,84.659723,"{""ma_pull_high"": 1.0, ""ma_pull_low"": 0.8800000000000001, ""maxlen_max"": 22, ""maxrun_max"": 10, ""rate_min"": 45, ""sellpct_max"": 55}"
activity_breakout,local_optuna_t24_vsplit,600981,fixed_30,30,11,0.545455,0.046118,-0.102655,0.449256,0.090909,0.000000,60.759917,"{""big_bull_line"": 9.0, ""max_close_ret"": 8.0, ""min_close_ret"": -1.0, ""signal_cooldown_days"": 9, ""strong_line"": 2.5, ""x15_multiplier"": 1.2}"
activity_breakout,local_optuna_t24_vsplit,600985,fixed_15,15,25,0.680000,0.023476,-0.036940,0.635517,0.000000,0.000000,55.315585,"{""big_bull_line"": 7.0, ""max_close_ret"": 13.0, ""min_close_ret"": 0.0, ""signal_cooldown_days"": 14, ""strong_line"": 2.5, ""x15_multiplier"": 1.5}"
activity_breakout,local_optuna_t24_vsplit,600992,fixed_20,20,37,0.648649,0.052222,-0.105930,0.492984,0.054054,0.000000,66.383837,"{""big_bull_line"": 9.0, ""max_close_ret"": 12.0, ""min_close_ret"": 0.5, ""signal_cooldown_days"": 12, ""strong_line"": 4.5, ""x15_multiplier"": 1.3}"
gs_pullback_confirm,local_optuna_t24_vsplit,600993,formula_exit_or_30,30,11,0.909091,0.073127,-0.026364,2.773793,0.000000,0.000000,86.141693,"{""ma_pull_high"": 1.0, ""ma_pull_low"": 0.8800000000000001, ""maxlen_max"": 22, ""maxrun_max"": 12, ""rate_min"": 35, ""sellpct_max"": 45}"
activity_breakout,local_optuna_t24_vsplit,601001,fixed_10,10,31,0.645161,0.034677,-0.040574,0.854667,0.000000,0.000000,60.966883,"{""big_bull_line"": 6.5, ""max_close_ret"": 11.0, ""min_close_ret"": 1.0, ""signal_cooldown_days"": 14, ""strong_line"": 3.5, ""x15_multiplier"": 1.2}"
gs_pullback_confirm,local_optuna_t24_vsplit,601011,fixed_20,20,9,0.888889,0.191344,-0.062344,3.069150,0.000000,0.000000,85.544984,"{""ma_pull_high"": 1.04, ""ma_pull_low"": 0.8400000000000001, ""maxlen_max"": 20, ""maxrun_max"": 10, ""rate_min"": 50, ""sellpct_max"": 40}"
gs_raw_buy,local_optuna_t24_vsplit,601015,fixed_15,15,32,0.562500,0.013794,-0.066825,0.206416,0.000000,0.000000,44.803955,"{""down_adjust"": 0.97, ""ema_fallback_span"": 3, ""iterations"": 11, ""signal_cooldown_days"": 16, ""up_adjust"": 1.01, ""x3_ma_windows"": [3, 8, 13, 21]}"
activity_breakout,local_optuna_t24_vsplit,601018,formula_exit_or_5,5,26,0.576923,0.006619,-0.008150,0.812176,0.000000,0.000000,44.678185,"{""big_bull_line"": 5.0, ""max_close_ret"": 12.0, ""min_close_ret"": 1.0, ""signal_cooldown_days"": 14, ""strong_line"": 4.0, ""x15_multiplier"": 1.8}"
volume_base_breakout,local_optuna_t24_vsplit,601018,fixed_5,5,11,0.727273,0.012736,-0.016973,0.750402,0.000000,0.000000,51.938372,"{""amount_spike_ratio"": 2.0, ""base_ceiling"": 1.26, ""base_floor"": 0.87, ""base_max_days"": 100, ""base_min_days"": 30, ""base_range_max"": 0.41000000000000003, ""breakout_max_extension"": 1.07, ""breakout_near_high"": 0.92, ""dry_ratio"": 0.39999999999999997, ""signal_cooldown_days"": 10, ""spike_lookback"": 120, ""spike_ratio"": 2.8, ""warm_ret_max"": 0.18, ""warm_ret_min"": 0.03, ""warm_vol_ratio"": 0.75}"
gs_raw_buy,local_optuna_t24_vsplit,601021,fixed_15,15,31,0.612903,0.017865,-0.042932,0.416109,0.000000,0.000000,49.399902,"{""down_adjust"": 0.98, ""ema_fallback_span"": 7, ""iterations"": 6, ""signal_cooldown_days"": 16, ""up_adjust"": 1.03, ""x3_ma_windows"": [5, 10, 20, 30]}"
activity_breakout,local_optuna_t24_vsplit,601059,fixed_5,5,24,0.625000,0.029904,-0.032750,0.913104,0.000000,0.041667,57.850938,"{""big_bull_line"": 7.5, ""max_close_ret"": 12.0, ""min_close_ret"": 1.0, ""signal_cooldown_days"": 10, ""strong_line"": 4.0, ""x15_multiplier"": 1.3}"
gs_raw_buy,local_optuna_t24_vsplit,601059,formula_exit_or_20,20,28,0.535714,0.036636,-0.026950,1.359396,0.035714,0.035714,60.471979,"{""down_adjust"": 0.97, ""ema_fallback_span"": 5, ""iterations"": 9, ""signal_cooldown_days"": 15, ""up_adjust"": 1.01, ""x3_ma_windows"": [3, 5, 10, 20]}"
gs_pullback_confirm,local_optuna_t24_vsplit,601061,fixed_30,30,10,1.000000,0.374900,-0.026430,14.184639,0.000000,0.000000,94.299681,"{""ma_pull_high"": 0.97, ""ma_pull_low"": 0.8200000000000001, ""maxlen_max"": 22, ""maxrun_max"": 8, ""rate_min"": 25, ""sellpct_max"": 65}"
volume_base_breakout,local_optuna_t24_vsplit,601068,fixed_60,60,10,0.900000,0.093410,-0.097620,0.956874,0.000000,0.000000,76.084049,"{""amount_spike_ratio"": 2.8, ""base_ceiling"": 1.3, ""base_floor"": 0.77, ""base_max_days"": 75, ""base_min_days"": 35, ""base_range_max"": 0.33, ""breakout_max_extension"": 1.12, ""breakout_near_high"": 0.9, ""dry_ratio"": 0.5, ""signal_cooldown_days"": 17, ""spike_lookback"": 120, ""spike_ratio"": 3.0, ""warm_ret_max"": 0.26, ""warm_ret_min"": -0.01, ""warm_vol_ratio"": 1.05}"
activity_breakout,local_optuna_t24_vsplit,601069,fixed_20,20,41,0.560976,0.047480,-0.077888,0.609601,0.000000,0.000000,63.617517,"{""big_bull_line"": 6.0, ""max_close_ret"": 14.0, ""min_close_ret"": 0.0, ""signal_cooldown_days"": 13, ""strong_line"": 3.0, ""x15_multiplier"": 1.3}"
volume_base_breakout,local_optuna_t24_vsplit,601077,fixed_60,60,9,1.000000,0.092478,-0.012800,7.224826,0.000000,0.000000,93.532568,"{""amount_spike_ratio"": 2.0, ""base_ceiling"": 1.24, ""base_floor"": 0.75, ""base_max_days"": 80, ""base_min_days"": 50, ""base_range_max"": 0.27, ""breakout_max_extension"": 1.06, ""breakout_near_high"": 0.98, ""dry_ratio"": 0.55, ""signal_cooldown_days"": 11, ""spike_lookback"": 90, ""spike_ratio"": 2.8, ""warm_ret_max"": 0.16, ""warm_ret_min"": -0.01, ""warm_vol_ratio"": 0.75}"
gs_raw_buy,local_optuna_t24_vsplit,601088,fixed_60,60,35,0.714286,0.059837,-0.036154,1.655050,0.000000,0.000000,74.703820,"{""down_adjust"": 0.98, ""ema_fallback_span"": 3, ""iterations"": 12, ""signal_cooldown_days"": 13, ""up_adjust"": 1.02, ""x3_ma_windows"": [3, 8, 13, 21]}"
activity_breakout,local_optuna_t24_vsplit,601100,fixed_60,60,46,0.630435,0.077193,-0.117874,0.654882,0.021739,0.000000,66.970061,"{""big_bull_line"": 5.0, ""max_close_ret"": 8.0, ""min_close_ret"": 2.0, ""signal_cooldown_days"": 13, ""strong_line"": 3.5, ""x15_multiplier"": 1.2}"
gs_pullback_confirm,local_optuna_t24_vsplit,601107,formula_exit_or_10,10,12,0.750000,0.034425,-0.000175,6.885000,0.000000,0.000000,79.712500,"{""ma_pull_high"": 1.04, ""ma_pull_low"": 0.7000000000000001, ""maxlen_max"": 10, ""maxrun_max"": 10, ""rate_min"": 25, ""sellpct_max"": 75}"
volume_base_breakout,local_optuna_t24_vsplit,601108,fixed_10,10,14,0.785714,0.037050,-0.015857,2.336486,0.000000,0.000000,73.778861,"{""amount_spike_ratio"": 2.8, ""base_ceiling"": 1.3, ""base_floor"": 0.83, ""base_max_days"": 110, ""base_min_days"": 30, ""base_range_max"": 0.35, ""breakout_max_extension"": 1.12, ""breakout_near_high"": 0.92, ""dry_ratio"": 0.5, ""signal_cooldown_days"": 14, ""spike_lookback"": 70, ""spike_ratio"": 2.0, ""warm_ret_max"": 0.28, ""warm_ret_min"": 0.01, ""warm_vol_ratio"": 1.0}"
gs_raw_buy,local_optuna_t24_vsplit,601111,fixed_10,10,35,0.571429,0.015949,-0.038074,0.418880,0.000000,0.000000,47.211545,"{""down_adjust"": 0.96, ""ema_fallback_span"": 4, ""iterations"": 7, ""signal_cooldown_days"": 15, ""up_adjust"": 1.02, ""x3_ma_windows"": [3, 8, 13, 21]}"
activity_breakout,local_optuna_t24_vsplit,601116,fixed_60,60,70,0.528571,0.053414,-0.122551,0.435852,0.000000,0.000000,63.036403,"{""big_bull_line"": 5.0, ""max_close_ret"": 14.0, ""min_close_ret"": -1.0, ""signal_cooldown_days"": 9, ""strong_line"": 2.5, ""x15_multiplier"": 1.8}"
activity_breakout,local_optuna_t24_vsplit,601117,fixed_10,10,9,0.777778,0.046411,-0.016300,2.847307,0.000000,0.000000,79.307994,"{""big_bull_line"": 7.5, ""max_close_ret"": 13.0, ""min_close_ret"": -0.5, ""signal_cooldown_days"": 12, ""strong_line"": 2.5, ""x15_multiplier"": 1.0}"
gs_raw_buy,local_optuna_t24_vsplit,601188,fixed_10,10,32,0.656250,0.030919,-0.033981,0.909877,0.000000,0.000000,59.696259,"{""down_adjust"": 0.97, ""ema_fallback_span"": 7, ""iterations"": 10, ""signal_cooldown_days"": 16, ""up_adjust"": 1.03, ""x3_ma_windows"": [3, 8, 13, 21]}"
activity_breakout,local_optuna_t24_vsplit,601212,fixed_60,60,24,0.708333,0.192533,-0.106096,1.814712,0.000000,0.041667,74.906891,"{""big_bull_line"": 6.0, ""max_close_ret"": 8.0, ""min_close_ret"": 1.0, ""signal_cooldown_days"": 8, ""strong_line"": 4.5, ""x15_multiplier"": 1.3}"
activity_breakout,local_optuna_t24_vsplit,601226,fixed_60,60,65,0.615385,0.076046,-0.118974,0.639184,0.015385,0.000000,66.503611,"{""big_bull_line"": 5.0, ""max_close_ret"": 12.0, ""min_close_ret"": 1.5, ""signal_cooldown_days"": 8, ""strong_line"": 3.5, ""x15_multiplier"": 1.8}"
gs_raw_buy,local_optuna_t24_vsplit,601226,formula_exit_or_60,60,28,0.571429,0.066475,-0.029204,2.276263,0.000000,0.000000,73.524171,"{""down_adjust"": 0.96, ""ema_fallback_span"": 3, ""iterations"": 10, ""signal_cooldown_days"": 16, ""up_adjust"": 1.04, ""x3_ma_windows"": [5, 10, 20, 30]}"
volume_base_breakout,local_optuna_t24_vsplit,601326,fixed_10,10,12,0.750000,0.051558,-0.013375,3.854829,0.000000,0.000000,86.774143,"{""amount_spike_ratio"": 2.0, ""base_ceiling"": 1.46, ""base_floor"": 0.88, ""base_max_days"": 110, ""base_min_days"": 25, ""base_range_max"": 0.35, ""breakout_max_extension"": 1.05, ""breakout_near_high"": 0.97, ""dry_ratio"": 0.55, ""signal_cooldown_days"": 15, ""spike_lookback"": 120, ""spike_ratio"": 2.0, ""warm_ret_max"": 0.16, ""warm_ret_min"": 0.0, ""warm_vol_ratio"": 1.05}"
activity_breakout,local_optuna_t24_vsplit,601500,formula_exit_or_30,30,19,0.526316,0.038416,-0.028111,1.366598,0.000000,0.000000,61.830358,"{""big_bull_line"": 8.0, ""max_close_ret"": 9.0, ""min_close_ret"": 1.5, ""signal_cooldown_days"": 11, ""strong_line"": 3.0, ""x15_multiplier"": 1.5}"
activity_breakout,local_optuna_t24_vsplit,601519,fixed_60,60,37,0.567568,0.070141,-0.126205,0.555765,0.027027,0.000000,64.535581,"{""big_bull_line"": 8.0, ""max_close_ret"": 9.0, ""min_close_ret"": -0.5, ""signal_cooldown_days"": 14, ""strong_line"": 3.5, ""x15_multiplier"": 1.8}"
gs_raw_buy,local_optuna_t24_vsplit,601555,formula_exit_or_20,20,30,0.466667,0.029827,-0.005343,5.582034,0.000000,0.033333,68.580000,"{""down_adjust"": 0.99, ""ema_fallback_span"": 5, ""iterations"": 12, ""signal_cooldown_days"": 12, ""up_adjust"": 1.03, ""x3_ma_windows"": [5, 10, 20, 30]}"
gs_raw_buy,local_optuna_t24_vsplit,601599,fixed_60,60,39,0.564103,0.034503,-0.111113,0.310518,0.051282,0.000000,55.214130,"{""down_adjust"": 0.98, ""ema_fallback_span"": 4, ""iterations"": 8, ""signal_cooldown_days"": 13, ""up_adjust"": 1.04, ""x3_ma_windows"": [3, 5, 10, 20]}"
gs_raw_buy,local_optuna_t24_vsplit,601609,formula_exit_or_10,10,40,0.575000,0.033670,-0.016425,2.049924,0.000000,0.000000,64.334619,"{""down_adjust"": 0.97, ""ema_fallback_span"": 6, ""iterations"": 8, ""signal_cooldown_days"": 11, ""up_adjust"": 1.03, ""x3_ma_windows"": [3, 8, 13, 21]}"
gs_pullback_confirm,local_optuna_t24_vsplit,601619,fixed_60,60,13,1.000000,0.055438,-0.053969,1.027223,0.000000,0.000000,80.136117,"{""ma_pull_high"": 0.96, ""ma_pull_low"": 0.8600000000000001, ""maxlen_max"": 14, ""maxrun_max"": 7, ""rate_min"": 40, ""sellpct_max"": 65}"
gs_raw_buy,local_optuna_t24_vsplit,601628,fixed_60,60,33,0.636364,0.041691,-0.085509,0.487561,0.000000,0.000000,62.374169,"{""down_adjust"": 0.99, ""ema_fallback_span"": 7, ""iterations"": 10, ""signal_cooldown_days"": 14, ""up_adjust"": 1.01, ""x3_ma_windows"": [3, 5, 10, 20]}"
activity_breakout,local_optuna_t24_vsplit,601665,fixed_60,60,33,0.575758,0.029464,-0.057976,0.508206,0.000000,0.030303,54.242546,"{""big_bull_line"": 5.5, ""max_close_ret"": 9.0, ""min_close_ret"": 1.5, ""signal_cooldown_days"": 11, ""strong_line"": 3.5, ""x15_multiplier"": 1.8}"
activity_breakout,local_optuna_t24_vsplit,601666,fixed_15,15,20,0.650000,0.054995,-0.035885,1.532534,0.050000,0.000000,71.662672,"{""big_bull_line"": 7.5, ""max_close_ret"": 9.0, ""min_close_ret"": -1.0, ""signal_cooldown_days"": 6, ""strong_line"": 4.0, ""x15_multiplier"": 1.1}"
activity_breakout,local_optuna_t24_vsplit,601668,formula_exit_or_5,5,14,0.857143,0.016850,-0.006036,2.791716,0.000000,0.000000,68.097866,"{""big_bull_line"": 5.0, ""max_close_ret"": 10.0, ""min_close_ret"": -1.0, ""signal_cooldown_days"": 8, ""strong_line"": 4.5, ""x15_multiplier"": 1.0}"
activity_breakout,local_optuna_t24_vsplit,601669,formula_exit_or_10,10,25,0.640000,0.012872,-0.011252,1.143974,0.000000,0.040000,50.955872,"{""big_bull_line"": 7.0, ""max_close_ret"": 9.0, ""min_close_ret"": 0.5, ""signal_cooldown_days"": 11, ""strong_line"": 3.5, ""x15_multiplier"": 1.5}"
gs_pullback_confirm,local_optuna_t24_vsplit,601669,formula_exit_or_15,15,15,0.866667,0.042127,-0.010760,3.915118,0.000000,0.000000,86.638922,"{""ma_pull_high"": 0.99, ""ma_pull_low"": 0.8400000000000001, ""maxlen_max"": 15, ""maxrun_max"": 11, ""rate_min"": 30, ""sellpct_max"": 55}"
gs_raw_buy,local_optuna_t24_vsplit,601686,formula_exit_or_5,5,36,0.472222,0.004200,-0.011347,0.370135,0.000000,0.000000,38.117340,"{""down_adjust"": 0.97, ""ema_fallback_span"": 6, ""iterations"": 7, ""signal_cooldown_days"": 13, ""up_adjust"": 1.04, ""x3_ma_windows"": [5, 10, 20, 30]}"
activity_breakout,local_optuna_t24_vsplit,601699,fixed_10,10,16,0.687500,0.033037,-0.027688,1.193228,0.000000,0.000000,63.109890,"{""big_bull_line"": 8.0, ""max_close_ret"": 12.0, ""min_close_ret"": 2.0, ""signal_cooldown_days"": 12, ""strong_line"": 3.5, ""x15_multiplier"": 1.1}"
activity_breakout,local_optuna_t24_vsplit,601717,fixed_20,20,19,0.894737,0.061532,-0.021563,2.853551,0.000000,0.000000,86.109862,"{""big_bull_line"": 7.0, ""max_close_ret"": 9.0, ""min_close_ret"": -1.0, ""signal_cooldown_days"": 6, ""strong_line"": 3.0, ""x15_multiplier"": 1.2}"
volume_base_breakout,local_optuna_t24_vsplit,601788,formula_exit_or_5,5,12,0.500000,0.027567,-0.016667,1.654000,0.000000,0.000000,57.053333,"{""amount_spike_ratio"": 2.6, ""base_ceiling"": 1.5, ""base_floor"": 0.86, ""base_max_days"": 70, ""base_min_days"": 20, ""base_range_max"": 0.27, ""breakout_max_extension"": 1.08, ""breakout_near_high"": 0.93, ""dry_ratio"": 0.35, ""signal_cooldown_days"": 16, ""spike_lookback"": 90, ""spike_ratio"": 3.0, ""warm_ret_max"": 0.28, ""warm_ret_min"": 0.03, ""warm_vol_ratio"": 0.75}"
gs_raw_buy,local_optuna_t24_vsplit,601789,fixed_60,60,26,0.538462,0.047065,-0.109623,0.429338,0.038462,0.000000,61.448615,"{""down_adjust"": 0.96, ""ema_fallback_span"": 7, ""iterations"": 6, ""signal_cooldown_days"": 16, ""up_adjust"": 1.04, ""x3_ma_windows"": [5, 10, 20, 30]}"
gs_raw_buy,local_optuna_t24_vsplit,601811,formula_exit_or_60,60,31,0.516129,0.030106,-0.009610,3.132931,0.000000,0.032258,65.879169,"{""down_adjust"": 0.99, ""ema_fallback_span"": 7, ""iterations"": 8, ""signal_cooldown_days"": 16, ""up_adjust"": 1.04, ""x3_ma_windows"": [5, 10, 20, 30]}"
activity_breakout,local_optuna_t24_vsplit,601828,fixed_5,5,15,0.800000,0.049120,-0.037847,1.297869,0.000000,0.000000,75.049343,"{""big_bull_line"": 8.5, ""max_close_ret"": 9.0, ""min_close_ret"": 1.0, ""signal_cooldown_days"": 10, ""strong_line"": 4.0, ""x15_multiplier"": 1.5}"
activity_breakout,local_optuna_t24_vsplit,601865,formula_exit_or_5,5,18,0.722222,0.028933,-0.020017,1.445462,0.055556,0.000000,62.805088,"{""big_bull_line"": 7.5, ""max_close_ret"": 8.0, ""min_close_ret"": 2.0, ""signal_cooldown_days"": 9, ""strong_line"": 4.5, ""x15_multiplier"": 1.0}"
activity_breakout,local_optuna_t24_vsplit,601868,formula_exit_or_5,5,27,0.703704,0.020626,-0.013789,1.495837,0.074074,0.000000,58.162517,"{""big_bull_line"": 6.0, ""max_close_ret"": 10.0, ""min_close_ret"": -1.0, ""signal_cooldown_days"": 11, ""strong_line"": 3.5, ""x15_multiplier"": 1.7000000000000002}"
volume_base_breakout,local_optuna_t24_vsplit,601901,fixed_10,10,16,0.750000,0.037619,-0.011781,3.193103,0.000000,0.000000,77.274892,"{""amount_spike_ratio"": 2.2, ""base_ceiling"": 1.42, ""base_floor"": 0.84, ""base_max_days"": 65, ""base_min_days"": 30, ""base_range_max"": 0.35, ""breakout_max_extension"": 1.08, ""breakout_near_high"": 0.91, ""dry_ratio"": 0.39999999999999997, ""signal_cooldown_days"": 11, ""spike_lookback"": 70, ""spike_ratio"": 2.8, ""warm_ret_max"": 0.16, ""warm_ret_min"": 0.019999999999999997, ""warm_vol_ratio"": 0.9}"
gs_raw_buy,local_optuna_t24_vsplit,601956,fixed_60,60,41,0.536585,0.037202,-0.109595,0.339453,0.000000,0.000000,56.396048,"{""down_adjust"": 0.97, ""ema_fallback_span"": 6, ""iterations"": 11, ""signal_cooldown_days"": 7, ""up_adjust"": 1.02, ""x3_ma_windows"": [5, 10, 20, 30]}"
gs_raw_buy,local_optuna_t24_vsplit,601990,fixed_5,5,35,0.571429,0.011926,-0.014751,0.808445,0.000000,0.000000,47.147938,"{""down_adjust"": 0.99, ""ema_fallback_span"": 4, ""iterations"": 9, ""signal_cooldown_days"": 14, ""up_adjust"": 1.04, ""x3_ma_windows"": [3, 8, 13, 21]}"
gs_raw_buy,local_optuna_t24_vsplit,601995,formula_exit_or_5,5,35,0.457143,0.015889,-0.017506,0.907622,0.000000,0.000000,46.196681,"{""down_adjust"": 0.99, ""ema_fallback_span"": 6, ""iterations"": 9, ""signal_cooldown_days"": 8, ""up_adjust"": 1.02, ""x3_ma_windows"": [5, 10, 20, 30]}"
gs_pullback_confirm,local_optuna_t24_vsplit,601999,fixed_10,10,24,0.875000,0.053508,-0.023354,2.291169,0.000000,0.000000,82.705843,"{""ma_pull_high"": 0.97, ""ma_pull_low"": 0.8600000000000001, ""maxlen_max"": 22, ""maxrun_max"": 12, ""rate_min"": 35, ""sellpct_max"": 40}"
volume_base_breakout,local_optuna_t24_vsplit,603001,fixed_5,5,11,0.727273,0.038555,-0.033873,1.138218,0.000000,0.000000,66.786544,"{""amount_spike_ratio"": 3.2, ""base_ceiling"": 1.24, ""base_floor"": 0.78, ""base_max_days"": 65, ""base_min_days"": 30, ""base_range_max"": 0.35, ""breakout_max_extension"": 1.09, ""breakout_near_high"": 0.91, ""dry_ratio"": 0.5, ""signal_cooldown_days"": 12, ""spike_lookback"": 90, ""spike_ratio"": 2.6, ""warm_ret_max"": 0.2, ""warm_ret_min"": 0.01, ""warm_vol_ratio"": 0.95}"
volume_base_breakout,local_optuna_t24_vsplit,603002,fixed_5,5,10,0.800000,0.083660,-0.023520,3.556973,0.000000,0.000000,86.084545,"{""amount_spike_ratio"": 2.8, ""base_ceiling"": 1.44, ""base_floor"": 0.81, ""base_max_days"": 105, ""base_min_days"": 30, ""base_range_max"": 0.33, ""breakout_max_extension"": 1.11, ""breakout_near_high"": 0.91, ""dry_ratio"": 0.5, ""signal_cooldown_days"": 12, ""spike_lookback"": 90, ""spike_ratio"": 2.8, ""warm_ret_max"": 0.3, ""warm_ret_min"": 0.019999999999999997, ""warm_vol_ratio"": 1.0}"
activity_breakout,local_optuna_t24_vsplit,603005,fixed_60,60,43,0.534884,0.036898,-0.166188,0.222023,0.000000,0.000000,55.605465,"{""big_bull_line"": 7.0, ""max_close_ret"": 9.0, ""min_close_ret"": 0.0, ""signal_cooldown_days"": 14, ""strong_line"": 4.0, ""x15_multiplier"": 1.6}"
activity_breakout,local_optuna_t24_vsplit,603008,formula_exit_or_15,15,47,0.574468,0.021260,-0.019551,1.087387,0.021277,0.000000,53.087999,"{""big_bull_line"": 7.5, ""max_close_ret"": 14.0, ""min_close_ret"": 0.0, ""signal_cooldown_days"": 12, ""strong_line"": 2.5, ""x15_multiplier"": 1.7000000000000002}"
activity_breakout,local_optuna_t24_vsplit,603013,fixed_60,60,45,0.688889,0.055042,-0.107969,0.509797,0.000000,0.000000,68.215652,"{""big_bull_line"": 5.0, ""max_close_ret"": 9.0, ""min_close_ret"": -1.0, ""signal_cooldown_days"": 12, ""strong_line"": 3.5, ""x15_multiplier"": 1.3}"
activity_breakout,local_optuna_t24_vsplit,603015,fixed_60,60,63,0.555556,0.070381,-0.148089,0.475262,0.000000,0.000000,64.042974,"{""big_bull_line"": 5.0, ""max_close_ret"": 12.0, ""min_close_ret"": -1.0, ""signal_cooldown_days"": 12, ""strong_line"": 4.0, ""x15_multiplier"": 1.8}"
activity_breakout,local_optuna_t24_vsplit,603028,fixed_15,15,12,0.750000,0.036792,-0.079667,0.461820,0.000000,0.000000,63.204934,"{""big_bull_line"": 9.0, ""max_close_ret"": 9.0, ""min_close_ret"": 1.5, ""signal_cooldown_days"": 14, ""strong_line"": 3.0, ""x15_multiplier"": 1.2}"
activity_breakout,local_optuna_t24_vsplit,603036,fixed_20,20,21,0.714286,0.055252,-0.072943,0.757475,0.047619,0.000000,69.739755,"{""big_bull_line"": 8.0, ""max_close_ret"": 13.0, ""min_close_ret"": 0.5, ""signal_cooldown_days"": 12, ""strong_line"": 4.5, ""x15_multiplier"": 1.0}"
activity_breakout,local_optuna_t24_vsplit,603039,fixed_10,10,14,0.714286,0.074271,-0.071779,1.034730,0.071429,0.000000,70.887935,"{""big_bull_line"": 9.0, ""max_close_ret"": 9.0, ""min_close_ret"": -0.5, ""signal_cooldown_days"": 14, ""strong_line"": 4.0, ""x15_multiplier"": 1.1}"
activity_breakout,local_optuna_t24_vsplit,603050,fixed_20,20,21,0.714286,0.063014,-0.036605,1.721478,0.000000,0.000000,75.035961,"{""big_bull_line"": 6.5, ""max_close_ret"": 9.0, ""min_close_ret"": 0.5, ""signal_cooldown_days"": 13, ""strong_line"": 4.0, ""x15_multiplier"": 1.0}"
gs_raw_buy,local_optuna_t24_vsplit,603053,fixed_60,60,35,0.657143,0.012109,-0.059126,0.204794,0.000000,0.000000,46.792540,"{""down_adjust"": 0.97, ""ema_fallback_span"": 6, ""iterations"": 8, ""signal_cooldown_days"": 16, ""up_adjust"": 1.02, ""x3_ma_windows"": [3, 5, 10, 20]}"
activity_breakout,local_optuna_t24_vsplit,603059,fixed_60,60,53,0.641509,0.060062,-0.121492,0.494370,0.018868,0.000000,66.528455,"{""big_bull_line"": 6.0, ""max_close_ret"": 9.0, ""min_close_ret"": -0.5, ""signal_cooldown_days"": 9, ""strong_line"": 3.0, ""x15_multiplier"": 1.5}"
gs_raw_buy,local_optuna_t24_vsplit,603065,formula_exit_or_5,5,26,0.730769,0.025027,-0.022700,1.102508,0.038462,0.000000,59.564461,"{""down_adjust"": 0.99, ""ema_fallback_span"": 7, ""iterations"": 10, ""signal_cooldown_days"": 16, ""up_adjust"": 1.04, ""x3_ma_windows"": [3, 5, 10, 20]}"
activity_breakout,local_optuna_t24_vsplit,603066,formula_exit_or_10,10,14,0.785714,0.057621,-0.033250,1.732975,0.071429,0.000000,76.522019,"{""big_bull_line"": 8.5, ""max_close_ret"": 9.0, ""min_close_ret"": -0.5, ""signal_cooldown_days"": 7, ""strong_line"": 3.5, ""x15_multiplier"": 1.0}"
activity_breakout,local_optuna_t24_vsplit,603073,formula_exit_or_5,5,26,0.730769,0.013969,-0.012135,1.151189,0.000000,0.000000,54.663635,"{""big_bull_line"": 5.5, ""max_close_ret"": 8.0, ""min_close_ret"": 2.0, ""signal_cooldown_days"": 14, ""strong_line"": 3.5, ""x15_multiplier"": 1.7000000000000002}"
gs_pullback_confirm,local_optuna_t24_vsplit,603079,fixed_60,60,11,1.000000,0.136518,-0.040573,3.364777,0.000000,0.000000,91.823885,"{""ma_pull_high"": 0.96, ""ma_pull_low"": 0.68, ""maxlen_max"": 24, ""maxrun_max"": 5, ""rate_min"": 40, ""sellpct_max"": 65}"
activity_breakout,local_optuna_t24_vsplit,603088,fixed_20,20,43,0.627907,0.030151,-0.081758,0.368785,0.046512,0.023256,55.059041,"{""big_bull_line"": 6.5, ""max_close_ret"": 13.0, ""min_close_ret"": 1.0, ""signal_cooldown_days"": 10, ""strong_line"": 3.5, ""x15_multiplier"": 1.2}"
activity_breakout,local_optuna_t24_vsplit,603090,fixed_60,60,34,0.823529,0.219626,-0.099465,2.208084,0.058824,0.000000,80.158069,"{""big_bull_line"": 7.0, ""max_close_ret"": 9.0, ""min_close_ret"": 1.0, ""signal_cooldown_days"": 8, ""strong_line"": 3.0, ""x15_multiplier"": 1.1}"
activity_breakout,local_optuna_t24_vsplit,603110,fixed_20,20,24,0.583333,0.062475,-0.102225,0.611152,0.000000,0.000000,65.555759,"{""big_bull_line"": 7.0, ""max_close_ret"": 8.0, ""min_close_ret"": 1.0, ""signal_cooldown_days"": 9, ""strong_line"": 3.0, ""x15_multiplier"": 1.0}"
activity_breakout,local_optuna_t24_vsplit,603112,fixed_20,20,20,0.700000,0.049150,-0.047880,1.026525,0.000000,0.000000,70.707623,"{""big_bull_line"": 9.0, ""max_close_ret"": 9.0, ""min_close_ret"": 0.0, ""signal_cooldown_days"": 12, ""strong_line"": 4.0, ""x15_multiplier"": 1.3}"
activity_breakout,local_optuna_t24_vsplit,603118,fixed_60,60,85,0.564706,0.055225,-0.141708,0.389707,0.000000,0.000000,63.889712,"{""big_bull_line"": 5.5, ""max_close_ret"": 8.0, ""min_close_ret"": -0.5, ""signal_cooldown_days"": 7, ""strong_line"": 3.0, ""x15_multiplier"": 1.7000000000000002}"
volume_base_breakout,local_optuna_t24_vsplit,603118,fixed_30,30,18,0.888889,0.135372,-0.064983,2.083184,0.000000,0.055556,81.527030,"{""amount_spike_ratio"": 2.8, ""base_ceiling"": 1.3399999999999999, ""base_floor"": 0.76, ""base_max_days"": 95, ""base_min_days"": 25, ""base_range_max"": 0.33, ""breakout_max_extension"": 1.11, ""breakout_near_high"": 0.9500000000000001, ""dry_ratio"": 0.39999999999999997, ""signal_cooldown_days"": 9, ""spike_lookback"": 90, ""spike_ratio"": 2.0, ""warm_ret_max"": 0.22, ""warm_ret_min"": 0.019999999999999997, ""warm_vol_ratio"": 0.8}"
activity_breakout,local_optuna_t24_vsplit,603124,fixed_60,60,16,0.875000,0.356319,-0.083687,4.257730,0.062500,0.000000,90.625000,"{""big_bull_line"": 5.5, ""max_close_ret"": 8.0, ""min_close_ret"": -0.5, ""signal_cooldown_days"": 8, ""strong_line"": 3.5, ""x15_multiplier"": 1.7000000000000002}"
activity_breakout,local_optuna_t24_vsplit,603125,formula_exit_or_5,5,35,0.514286,0.009057,-0.020757,0.436339,0.000000,0.000000,42.138836,"{""big_bull_line"": 5.5, ""max_close_ret"": 10.0, ""min_close_ret"": 2.0, ""signal_cooldown_days"": 7, ""strong_line"": 3.5, ""x15_multiplier"": 1.4}"
activity_breakout,local_optuna_t24_vsplit,603126,fixed_60,60,9,0.666667,0.061767,-0.118389,0.521727,0.000000,0.000000,66.141203,"{""big_bull_line"": 9.0, ""max_close_ret"": 9.0, ""min_close_ret"": 0.0, ""signal_cooldown_days"": 6, ""strong_line"": 3.5, ""x15_multiplier"": 1.0}"
volume_base_breakout,local_optuna_t24_vsplit,603131,fixed_5,5,10,0.800000,0.067820,-0.034170,1.984782,0.000000,0.000000,78.223591,"{""amount_spike_ratio"": 2.0, ""base_ceiling"": 1.3599999999999999, ""base_floor"": 0.88, ""base_max_days"": 100, ""base_min_days"": 20, ""base_range_max"": 0.25, ""breakout_max_extension"": 1.12, ""breakout_near_high"": 0.91, ""dry_ratio"": 0.35, ""signal_cooldown_days"": 12, ""spike_lookback"": 70, ""spike_ratio"": 2.0, ""warm_ret_max"": 0.3, ""warm_ret_min"": -0.01, ""warm_vol_ratio"": 1.05}"
gs_raw_buy,local_optuna_t24_vsplit,603135,fixed_10,10,20,0.650000,0.027420,-0.042685,0.642380,0.050000,0.000000,55.921901,"{""down_adjust"": 0.97, ""ema_fallback_span"": 5, ""iterations"": 10, ""signal_cooldown_days"": 16, ""up_adjust"": 1.03, ""x3_ma_windows"": [5, 10, 20, 30]}"
activity_breakout,local_optuna_t24_vsplit,603139,fixed_20,20,46,0.608696,0.042700,-0.078567,0.543482,0.021739,0.000000,62.110891,"{""big_bull_line"": 5.0, ""max_close_ret"": 8.0, ""min_close_ret"": 1.0, ""signal_cooldown_days"": 14, ""strong_line"": 2.5, ""x15_multiplier"": 1.7000000000000002}"
activity_breakout,local_optuna_t24_vsplit,603151,fixed_20,20,9,0.888889,0.112700,-0.042167,2.672727,0.000000,0.000000,83.562871,"{""big_bull_line"": 9.0, ""max_close_ret"": 10.0, ""min_close_ret"": 0.0, ""signal_cooldown_days"": 14, ""strong_line"": 2.5, ""x15_multiplier"": 1.0}"
gs_raw_buy,local_optuna_t24_vsplit,603159,fixed_60,60,38,0.605263,0.031276,-0.139476,0.224241,0.026316,0.000000,54.654100,"{""down_adjust"": 0.99, ""ema_fallback_span"": 7, ""iterations"": 7, ""signal_cooldown_days"": 10, ""up_adjust"": 1.04, ""x3_ma_windows"": [5, 10, 20, 30]}"
activity_breakout,local_optuna_t24_vsplit,603168,fixed_20,20,49,0.591837,0.032120,-0.082753,0.388148,0.061224,0.000000,55.143800,"{""big_bull_line"": 5.0, ""max_close_ret"": 13.0, ""min_close_ret"": 1.5, ""signal_cooldown_days"": 11, ""strong_line"": 3.0, ""x15_multiplier"": 1.8}"
activity_breakout,local_optuna_t24_vsplit,603172,fixed_30,30,24,0.791667,0.083304,-0.079679,1.045495,0.000000,0.000000,73.977475,"{""big_bull_line"": 7.0, ""max_close_ret"": 8.0, ""min_close_ret"": 0.5, ""signal_cooldown_days"": 13, ""strong_line"": 4.0, ""x15_multiplier"": 1.6}"
activity_breakout,local_optuna_t24_vsplit,603173,fixed_60,60,14,0.785714,0.154550,-0.115707,1.335700,0.142857,0.000000,73.821356,"{""big_bull_line"": 8.0, ""max_close_ret"": 13.0, ""min_close_ret"": 1.5, ""signal_cooldown_days"": 10, ""strong_line"": 4.0, ""x15_multiplier"": 1.1}"
gs_raw_buy,local_optuna_t24_vsplit,603178,fixed_30,30,29,0.586207,0.124321,-0.120707,1.029939,0.068966,0.000000,67.046245,"{""down_adjust"": 0.97, ""ema_fallback_span"": 3, ""iterations"": 12, ""signal_cooldown_days"": 13, ""up_adjust"": 1.02, ""x3_ma_windows"": [5, 10, 20, 30]}"
activity_breakout,local_optuna_t24_vsplit,603190,fixed_15,15,41,0.585366,0.011254,-0.064539,0.174370,0.024390,0.000000,43.815752,"{""big_bull_line"": 8.0, ""max_close_ret"": 11.0, ""min_close_ret"": -1.0, ""signal_cooldown_days"": 6, ""strong_line"": 2.5, ""x15_multiplier"": 1.7000000000000002}"
gs_raw_buy,local_optuna_t24_vsplit,603190,fixed_15,15,20,0.750000,0.047375,-0.045795,1.034502,0.000000,0.000000,71.360008,"{""down_adjust"": 0.99, ""ema_fallback_span"": 7, ""iterations"": 9, ""signal_cooldown_days"": 16, ""up_adjust"": 1.04, ""x3_ma_windows"": [5, 10, 20, 30]}"
activity_breakout,local_optuna_t24_vsplit,603191,fixed_20,20,23,0.608696,0.046813,-0.100370,0.466407,0.086957,0.000000,63.129860,"{""big_bull_line"": 8.5, ""max_close_ret"": 14.0, ""min_close_ret"": 2.0, ""signal_cooldown_days"": 9, ""strong_line"": 3.5, ""x15_multiplier"": 1.1}"
activity_breakout,local_optuna_t24_vsplit,603192,fixed_30,30,11,0.636364,0.047500,-0.124918,0.380249,0.090909,0.000000,63.833063,"{""big_bull_line"": 8.5, ""max_close_ret"": 10.0, ""min_close_ret"": 2.0, ""signal_cooldown_days"": 6, ""strong_line"": 3.5, ""x15_multiplier"": 1.0}"
gs_raw_buy,local_optuna_t24_vsplit,603192,formula_exit_or_5,5,42,0.619048,0.025148,-0.028719,0.875643,0.023810,0.000000,55.285355,"{""down_adjust"": 0.99, ""ema_fallback_span"": 3, ""iterations"": 11, ""signal_cooldown_days"": 12, ""up_adjust"": 1.03, ""x3_ma_windows"": [3, 5, 10, 20]}"
activity_breakout,local_optuna_t24_vsplit,603196,fixed_60,60,29,0.689655,0.198059,-0.140893,1.405737,0.034483,0.000000,72.373512,"{""big_bull_line"": 7.5, ""max_close_ret"": 9.0, ""min_close_ret"": 0.5, ""signal_cooldown_days"": 7, ""strong_line"": 2.5, ""x15_multiplier"": 1.0}"
activity_breakout,local_optuna_t24_vsplit,603197,fixed_10,10,17,0.764706,0.053735,-0.064629,0.831437,0.000000,0.000000,72.098362,"{""big_bull_line"": 8.5, ""max_close_ret"": 8.0, ""min_close_ret"": -1.0, ""signal_cooldown_days"": 6, ""strong_line"": 3.0, ""x15_multiplier"": 1.0}"
gs_raw_buy,local_optuna_t24_vsplit,603199,fixed_60,60,34,0.676471,0.040944,-0.078435,0.522011,0.058824,0.000000,62.787998,"{""down_adjust"": 0.98, ""ema_fallback_span"": 4, ""iterations"": 11, ""signal_cooldown_days"": 14, ""up_adjust"": 1.03, ""x3_ma_windows"": [5, 10, 20, 30]}"
activity_breakout,local_optuna_t24_vsplit,603207,formula_exit_or_10,10,10,0.800000,0.061610,-0.008480,7.265330,0.000000,0.000000,88.299681,"{""big_bull_line"": 7.5, ""max_close_ret"": 10.0, ""min_close_ret"": 0.0, ""signal_cooldown_days"": 9, ""strong_line"": 4.0, ""x15_multiplier"": 1.5}"
activity_breakout,local_optuna_t24_vsplit,603209,fixed_60,60,22,0.545455,0.044136,-0.107041,0.412332,0.000000,0.000000,60.493477,"{""big_bull_line"": 7.5, ""max_close_ret"": 9.0, ""min_close_ret"": 0.5, ""signal_cooldown_days"": 11, ""strong_line"": 3.0, ""x15_multiplier"": 1.1}"
gs_pullback_confirm,local_optuna_t24_vsplit,603211,fixed_5,5,12,1.000000,0.070458,-0.032533,2.165727,0.166667,0.000000,84.161971,"{""ma_pull_high"": 1.0, ""ma_pull_low"": 0.78, ""maxlen_max"": 20, ""maxrun_max"": 5, ""rate_min"": 25, ""sellpct_max"": 75}"
activity_breakout,local_optuna_t24_vsplit,603214,fixed_30,30,24,0.666667,0.036112,-0.106775,0.338211,0.041667,0.000000,59.330639,"{""big_bull_line"": 8.0, ""max_close_ret"": 9.0, ""min_close_ret"": 1.0, ""signal_cooldown_days"": 8, ""strong_line"": 4.5, ""x15_multiplier"": 1.1}"
gs_pullback_confirm,local_optuna_t24_vsplit,603215,fixed_60,60,10,0.900000,0.067170,-0.039260,1.710902,0.100000,0.000000,78.854189,"{""ma_pull_high"": 1.02, ""ma_pull_low"": 0.8400000000000001, ""maxlen_max"": 24, ""maxrun_max"": 12, ""rate_min"": 35, ""sellpct_max"": 75}"
gs_raw_buy,local_optuna_t24_vsplit,603233,formula_exit_or_5,5,45,0.577778,0.015456,-0.013391,1.154165,0.000000,0.022222,50.609715,"{""down_adjust"": 0.98, ""ema_fallback_span"": 5, ""iterations"": 8, ""signal_cooldown_days"": 12, ""up_adjust"": 1.02, ""x3_ma_windows"": [3, 5, 10, 20]}"
gs_raw_buy,local_optuna_t24_vsplit,603235,formula_exit_or_5,5,29,0.620690,0.009914,-0.019086,0.519422,0.000000,0.000000,46.174696,"{""down_adjust"": 0.97, ""ema_fallback_span"": 7, ""iterations"": 8, ""signal_cooldown_days"": 16, ""up_adjust"": 1.03, ""x3_ma_windows"": [3, 8, 13, 21]}"
gs_raw_buy,local_optuna_t24_vsplit,603259,fixed_15,15,29,0.689655,0.038752,-0.064121,0.604356,0.034483,0.000000,62.742470,"{""down_adjust"": 0.98, ""ema_fallback_span"": 5, ""iterations"": 8, ""signal_cooldown_days"": 16, ""up_adjust"": 1.01, ""x3_ma_windows"": [3, 8, 13, 21]}"
activity_breakout,local_optuna_t24_vsplit,603275,fixed_20,20,16,0.750000,0.065225,-0.080706,0.808178,0.000000,0.000000,71.540889,"{""big_bull_line"": 6.0, ""max_close_ret"": 10.0, ""min_close_ret"": 1.5, ""signal_cooldown_days"": 11, ""strong_line"": 3.5, ""x15_multiplier"": 1.0}"
gs_pullback_confirm,local_optuna_t24_vsplit,603289,fixed_60,60,16,0.875000,0.053169,-0.116000,0.458351,0.000000,0.000000,73.541756,"{""ma_pull_high"": 0.96, ""ma_pull_low"": 0.8800000000000001, ""maxlen_max"": 22, ""maxrun_max"": 7, ""rate_min"": 25, ""sellpct_max"": 65}"
activity_breakout,local_optuna_t24_vsplit,603290,formula_exit_or_5,5,70,0.514286,0.014526,-0.024839,0.584805,0.014286,0.014286,45.329738,"{""big_bull_line"": 5.0, ""max_close_ret"": 10.0, ""min_close_ret"": 2.0, ""signal_cooldown_days"": 7, ""strong_line"": 2.5, ""x15_multiplier"": 1.8}"
gs_raw_buy,local_optuna_t24_vsplit,603291,fixed_10,10,22,0.636364,0.039941,-0.042159,0.947385,0.090909,0.000000,62.889200,"{""down_adjust"": 0.96, ""ema_fallback_span"": 6, ""iterations"": 8, ""signal_cooldown_days"": 16, ""up_adjust"": 1.02, ""x3_ma_windows"": [5, 10, 20, 30]}"
gs_pullback_confirm,local_optuna_t24_vsplit,603307,fixed_60,60,10,0.900000,0.081590,-0.035450,2.301551,0.000000,0.000000,82.807438,"{""ma_pull_high"": 0.99, ""ma_pull_low"": 0.8600000000000001, ""maxlen_max"": 20, ""maxrun_max"": 12, ""rate_min"": 35, ""sellpct_max"": 75}"
activity_breakout,local_optuna_t24_vsplit,603308,fixed_60,60,40,0.875000,0.261880,-0.099807,2.623851,0.025000,0.000000,84.119255,"{""big_bull_line"": 7.0, ""max_close_ret"": 12.0, ""min_close_ret"": 0.0, ""signal_cooldown_days"": 7, ""strong_line"": 3.0, ""x15_multiplier"": 1.1}"
gs_pullback_confirm,local_optuna_t24_vsplit,603308,fixed_60,60,16,1.000000,0.273369,-0.054688,4.998743,0.000000,0.000000,95.000000,"{""ma_pull_high"": 1.03, ""ma_pull_low"": 0.74, ""maxlen_max"": 17, ""maxrun_max"": 6, ""rate_min"": 25, ""sellpct_max"": 65}"
gs_raw_buy,local_optuna_t24_vsplit,603313,fixed_10,10,29,0.655172,0.017331,-0.048359,0.358386,0.034483,0.000000,49.767790,"{""down_adjust"": 0.98, ""ema_fallback_span"": 6, ""iterations"": 11, ""signal_cooldown_days"": 14, ""up_adjust"": 1.03, ""x3_ma_windows"": [5, 10, 20, 30]}"
activity_breakout,local_optuna_t24_vsplit,603315,formula_exit_or_5,5,44,0.545455,0.032230,-0.024505,1.315248,0.045455,0.000000,58.600102,"{""big_bull_line"": 6.5, ""max_close_ret"": 9.0, ""min_close_ret"": -1.0, ""signal_cooldown_days"": 14, ""strong_line"": 4.0, ""x15_multiplier"": 1.7000000000000002}"
activity_breakout,local_optuna_t24_vsplit,603319,fixed_10,10,20,0.700000,0.049545,-0.049830,0.994281,0.000000,0.000000,70.743903,"{""big_bull_line"": 9.0, ""max_close_ret"": 10.0, ""min_close_ret"": 2.0, ""signal_cooldown_days"": 12, ""strong_line"": 4.5, ""x15_multiplier"": 1.0}"
activity_breakout,local_optuna_t24_vsplit,603320,fixed_60,60,63,0.634921,0.034340,-0.134846,0.254658,0.015873,0.000000,57.332022,"{""big_bull_line"": 5.5, ""max_close_ret"": 10.0, ""min_close_ret"": 1.0, ""signal_cooldown_days"": 7, ""strong_line"": 3.5, ""x15_multiplier"": 1.5}"
activity_breakout,local_optuna_t24_vsplit,603329,fixed_5,5,42,0.619048,0.021648,-0.015443,1.401788,0.000000,0.000000,56.404180,"{""big_bull_line"": 7.0, ""max_close_ret"": 9.0, ""min_close_ret"": 1.0, ""signal_cooldown_days"": 6, ""strong_line"": 3.0, ""x15_multiplier"": 1.6}"
gs_raw_buy,local_optuna_t24_vsplit,603339,fixed_60,60,28,0.607143,0.050971,-0.115986,0.439463,0.000000,0.000000,65.411601,"{""down_adjust"": 0.99, ""ema_fallback_span"": 5, ""iterations"": 11, ""signal_cooldown_days"": 15, ""up_adjust"": 1.01, ""x3_ma_windows"": [3, 8, 13, 21]}"
activity_breakout,local_optuna_t24_vsplit,603351,fixed_30,30,42,0.500000,0.015631,-0.081950,0.190738,0.000000,0.000000,43.769165,"{""big_bull_line"": 7.0, ""max_close_ret"": 14.0, ""min_close_ret"": 1.0, ""signal_cooldown_days"": 12, ""strong_line"": 4.5, ""x15_multiplier"": 1.8}"
gs_pullback_confirm,local_optuna_t24_vsplit,603353,formula_exit_or_60,60,15,0.666667,0.087193,-0.085500,1.019805,0.066667,0.000000,69.432359,"{""ma_pull_high"": 1.04, ""ma_pull_low"": 0.74, ""maxlen_max"": 22, ""maxrun_max"": 12, ""rate_min"": 25, ""sellpct_max"": 60}"
gs_pullback_confirm,local_optuna_t24_vsplit,603359,fixed_60,60,16,1.000000,0.219681,-0.160800,1.366177,0.000000,0.062500,81.205885,"{""ma_pull_high"": 0.99, ""ma_pull_low"": 0.68, ""maxlen_max"": 22, ""maxrun_max"": 12, ""rate_min"": 30, ""sellpct_max"": 50}"
activity_breakout,local_optuna_t24_vsplit,603360,fixed_30,30,11,0.909091,0.180155,-0.046645,3.862210,0.000000,0.000000,91.583778,"{""big_bull_line"": 9.0, ""max_close_ret"": 10.0, ""min_close_ret"": 1.5, ""signal_cooldown_days"": 10, ""strong_line"": 3.0, ""x15_multiplier"": 1.0}"
activity_breakout,local_optuna_t24_vsplit,603368,formula_exit_or_5,5,57,0.666667,0.017625,-0.007144,2.467092,0.000000,0.000000,61.147742,"{""big_bull_line"": 5.0, ""max_close_ret"": 10.0, ""min_close_ret"": 0.5, ""signal_cooldown_days"": 8, ""strong_line"": 4.5, ""x15_multiplier"": 1.8}"
gs_raw_buy,local_optuna_t24_vsplit,603368,formula_exit_or_60,60,33,0.484848,0.018691,-0.011497,1.625725,0.030303,0.000000,51.716503,"{""down_adjust"": 0.97, ""ema_fallback_span"": 6, ""iterations"": 7, ""signal_cooldown_days"": 16, ""up_adjust"": 1.03, ""x3_ma_windows"": [3, 5, 10, 20]}"
activity_breakout,local_optuna_t24_vsplit,603378,fixed_10,10,32,0.562500,0.035503,-0.067503,0.525948,0.000000,0.031250,56.943802,"{""big_bull_line"": 8.0, ""max_close_ret"": 11.0, ""min_close_ret"": 1.0, ""signal_cooldown_days"": 11, ""strong_line"": 2.5, ""x15_multiplier"": 1.3}"
activity_breakout,local_optuna_t24_vsplit,603386,formula_exit_or_5,5,68,0.573529,0.010403,-0.025644,0.405666,0.014706,0.000000,44.288623,"{""big_bull_line"": 5.0, ""max_close_ret"": 12.0, ""min_close_ret"": -1.0, ""signal_cooldown_days"": 10, ""strong_line"": 4.5, ""x15_multiplier"": 1.6}"
gs_raw_buy,local_optuna_t24_vsplit,603389,fixed_60,60,30,0.733333,0.272133,-0.141080,1.928929,0.000000,0.000000,76.644646,"{""down_adjust"": 0.97, ""ema_fallback_span"": 5, ""iterations"": 6, ""signal_cooldown_days"": 16, ""up_adjust"": 1.03, ""x3_ma_windows"": [3, 5, 10, 20]}"
activity_breakout,local_optuna_t24_vsplit,603390,fixed_60,60,54,0.611111,0.056026,-0.133078,0.421001,0.037037,0.000000,65.067970,"{""big_bull_line"": 5.0, ""max_close_ret"": 10.0, ""min_close_ret"": 0.0, ""signal_cooldown_days"": 12, ""strong_line"": 4.0, ""x15_multiplier"": 1.8}"
volume_base_breakout,local_optuna_t24_vsplit,603393,fixed_20,20,18,0.722222,0.039356,-0.043372,0.907391,0.000000,0.000000,65.881398,"{""amount_spike_ratio"": 2.0, ""base_ceiling"": 1.3, ""base_floor"": 0.79, ""base_max_days"": 70, ""base_min_days"": 30, ""base_range_max"": 0.25, ""breakout_max_extension"": 1.09, ""breakout_near_high"": 0.92, ""dry_ratio"": 0.44999999999999996, ""signal_cooldown_days"": 12, ""spike_lookback"": 70, ""spike_ratio"": 3.2, ""warm_ret_max"": 0.16, ""warm_ret_min"": 0.0, ""warm_vol_ratio"": 0.9}"
gs_pullback_confirm,local_optuna_t24_vsplit,603398,fixed_10,10,17,1.000000,0.185788,-0.035682,5.206726,0.058824,0.000000,94.411765,"{""ma_pull_high"": 1.03, ""ma_pull_low"": 0.8, ""maxlen_max"": 15, ""maxrun_max"": 12, ""rate_min"": 25, ""sellpct_max"": 50}"
volume_base_breakout,local_optuna_t24_vsplit,603429,fixed_20,20,9,0.777778,0.174344,-0.075956,2.295348,0.000000,0.000000,78.342642,"{""amount_spike_ratio"": 2.0, ""base_ceiling"": 1.3399999999999999, ""base_floor"": 0.75, ""base_max_days"": 110, ""base_min_days"": 35, ""base_range_max"": 0.31, ""breakout_max_extension"": 1.07, ""breakout_near_high"": 0.91, ""dry_ratio"": 0.35, ""signal_cooldown_days"": 11, ""spike_lookback"": 120, ""spike_ratio"": 2.8, ""warm_ret_max"": 0.28, ""warm_ret_min"": 0.01, ""warm_vol_ratio"": 1.05}"
gs_raw_buy,local_optuna_t24_vsplit,603466,formula_exit_or_5,5,37,0.675676,0.027697,-0.026695,1.037562,0.054054,0.000000,58.766188,"{""down_adjust"": 0.98, ""ema_fallback_span"": 3, ""iterations"": 12, ""signal_cooldown_days"": 10, ""up_adjust"": 1.01, ""x3_ma_windows"": [5, 10, 20, 30]}"
gs_raw_buy,local_optuna_t24_vsplit,603477,fixed_30,30,36,0.611111,0.036269,-0.106592,0.340265,0.027778,0.000000,57.891604,"{""down_adjust"": 0.98, ""ema_fallback_span"": 5, ""iterations"": 6, ""signal_cooldown_days"": 14, ""up_adjust"": 1.02, ""x3_ma_windows"": [3, 5, 10, 20]}"
volume_base_breakout,local_optuna_t24_vsplit,603488,fixed_20,20,11,0.727273,0.058373,-0.050264,1.161331,0.000000,0.000000,72.624838,"{""amount_spike_ratio"": 2.4, ""base_ceiling"": 1.3199999999999998, ""base_floor"": 0.84, ""base_max_days"": 85, ""base_min_days"": 40, ""base_range_max"": 0.35, ""breakout_max_extension"": 1.07, ""breakout_near_high"": 0.9400000000000001, ""dry_ratio"": 0.39999999999999997, ""signal_cooldown_days"": 10, ""spike_lookback"": 120, ""spike_ratio"": 2.4, ""warm_ret_max"": 0.3, ""warm_ret_min"": 0.01, ""warm_vol_ratio"": 0.95}"
activity_breakout,local_optuna_t24_vsplit,603489,fixed_10,10,11,0.727273,0.049573,-0.056255,0.881222,0.000000,0.000000,71.010654,"{""big_bull_line"": 8.5, ""max_close_ret"": 9.0, ""min_close_ret"": 1.0, ""signal_cooldown_days"": 11, ""strong_line"": 4.5, ""x15_multiplier"": 1.1}"
activity_breakout,local_optuna_t24_vsplit,603515,fixed_30,30,21,0.666667,0.040195,-0.043871,0.916205,0.000000,0.000000,64.678646,"{""big_bull_line"": 6.5, ""max_close_ret"": 13.0, ""min_close_ret"": 1.5, ""signal_cooldown_days"": 7, ""strong_line"": 3.5, ""x15_multiplier"": 1.3}"
activity_breakout,local_optuna_t24_vsplit,603530,fixed_60,60,66,0.696970,0.144933,-0.117206,1.236569,0.015152,0.000000,71.940419,"{""big_bull_line"": 6.5, ""max_close_ret"": 9.0, ""min_close_ret"": -1.0, ""signal_cooldown_days"": 9, ""strong_line"": 3.5, ""x15_multiplier"": 1.6}"
activity_breakout,local_optuna_t24_vsplit,603533,fixed_60,60,60,0.600000,0.081085,-0.146502,0.553475,0.033333,0.000000,65.434041,"{""big_bull_line"": 5.0, ""max_close_ret"": 11.0, ""min_close_ret"": 1.5, ""signal_cooldown_days"": 8, ""strong_line"": 4.0, ""x15_multiplier"": 1.5}"
activity_breakout,local_optuna_t24_vsplit,603551,fixed_5,5,36,0.638889,0.022206,-0.014936,1.486703,0.000000,0.000000,57.702958,"{""big_bull_line"": 6.5, ""max_close_ret"": 13.0, ""min_close_ret"": -0.5, ""signal_cooldown_days"": 9, ""strong_line"": 3.0, ""x15_multiplier"": 1.5}"
activity_breakout,local_optuna_t24_vsplit,603577,fixed_60,60,36,0.666667,0.049822,-0.090264,0.551962,0.000000,0.000000,67.670920,"{""big_bull_line"": 6.0, ""max_close_ret"": 9.0, ""min_close_ret"": 1.5, ""signal_cooldown_days"": 14, ""strong_line"": 3.5, ""x15_multiplier"": 1.8}"
activity_breakout,local_optuna_t24_vsplit,603586,fixed_60,60,51,0.588235,0.043120,-0.108947,0.395785,0.000000,0.000000,61.185788,"{""big_bull_line"": 5.0, ""max_close_ret"": 10.0, ""min_close_ret"": -1.0, ""signal_cooldown_days"": 13, ""strong_line"": 3.5, ""x15_multiplier"": 1.7000000000000002}"
volume_base_breakout,local_optuna_t24_vsplit,603599,fixed_60,60,9,0.666667,0.059689,-0.068900,0.866312,0.000000,0.000000,67.864128,"{""amount_spike_ratio"": 2.2, ""base_ceiling"": 1.3, ""base_floor"": 0.8, ""base_max_days"": 95, ""base_min_days"": 50, ""base_range_max"": 0.25, ""breakout_max_extension"": 1.07, ""breakout_near_high"": 0.91, ""dry_ratio"": 0.44999999999999996, ""signal_cooldown_days"": 16, ""spike_lookback"": 90, ""spike_ratio"": 2.8, ""warm_ret_max"": 0.22, ""warm_ret_min"": 0.03, ""warm_vol_ratio"": 0.85}"
gs_pullback_confirm,local_optuna_t24_vsplit,603608,fixed_60,60,12,1.000000,0.278333,-0.073225,3.801070,0.000000,0.000000,94.005349,"{""ma_pull_high"": 1.01, ""ma_pull_low"": 0.7000000000000001, ""maxlen_max"": 10, ""maxrun_max"": 10, ""rate_min"": 40, ""sellpct_max"": 50}"
activity_breakout,local_optuna_t24_vsplit,603617,fixed_20,20,9,0.888889,0.114822,-0.062056,1.850313,0.000000,0.000000,79.450802,"{""big_bull_line"": 8.5, ""max_close_ret"": 8.0, ""min_close_ret"": 1.0, ""signal_cooldown_days"": 6, ""strong_line"": 4.0, ""x15_multiplier"": 1.0}"
activity_breakout,local_optuna_t24_vsplit,603656,fixed_60,60,62,0.483871,0.071250,-0.139260,0.511634,0.016129,0.000000,61.913009,"{""big_bull_line"": 5.0, ""max_close_ret"": 14.0, ""min_close_ret"": -0.5, ""signal_cooldown_days"": 10, ""strong_line"": 3.0, ""x15_multiplier"": 1.7000000000000002}"
activity_breakout,local_optuna_t24_vsplit,603661,fixed_10,10,19,0.684211,0.023663,-0.049932,0.473912,0.000000,0.000000,54.727453,"{""big_bull_line"": 6.0, ""max_close_ret"": 9.0, ""min_close_ret"": -1.0, ""signal_cooldown_days"": 14, ""strong_line"": 3.5, ""x15_multiplier"": 1.1}"
activity_breakout,local_optuna_t24_vsplit,603666,fixed_60,60,25,0.480000,0.051640,-0.217208,0.237744,0.080000,0.000000,59.788722,"{""big_bull_line"": 9.0, ""max_close_ret"": 12.0, ""min_close_ret"": -0.5, ""signal_cooldown_days"": 8, ""strong_line"": 3.0, ""x15_multiplier"": 1.0}"
activity_breakout,local_optuna_t24_vsplit,603676,formula_exit_or_10,10,17,0.882353,0.043471,-0.014506,2.996756,0.000000,0.000000,83.189662,"{""big_bull_line"": 8.0, ""max_close_ret"": 8.0, ""min_close_ret"": -1.0, ""signal_cooldown_days"": 8, ""strong_line"": 4.0, ""x15_multiplier"": 1.2}"
gs_pullback_confirm,local_optuna_t24_vsplit,603676,fixed_30,30,13,1.000000,0.143208,-0.106292,1.347301,0.000000,0.000000,81.736503,"{""ma_pull_high"": 1.0, ""ma_pull_low"": 0.7000000000000001, ""maxlen_max"": 18, ""maxrun_max"": 12, ""rate_min"": 40, ""sellpct_max"": 50}"
volume_base_breakout,local_optuna_t24_vsplit,603680,formula_exit_or_30,30,14,0.785714,0.077243,-0.027336,2.825712,0.000000,0.000000,82.699989,"{""amount_spike_ratio"": 2.6, ""base_ceiling"": 1.48, ""base_floor"": 0.8, ""base_max_days"": 85, ""base_min_days"": 25, ""base_range_max"": 0.45, ""breakout_max_extension"": 1.08, ""breakout_near_high"": 0.92, ""dry_ratio"": 0.5, ""signal_cooldown_days"": 18, ""spike_lookback"": 70, ""spike_ratio"": 2.8, ""warm_ret_max"": 0.16, ""warm_ret_min"": 0.0, ""warm_vol_ratio"": 0.95}"
gs_pullback_confirm,local_optuna_t24_vsplit,603687,fixed_60,60,15,1.000000,0.218347,-0.042280,5.164301,0.000000,0.000000,95.000000,"{""ma_pull_high"": 1.04, ""ma_pull_low"": 0.7200000000000001, ""maxlen_max"": 16, ""maxrun_max"": 7, ""rate_min"": 25, ""sellpct_max"": 75}"
activity_breakout,local_optuna_t24_vsplit,603690,formula_exit_or_15,15,10,0.700000,0.063550,-0.035850,1.772664,0.000000,0.000000,74.163000,"{""big_bull_line"": 9.0, ""max_close_ret"": 8.0, ""min_close_ret"": 0.0, ""signal_cooldown_days"": 7, ""strong_line"": 2.5, ""x15_multiplier"": 1.1}"
activity_breakout,local_optuna_t24_vsplit,603693,formula_exit_or_10,10,35,0.514286,0.020791,-0.015731,1.321649,0.000000,0.000000,52.432531,"{""big_bull_line"": 5.0, ""max_close_ret"": 8.0, ""min_close_ret"": 1.5, ""signal_cooldown_days"": 12, ""strong_line"": 3.5, ""x15_multiplier"": 1.4}"
gs_pullback_confirm,local_optuna_t24_vsplit,603699,fixed_30,30,12,1.000000,0.063600,-0.023542,2.701593,0.000000,0.000000,88.507965,"{""ma_pull_high"": 0.98, ""ma_pull_low"": 0.8800000000000001, ""maxlen_max"": 10, ""maxrun_max"": 12, ""rate_min"": 60, ""sellpct_max"": 75}"
gs_raw_buy,local_optuna_t24_vsplit,603712,formula_exit_or_5,5,40,0.600000,0.019708,-0.029410,0.670095,0.000000,0.000000,51.204226,"{""down_adjust"": 0.97, ""ema_fallback_span"": 5, ""iterations"": 7, ""signal_cooldown_days"": 15, ""up_adjust"": 1.03, ""x3_ma_windows"": [3, 5, 10, 20]}"
activity_breakout,local_optuna_t24_vsplit,603717,formula_exit_or_10,10,53,0.528302,0.027409,-0.046085,0.594759,0.037736,0.037736,51.772854,"{""big_bull_line"": 7.0, ""max_close_ret"": 12.0, ""min_close_ret"": 0.0, ""signal_cooldown_days"": 10, ""strong_line"": 2.5, ""x15_multiplier"": 1.7000000000000002}"
activity_breakout,local_optuna_t24_vsplit,603727,fixed_5,5,14,0.928571,0.044414,-0.023786,1.867267,0.000000,0.000000,79.400622,"{""big_bull_line"": 9.0, ""max_close_ret"": 10.0, ""min_close_ret"": 1.0, ""signal_cooldown_days"": 11, ""strong_line"": 4.0, ""x15_multiplier"": 1.2}"
activity_breakout,local_optuna_t24_vsplit,603729,fixed_10,10,13,0.769231,0.091523,-0.082892,1.104120,0.000000,0.153846,72.059063,"{""big_bull_line"": 8.0, ""max_close_ret"": 9.0, ""min_close_ret"": 2.0, ""signal_cooldown_days"": 7, ""strong_line"": 3.5, ""x15_multiplier"": 1.1}"
activity_breakout,local_optuna_t24_vsplit,603757,formula_exit_or_15,15,42,0.571429,0.049383,-0.031443,1.570574,0.023810,0.000000,69.449298,"{""big_bull_line"": 6.5, ""max_close_ret"": 10.0, ""min_close_ret"": 2.0, ""signal_cooldown_days"": 6, ""strong_line"": 2.5, ""x15_multiplier"": 1.7000000000000002}"
activity_breakout,local_optuna_t24_vsplit,603759,fixed_5,5,13,0.461538,0.032577,-0.035115,0.927711,0.000000,0.000000,54.773170,"{""big_bull_line"": 9.0, ""max_close_ret"": 9.0, ""min_close_ret"": -1.0, ""signal_cooldown_days"": 6, ""strong_line"": 3.0, ""x15_multiplier"": 1.2}"
activity_breakout,local_optuna_t24_vsplit,603767,formula_exit_or_5,5,30,0.566667,0.068757,-0.043607,1.576747,0.000000,0.066667,69.217067,"{""big_bull_line"": 9.0, ""max_close_ret"": 10.0, ""min_close_ret"": 0.0, ""signal_cooldown_days"": 11, ""strong_line"": 2.5, ""x15_multiplier"": 1.3}"
gs_pullback_confirm,local_optuna_t24_vsplit,603803,fixed_60,60,10,1.000000,0.344420,-0.094720,3.636191,0.000000,0.000000,92.480635,"{""ma_pull_high"": 1.03, ""ma_pull_low"": 0.76, ""maxlen_max"": 24, ""maxrun_max"": 5, ""rate_min"": 50, ""sellpct_max"": 40}"
activity_breakout,local_optuna_t24_vsplit,603810,fixed_60,60,41,0.658537,0.077151,-0.130441,0.591462,0.000000,0.000000,67.713410,"{""big_bull_line"": 6.5, ""max_close_ret"": 8.0, ""min_close_ret"": 1.0, ""signal_cooldown_days"": 13, ""strong_line"": 4.0, ""x15_multiplier"": 1.7000000000000002}"
activity_breakout,local_optuna_t24_vsplit,603815,fixed_30,30,35,0.571429,0.036117,-0.107420,0.336224,0.000000,0.000000,56.882547,"{""big_bull_line"": 7.5, ""max_close_ret"": 11.0, ""min_close_ret"": -0.5, ""signal_cooldown_days"": 13, ""strong_line"": 4.0, ""x15_multiplier"": 1.7000000000000002}"
gs_pullback_confirm,local_optuna_t24_vsplit,603817,fixed_60,60,22,0.772727,0.169841,-0.049773,3.412329,0.000000,0.000000,85.243462,"{""ma_pull_high"": 1.02, ""ma_pull_low"": 0.8400000000000001, ""maxlen_max"": 24, ""maxrun_max"": 11, ""rate_min"": 50, ""sellpct_max"": 75}"
activity_breakout,local_optuna_t24_vsplit,603818,formula_exit_or_10,10,44,0.659091,0.030970,-0.031305,0.989328,0.022727,0.000000,59.977320,"{""big_bull_line"": 7.0, ""max_close_ret"": 8.0, ""min_close_ret"": -1.0, ""signal_cooldown_days"": 13, ""strong_line"": 3.0, ""x15_multiplier"": 1.7000000000000002}"
volume_base_breakout,local_optuna_t24_vsplit,603819,fixed_15,15,16,0.625000,0.030744,-0.076813,0.400244,0.000000,0.000000,56.123096,"{""amount_spike_ratio"": 2.0, ""base_ceiling"": 1.28, ""base_floor"": 0.81, ""base_max_days"": 95, ""base_min_days"": 20, ""base_range_max"": 0.45, ""breakout_max_extension"": 1.1, ""breakout_near_high"": 0.9, ""dry_ratio"": 0.5, ""signal_cooldown_days"": 18, ""spike_lookback"": 70, ""spike_ratio"": 2.4, ""warm_ret_max"": 0.16, ""warm_ret_min"": 0.01, ""warm_vol_ratio"": 1.0}"
activity_breakout,local_optuna_t24_vsplit,603822,fixed_60,60,22,0.772727,0.223014,-0.157077,1.419770,0.045455,0.090909,73.917033,"{""big_bull_line"": 9.0, ""max_close_ret"": 9.0, ""min_close_ret"": -1.0, ""signal_cooldown_days"": 11, ""strong_line"": 2.5, ""x15_multiplier"": 1.1}"
activity_breakout,local_optuna_t24_vsplit,603828,formula_exit_or_10,10,16,0.687500,0.086256,-0.053913,1.599930,0.000000,0.000000,73.624652,"{""big_bull_line"": 8.0, ""max_close_ret"": 12.0, ""min_close_ret"": 1.0, ""signal_cooldown_days"": 13, ""strong_line"": 3.0, ""x15_multiplier"": 1.1}"
activity_breakout,local_optuna_t24_vsplit,603855,formula_exit_or_15,15,18,0.666667,0.023600,-0.011800,2.000000,0.000000,0.000000,61.800000,"{""big_bull_line"": 8.5, ""max_close_ret"": 10.0, ""min_close_ret"": 0.5, ""signal_cooldown_days"": 12, ""strong_line"": 2.5, ""x15_multiplier"": 1.3}"
volume_base_breakout,local_optuna_t24_vsplit,603856,formula_exit_or_5,5,9,0.666667,0.024256,-0.010600,2.288260,0.000000,0.000000,62.101646,"{""amount_spike_ratio"": 3.0, ""base_ceiling"": 1.24, ""base_floor"": 0.81, ""base_max_days"": 110, ""base_min_days"": 45, ""base_range_max"": 0.29, ""breakout_max_extension"": 1.09, ""breakout_near_high"": 0.97, ""dry_ratio"": 0.55, ""signal_cooldown_days"": 16, ""spike_lookback"": 70, ""spike_ratio"": 2.2, ""warm_ret_max"": 0.3, ""warm_ret_min"": 0.0, ""warm_vol_ratio"": 1.05}"
activity_breakout,local_optuna_t24_vsplit,603866,formula_exit_or_5,5,28,0.571429,0.022846,-0.011882,1.922753,0.000000,0.000000,58.179838,"{""big_bull_line"": 6.0, ""max_close_ret"": 8.0, ""min_close_ret"": 0.5, ""signal_cooldown_days"": 14, ""strong_line"": 4.0, ""x15_multiplier"": 1.5}"
activity_breakout,local_optuna_t24_vsplit,603867,fixed_20,20,20,0.700000,0.030770,-0.055470,0.554714,0.000000,0.000000,59.158571,"{""big_bull_line"": 8.0, ""max_close_ret"": 8.0, ""min_close_ret"": 1.5, ""signal_cooldown_days"": 12, ""strong_line"": 3.5, ""x15_multiplier"": 1.2}"
activity_breakout,local_optuna_t24_vsplit,603878,fixed_10,10,12,0.750000,0.079142,-0.038025,2.081306,0.000000,0.000000,77.906531,"{""big_bull_line"": 8.5, ""max_close_ret"": 9.0, ""min_close_ret"": 1.5, ""signal_cooldown_days"": 6, ""strong_line"": 3.0, ""x15_multiplier"": 1.1}"
activity_breakout,local_optuna_t24_vsplit,603883,formula_exit_or_5,5,23,0.478261,0.035657,-0.015665,2.276159,0.086957,0.000000,62.687316,"{""big_bull_line"": 6.5, ""max_close_ret"": 13.0, ""min_close_ret"": 1.5, ""signal_cooldown_days"": 13, ""strong_line"": 4.0, ""x15_multiplier"": 1.0}"
gs_raw_buy,local_optuna_t24_vsplit,603889,fixed_60,60,39,0.717949,0.042813,-0.070859,0.604198,0.000000,0.000000,65.965860,"{""down_adjust"": 0.97, ""ema_fallback_span"": 7, ""iterations"": 12, ""signal_cooldown_days"": 9, ""up_adjust"": 1.03, ""x3_ma_windows"": [3, 8, 13, 21]}"
gs_raw_buy,local_optuna_t24_vsplit,603890,fixed_60,60,38,0.578947,0.056566,-0.149353,0.378740,0.000000,0.000000,64.262120,"{""down_adjust"": 0.99, ""ema_fallback_span"": 4, ""iterations"": 8, ""signal_cooldown_days"": 13, ""up_adjust"": 1.01, ""x3_ma_windows"": [3, 5, 10, 20]}"
activity_breakout,local_optuna_t24_vsplit,603893,formula_exit_or_5,5,12,0.750000,0.066750,-0.017242,3.871435,0.083333,0.000000,86.023844,"{""big_bull_line"": 8.5, ""max_close_ret"": 9.0, ""min_close_ret"": -0.5, ""signal_cooldown_days"": 9, ""strong_line"": 3.5, ""x15_multiplier"": 1.0}"
activity_breakout,local_optuna_t24_vsplit,603901,fixed_60,60,14,0.785714,0.087329,-0.166271,0.525217,0.000000,0.000000,71.197513,"{""big_bull_line"": 7.0, ""max_close_ret"": 9.0, ""min_close_ret"": 0.0, ""signal_cooldown_days"": 13, ""strong_line"": 3.5, ""x15_multiplier"": 1.1}"
activity_breakout,local_optuna_t24_vsplit,603912,fixed_10,10,15,0.666667,0.038087,-0.062427,0.610103,0.000000,0.000000,62.093846,"{""big_bull_line"": 9.0, ""max_close_ret"": 8.0, ""min_close_ret"": 1.5, ""signal_cooldown_days"": 8, ""strong_line"": 4.5, ""x15_multiplier"": 1.0}"
activity_breakout,local_optuna_t24_vsplit,603937,fixed_60,60,18,0.611111,0.052844,-0.152339,0.346887,0.000000,0.000000,65.067770,"{""big_bull_line"": 8.5, ""max_close_ret"": 13.0, ""min_close_ret"": 2.0, ""signal_cooldown_days"": 14, ""strong_line"": 4.0, ""x15_multiplier"": 1.3}"
activity_breakout,local_optuna_t24_vsplit,603968,fixed_60,60,21,0.619048,0.055367,-0.114143,0.485065,0.000000,0.000000,65.996752,"{""big_bull_line"": 5.5, ""max_close_ret"": 8.0, ""min_close_ret"": -0.5, ""signal_cooldown_days"": 13, ""strong_line"": 3.0, ""x15_multiplier"": 1.0}"
gs_raw_buy,local_optuna_t24_vsplit,603970,fixed_20,20,35,0.600000,0.005554,-0.055597,0.099902,0.000000,0.000000,41.276655,"{""down_adjust"": 0.97, ""ema_fallback_span"": 6, ""iterations"": 8, ""signal_cooldown_days"": 15, ""up_adjust"": 1.02, ""x3_ma_windows"": [3, 8, 13, 21]}"
volume_base_breakout,local_optuna_t24_vsplit,603976,fixed_20,20,15,0.733333,0.033633,-0.054160,0.621000,0.066667,0.000000,61.254998,"{""amount_spike_ratio"": 2.6, ""base_ceiling"": 1.28, ""base_floor"": 0.75, ""base_max_days"": 115, ""base_min_days"": 20, ""base_range_max"": 0.45, ""breakout_max_extension"": 1.05, ""breakout_near_high"": 0.92, ""dry_ratio"": 0.55, ""signal_cooldown_days"": 13, ""spike_lookback"": 70, ""spike_ratio"": 2.4, ""warm_ret_max"": 0.3, ""warm_ret_min"": -0.01, ""warm_vol_ratio"": 1.05}"
volume_base_breakout,local_optuna_t24_vsplit,603977,fixed_60,60,11,0.818182,0.123855,-0.115400,1.073263,0.090909,0.000000,74.002678,"{""amount_spike_ratio"": 2.6, ""base_ceiling"": 1.4, ""base_floor"": 0.85, ""base_max_days"": 85, ""base_min_days"": 30, ""base_range_max"": 0.27, ""breakout_max_extension"": 1.1, ""breakout_near_high"": 0.9400000000000001, ""dry_ratio"": 0.44999999999999996, ""signal_cooldown_days"": 10, ""spike_lookback"": 70, ""spike_ratio"": 3.2, ""warm_ret_max"": 0.24, ""warm_ret_min"": 0.01, ""warm_vol_ratio"": 0.75}"
volume_base_breakout,local_optuna_t24_vsplit,603978,fixed_20,20,9,0.888889,0.228722,-0.053778,4.253099,0.000000,0.000000,90.199235,"{""amount_spike_ratio"": 2.6, ""base_ceiling"": 1.3199999999999998, ""base_floor"": 0.8200000000000001, ""base_max_days"": 75, ""base_min_days"": 20, ""base_range_max"": 0.39, ""breakout_max_extension"": 1.11, ""breakout_near_high"": 0.92, ""dry_ratio"": 0.5, ""signal_cooldown_days"": 16, ""spike_lookback"": 120, ""spike_ratio"": 2.4, ""warm_ret_max"": 0.18, ""warm_ret_min"": 0.03, ""warm_vol_ratio"": 0.8}"
gs_raw_buy,local_optuna_t24_vsplit,603987,fixed_5,5,44,0.590909,0.013855,-0.018600,0.744868,0.000000,0.000000,48.378886,"{""down_adjust"": 0.99, ""ema_fallback_span"": 3, ""iterations"": 9, ""signal_cooldown_days"": 9, ""up_adjust"": 1.04, ""x3_ma_windows"": [3, 5, 10, 20]}"
activity_breakout,local_optuna_t24_vsplit,603988,fixed_30,30,20,0.800000,0.149515,-0.095930,1.558584,0.050000,0.000000,76.292922,"{""big_bull_line"": 9.0, ""max_close_ret"": 8.0, ""min_close_ret"": 1.0, ""signal_cooldown_days"": 6, ""strong_line"": 2.5, ""x15_multiplier"": 1.2}"
activity_breakout,local_optuna_t24_vsplit,603997,fixed_30,30,22,0.636364,0.062045,-0.139827,0.443729,0.045455,0.000000,65.855010,"{""big_bull_line"": 9.0, ""max_close_ret"": 8.0, ""min_close_ret"": -0.5, ""signal_cooldown_days"": 7, ""strong_line"": 3.0, ""x15_multiplier"": 1.1}"
gs_raw_buy,local_optuna_t24_vsplit,603997,fixed_30,30,29,0.551724,0.052466,-0.097538,0.537899,0.000000,0.000000,64.241217,"{""down_adjust"": 0.97, ""ema_fallback_span"": 5, ""iterations"": 8, ""signal_cooldown_days"": 16, ""up_adjust"": 1.03, ""x3_ma_windows"": [5, 10, 20, 30]}"
gs_pullback_confirm,local_optuna_t24_vsplit,603999,fixed_60,60,16,1.000000,0.122369,-0.054263,2.255126,0.000000,0.000000,86.275628,"{""ma_pull_high"": 0.97, ""ma_pull_low"": 0.8400000000000001, ""maxlen_max"": 24, ""maxrun_max"": 6, ""rate_min"": 45, ""sellpct_max"": 55}"
gs_raw_buy,local_optuna_t24_vsplit,603999,fixed_15,15,32,0.718750,0.033925,-0.051547,0.658139,0.000000,0.000000,61.815694,"{""down_adjust"": 0.97, ""ema_fallback_span"": 4, ""iterations"": 11, ""signal_cooldown_days"": 13, ""up_adjust"": 1.02, ""x3_ma_windows"": [5, 10, 20, 30]}"
activity_breakout,local_optuna_t24_vsplit,605001,fixed_30,30,39,0.641026,0.069336,-0.083703,0.828360,0.025641,0.000000,68.116161,"{""big_bull_line"": 7.5, ""max_close_ret"": 10.0, ""min_close_ret"": 1.5, ""signal_cooldown_days"": 6, ""strong_line"": 4.0, ""x15_multiplier"": 1.8}"
activity_breakout,local_optuna_t24_vsplit,605007,formula_exit_or_5,5,12,0.583333,0.033200,-0.019208,1.728416,0.166667,0.000000,61.075416,"{""big_bull_line"": 8.0, ""max_close_ret"": 10.0, ""min_close_ret"": -1.0, ""signal_cooldown_days"": 13, ""strong_line"": 3.0, ""x15_multiplier"": 1.1}"
gs_raw_buy,local_optuna_t24_vsplit,605007,fixed_20,20,39,0.564103,0.036287,-0.044564,0.814269,0.025641,0.000000,58.881603,"{""down_adjust"": 0.98, ""ema_fallback_span"": 4, ""iterations"": 7, ""signal_cooldown_days"": 11, ""up_adjust"": 1.02, ""x3_ma_windows"": [3, 5, 10, 20]}"
activity_breakout,local_optuna_t24_vsplit,605008,fixed_30,30,16,0.687500,0.048669,-0.097450,0.499423,0.000000,0.000000,67.456489,"{""big_bull_line"": 9.0, ""max_close_ret"": 10.0, ""min_close_ret"": 1.0, ""signal_cooldown_days"": 7, ""strong_line"": 4.0, ""x15_multiplier"": 1.2}"
activity_breakout,local_optuna_t24_vsplit,605018,fixed_10,10,38,0.631579,0.038016,-0.035713,1.064476,0.000000,0.000000,63.277642,"{""big_bull_line"": 6.0, ""max_close_ret"": 11.0, ""min_close_ret"": 1.5, ""signal_cooldown_days"": 14, ""strong_line"": 4.5, ""x15_multiplier"": 1.5}"
gs_pullback_confirm,local_optuna_t24_vsplit,605028,fixed_60,60,11,1.000000,0.181900,-0.093255,1.950575,0.000000,0.000000,84.752876,"{""ma_pull_high"": 0.96, ""ma_pull_low"": 0.7000000000000001, ""maxlen_max"": 14, ""maxrun_max"": 12, ""rate_min"": 25, ""sellpct_max"": 75}"
activity_breakout,local_optuna_t24_vsplit,605058,fixed_60,60,39,0.743590,0.058995,-0.108395,0.544259,0.000000,0.000000,70.028987,"{""big_bull_line"": 6.0, ""max_close_ret"": 8.0, ""min_close_ret"": 2.0, ""signal_cooldown_days"": 9, ""strong_line"": 3.5, ""x15_multiplier"": 1.7000000000000002}"
activity_breakout,local_optuna_t24_vsplit,605081,fixed_10,10,13,0.692308,0.044131,-0.077777,0.567402,0.000000,0.000000,65.671625,"{""big_bull_line"": 8.5, ""max_close_ret"": 8.0, ""min_close_ret"": 0.5, ""signal_cooldown_days"": 14, ""strong_line"": 4.5, ""x15_multiplier"": 1.1}"
activity_breakout,local_optuna_t24_vsplit,605086,fixed_20,20,20,0.800000,0.105385,-0.058595,1.798532,0.000000,0.000000,77.992661,"{""big_bull_line"": 7.0, ""max_close_ret"": 8.0, ""min_close_ret"": 2.0, ""signal_cooldown_days"": 8, ""strong_line"": 2.5, ""x15_multiplier"": 1.0}"
volume_base_breakout,local_optuna_t24_vsplit,605090,fixed_30,30,11,1.000000,0.150155,-0.028991,5.179367,0.000000,0.000000,95.000000,"{""amount_spike_ratio"": 2.2, ""base_ceiling"": 1.2, ""base_floor"": 0.87, ""base_max_days"": 75, ""base_min_days"": 35, ""base_range_max"": 0.37, ""breakout_max_extension"": 1.1, ""breakout_near_high"": 0.9500000000000001, ""dry_ratio"": 0.5, ""signal_cooldown_days"": 10, ""spike_lookback"": 70, ""spike_ratio"": 2.6, ""warm_ret_max"": 0.26, ""warm_ret_min"": 0.0, ""warm_vol_ratio"": 0.85}"
activity_breakout,local_optuna_t24_vsplit,605100,fixed_60,60,41,0.609756,0.119768,-0.120873,0.990859,0.000000,0.000000,68.246979,"{""big_bull_line"": 6.0, ""max_close_ret"": 9.0, ""min_close_ret"": 2.0, ""signal_cooldown_days"": 8, ""strong_line"": 3.5, ""x15_multiplier"": 1.7000000000000002}"
activity_breakout,local_optuna_t24_vsplit,605111,fixed_5,5,37,0.567568,0.087895,-0.046503,1.890096,0.027027,0.000000,71.207239,"{""big_bull_line"": 8.5, ""max_close_ret"": 12.0, ""min_close_ret"": 1.5, ""signal_cooldown_days"": 9, ""strong_line"": 3.5, ""x15_multiplier"": 1.2}"
gs_raw_buy,local_optuna_t24_vsplit,605122,fixed_10,10,32,0.562500,0.016413,-0.055309,0.296740,0.031250,0.000000,46.252450,"{""down_adjust"": 0.96, ""ema_fallback_span"": 3, ""iterations"": 10, ""signal_cooldown_days"": 15, ""up_adjust"": 1.01, ""x3_ma_windows"": [5, 10, 20, 30]}"
volume_base_breakout,local_optuna_t24_vsplit,605122,formula_exit_or_10,10,9,0.888889,0.055689,-0.017867,3.116915,0.000000,0.000000,85.783812,"{""amount_spike_ratio"": 2.8, ""base_ceiling"": 1.3, ""base_floor"": 0.85, ""base_max_days"": 80, ""base_min_days"": 30, ""base_range_max"": 0.41000000000000003, ""breakout_max_extension"": 1.1, ""breakout_near_high"": 0.9, ""dry_ratio"": 0.55, ""signal_cooldown_days"": 17, ""spike_lookback"": 70, ""spike_ratio"": 3.2, ""warm_ret_max"": 0.26, ""warm_ret_min"": 0.019999999999999997, ""warm_vol_ratio"": 0.75}"
activity_breakout,local_optuna_t24_vsplit,605128,formula_exit_or_10,10,53,0.566038,0.055975,-0.026460,2.115445,0.037736,0.000000,72.180998,"{""big_bull_line"": 7.0, ""max_close_ret"": 12.0, ""min_close_ret"": 1.0, ""signal_cooldown_days"": 13, ""strong_line"": 3.0, ""x15_multiplier"": 1.7000000000000002}"
gs_pullback_confirm,local_optuna_t24_vsplit,605167,fixed_60,60,28,0.892857,0.058586,-0.047029,1.245747,0.000000,0.000000,78.014451,"{""ma_pull_high"": 1.04, ""ma_pull_low"": 0.8600000000000001, ""maxlen_max"": 24, ""maxrun_max"": 10, ""rate_min"": 30, ""sellpct_max"": 65}"
gs_raw_buy,local_optuna_t24_vsplit,605177,formula_exit_or_20,20,32,0.500000,0.026863,-0.034797,0.771980,0.000000,0.000000,52.291151,"{""down_adjust"": 0.98, ""ema_fallback_span"": 6, ""iterations"": 9, ""signal_cooldown_days"": 16, ""up_adjust"": 1.04, ""x3_ma_windows"": [3, 5, 10, 20]}"
gs_raw_buy,local_optuna_t24_vsplit,605179,formula_exit_or_10,10,37,0.459459,0.056089,-0.033603,1.669187,0.000000,0.027027,66.859448,"{""down_adjust"": 0.98, ""ema_fallback_span"": 3, ""iterations"": 11, ""signal_cooldown_days"": 14, ""up_adjust"": 1.02, ""x3_ma_windows"": [3, 5, 10, 20]}"
activity_breakout,local_optuna_t24_vsplit,605186,fixed_15,15,28,0.642857,0.062450,-0.071339,0.875394,0.035714,0.000000,68.305543,"{""big_bull_line"": 9.0, ""max_close_ret"": 9.0, ""min_close_ret"": 0.0, ""signal_cooldown_days"": 7, ""strong_line"": 4.0, ""x15_multiplier"": 1.1}"
volume_base_breakout,local_optuna_t24_vsplit,605189,fixed_10,10,10,0.700000,0.024340,-0.057370,0.424264,0.000000,0.000000,54.590999,"{""amount_spike_ratio"": 2.2, ""base_ceiling"": 1.3399999999999999, ""base_floor"": 0.79, ""base_max_days"": 70, ""base_min_days"": 40, ""base_range_max"": 0.45, ""breakout_max_extension"": 1.1, ""breakout_near_high"": 0.93, ""dry_ratio"": 0.39999999999999997, ""signal_cooldown_days"": 17, ""spike_lookback"": 70, ""spike_ratio"": 2.6, ""warm_ret_max"": 0.18, ""warm_ret_min"": 0.01, ""warm_vol_ratio"": 0.85}"
volume_base_breakout,local_optuna_t24_vsplit,605218,fixed_30,30,13,0.846154,0.089846,-0.080154,1.120921,0.000000,0.000000,75.989222,"{""amount_spike_ratio"": 3.0, ""base_ceiling"": 1.46, ""base_floor"": 0.87, ""base_max_days"": 95, ""base_min_days"": 30, ""base_range_max"": 0.37, ""breakout_max_extension"": 1.08, ""breakout_near_high"": 0.93, ""dry_ratio"": 0.39999999999999997, ""signal_cooldown_days"": 11, ""spike_lookback"": 90, ""spike_ratio"": 2.0, ""warm_ret_max"": 0.18, ""warm_ret_min"": 0.019999999999999997, ""warm_vol_ratio"": 0.8}"
activity_breakout,local_optuna_t24_vsplit,605258,fixed_60,60,37,0.567568,0.067089,-0.134043,0.500504,0.027027,0.027027,63.989007,"{""big_bull_line"": 6.0, ""max_close_ret"": 14.0, ""min_close_ret"": 0.0, ""signal_cooldown_days"": 14, ""strong_line"": 2.5, ""x15_multiplier"": 1.3}"
activity_breakout,local_optuna_t24_vsplit,605268,fixed_20,20,21,0.619048,0.039305,-0.063186,0.622051,0.000000,0.000000,61.334067,"{""big_bull_line"": 8.0, ""max_close_ret"": 9.0, ""min_close_ret"": -0.5, ""signal_cooldown_days"": 14, ""strong_line"": 4.5, ""x15_multiplier"": 1.3}"
activity_breakout,local_optuna_t24_vsplit,605358,formula_exit_or_5,5,40,0.575000,0.026517,-0.027243,0.973387,0.050000,0.000000,54.875686,"{""big_bull_line"": 6.0, ""max_close_ret"": 11.0, ""min_close_ret"": 1.5, ""signal_cooldown_days"": 14, ""strong_line"": 4.5, ""x15_multiplier"": 1.3}"
activity_breakout,local_optuna_t24_vsplit,605366,fixed_60,60,36,0.527778,0.124078,-0.159097,0.779887,0.000000,0.000000,64.732766,"{""big_bull_line"": 6.0, ""max_close_ret"": 9.0, ""min_close_ret"": 1.0, ""signal_cooldown_days"": 8, ""strong_line"": 3.5, ""x15_multiplier"": 1.3}"
activity_breakout,local_optuna_t24_vsplit,605377,fixed_5,5,34,0.735294,0.069535,-0.018459,3.767049,0.000000,0.029412,85.599951,"{""big_bull_line"": 8.0, ""max_close_ret"": 14.0, ""min_close_ret"": -1.0, ""signal_cooldown_days"": 9, ""strong_line"": 4.5, ""x15_multiplier"": 1.6}"
volume_base_breakout,local_optuna_t24_vsplit,605377,fixed_60,60,11,0.727273,0.060509,-0.053545,1.130051,0.000000,0.000000,72.468436,"{""amount_spike_ratio"": 3.0, ""base_ceiling"": 1.3399999999999999, ""base_floor"": 0.85, ""base_max_days"": 105, ""base_min_days"": 30, ""base_range_max"": 0.29, ""breakout_max_extension"": 1.07, ""breakout_near_high"": 0.9, ""dry_ratio"": 0.5, ""signal_cooldown_days"": 10, ""spike_lookback"": 70, ""spike_ratio"": 2.6, ""warm_ret_max"": 0.18, ""warm_ret_min"": 0.0, ""warm_vol_ratio"": 1.0}"
activity_breakout,local_optuna_t24_vsplit,605378,fixed_10,10,43,0.604651,0.048144,-0.052247,0.921481,0.023256,0.023256,66.353918,"{""big_bull_line"": 5.5, ""max_close_ret"": 13.0, ""min_close_ret"": 2.0, ""signal_cooldown_days"": 12, ""strong_line"": 2.5, ""x15_multiplier"": 1.7000000000000002}"
activity_breakout,local_optuna_t24_vsplit,605555,fixed_5,5,51,0.549020,0.028955,-0.024216,1.195709,0.000000,0.000000,56.926582,"{""big_bull_line"": 5.5, ""max_close_ret"": 9.0, ""min_close_ret"": 0.5, ""signal_cooldown_days"": 13, ""strong_line"": 4.0, ""x15_multiplier"": 1.3}"
activity_breakout,local_optuna_t24_vsplit,605567,fixed_5,5,37,0.567568,0.011165,-0.029546,0.377881,0.000000,0.000000,44.498867,"{""big_bull_line"": 5.5, ""max_close_ret"": 9.0, ""min_close_ret"": 2.0, ""signal_cooldown_days"": 14, ""strong_line"": 4.0, ""x15_multiplier"": 1.7000000000000002}"
gs_pullback_confirm,local_optuna_t24_vsplit,605567,fixed_60,60,9,1.000000,0.077911,-0.103056,0.756011,0.000000,0.000000,77.312622,"{""ma_pull_high"": 1.04, ""ma_pull_low"": 0.68, ""maxlen_max"": 11, ""maxrun_max"": 10, ""rate_min"": 25, ""sellpct_max"": 40}"
activity_breakout,local_optuna_t24_vsplit,605588,fixed_60,60,48,0.625000,0.050477,-0.137740,0.366468,0.020833,0.020833,65.165671,"{""big_bull_line"": 5.5, ""max_close_ret"": 9.0, ""min_close_ret"": 1.5, ""signal_cooldown_days"": 12, ""strong_line"": 3.0, ""x15_multiplier"": 1.7000000000000002}"
activity_breakout,local_optuna_t24_vsplit,605589,fixed_60,60,20,0.650000,0.024050,-0.138650,0.173458,0.050000,0.000000,51.892292,"{""big_bull_line"": 7.5, ""max_close_ret"": 14.0, ""min_close_ret"": 0.5, ""signal_cooldown_days"": 9, ""strong_line"": 4.5, ""x15_multiplier"": 1.0}"
gs_pullback_confirm,local_optuna_t24_vsplit,688002,fixed_60,60,11,1.000000,0.272564,-0.046309,5.885748,0.000000,0.000000,95.000000,"{""ma_pull_high"": 1.04, ""ma_pull_low"": 0.76, ""maxlen_max"": 24, ""maxrun_max"": 6, ""rate_min"": 50, ""sellpct_max"": 40}"
activity_breakout,local_optuna_t24_vsplit,688008,fixed_15,15,20,0.800000,0.085990,-0.049380,1.741393,0.000000,0.000000,77.706966,"{""big_bull_line"": 9.0, ""max_close_ret"": 10.0, ""min_close_ret"": -0.5, ""signal_cooldown_days"": 14, ""strong_line"": 4.0, ""x15_multiplier"": 1.2}"
activity_breakout,local_optuna_t24_vsplit,688010,fixed_15,15,32,0.656250,0.069462,-0.081822,0.848948,0.000000,0.000000,68.932239,"{""big_bull_line"": 8.0, ""max_close_ret"": 8.0, ""min_close_ret"": 1.0, ""signal_cooldown_days"": 7, ""strong_line"": 2.5, ""x15_multiplier"": 1.2}"
activity_breakout,local_optuna_t24_vsplit,688013,fixed_20,20,25,0.640000,0.070144,-0.062672,1.119224,0.000000,0.000000,69.796119,"{""big_bull_line"": 9.0, ""max_close_ret"": 11.0, ""min_close_ret"": 0.5, ""signal_cooldown_days"": 8, ""strong_line"": 3.0, ""x15_multiplier"": 1.5}"
activity_breakout,local_optuna_t24_vsplit,688015,fixed_20,20,12,0.750000,0.080683,-0.072175,1.117885,0.000000,0.000000,73.089424,"{""big_bull_line"": 8.5, ""max_close_ret"": 11.0, ""min_close_ret"": 0.5, ""signal_cooldown_days"": 11, ""strong_line"": 4.0, ""x15_multiplier"": 1.1}"
gs_raw_buy,local_optuna_t24_vsplit,688023,formula_exit_or_5,5,28,0.607143,0.056096,-0.039239,1.429599,0.000000,0.000000,70.362279,"{""down_adjust"": 0.97, ""ema_fallback_span"": 7, ""iterations"": 10, ""signal_cooldown_days"": 14, ""up_adjust"": 1.03, ""x3_ma_windows"": [5, 10, 20, 30]}"
activity_breakout,local_optuna_t24_vsplit,688035,formula_exit_or_15,15,31,0.516129,0.036513,-0.053532,0.682073,0.000000,0.000000,57.150687,"{""big_bull_line"": 7.0, ""max_close_ret"": 11.0, ""min_close_ret"": -0.5, ""signal_cooldown_days"": 11, ""strong_line"": 3.0, ""x15_multiplier"": 1.1}"
activity_breakout,local_optuna_t24_vsplit,688036,formula_exit_or_5,5,41,0.560976,0.022020,-0.014585,1.509699,0.000000,0.000000,55.387519,"{""big_bull_line"": 6.5, ""max_close_ret"": 8.0, ""min_close_ret"": 0.5, ""signal_cooldown_days"": 9, ""strong_line"": 2.5, ""x15_multiplier"": 1.1}"
gs_raw_buy,local_optuna_t24_vsplit,688046,fixed_15,15,31,0.677419,0.040665,-0.064294,0.632482,0.032258,0.000000,63.494668,"{""down_adjust"": 0.98, ""ema_fallback_span"": 6, ""iterations"": 8, ""signal_cooldown_days"": 16, ""up_adjust"": 1.02, ""x3_ma_windows"": [3, 5, 10, 20]}"
activity_breakout,local_optuna_t24_vsplit,688058,formula_exit_or_10,10,27,0.666667,0.050741,-0.039019,1.300427,0.037037,0.000000,71.131765,"{""big_bull_line"": 8.0, ""max_close_ret"": 13.0, ""min_close_ret"": 2.0, ""signal_cooldown_days"": 8, ""strong_line"": 3.0, ""x15_multiplier"": 1.0}"
activity_breakout,local_optuna_t24_vsplit,688060,fixed_20,20,18,0.611111,0.043622,-0.080572,0.541405,0.000000,0.000000,62.851471,"{""big_bull_line"": 7.5, ""max_close_ret"": 8.0, ""min_close_ret"": -1.0, ""signal_cooldown_days"": 9, ""strong_line"": 2.5, ""x15_multiplier"": 1.1}"
activity_breakout,local_optuna_t24_vsplit,688065,formula_exit_or_5,5,16,0.687500,0.051069,-0.027994,1.824291,0.000000,0.000000,74.746456,"{""big_bull_line"": 9.0, ""max_close_ret"": 14.0, ""min_close_ret"": -1.0, ""signal_cooldown_days"": 11, ""strong_line"": 2.5, ""x15_multiplier"": 1.2}"
volume_base_breakout,local_optuna_t24_vsplit,688069,formula_exit_or_60,60,14,0.642857,0.066021,-0.017407,3.792778,0.000000,0.000000,83.249604,"{""amount_spike_ratio"": 2.6, ""base_ceiling"": 1.3199999999999998, ""base_floor"": 0.83, ""base_max_days"": 100, ""base_min_days"": 40, ""base_range_max"": 0.29, ""breakout_max_extension"": 1.1, ""breakout_near_high"": 0.9, ""dry_ratio"": 0.44999999999999996, ""signal_cooldown_days"": 11, ""spike_lookback"": 120, ""spike_ratio"": 2.8, ""warm_ret_max"": 0.26, ""warm_ret_min"": 0.019999999999999997, ""warm_vol_ratio"": 0.8}"
activity_breakout,local_optuna_t24_vsplit,688077,fixed_15,15,27,0.703704,0.058296,-0.077067,0.756440,0.000000,0.000000,69.893310,"{""big_bull_line"": 8.5, ""max_close_ret"": 9.0, ""min_close_ret"": 1.5, ""signal_cooldown_days"": 9, ""strong_line"": 3.5, ""x15_multiplier"": 1.2}"
activity_breakout,local_optuna_t24_vsplit,688079,fixed_15,15,24,0.625000,0.037913,-0.081067,0.467671,0.000000,0.000000,60.044603,"{""big_bull_line"": 9.0, ""max_close_ret"": 8.0, ""min_close_ret"": -1.0, ""signal_cooldown_days"": 14, ""strong_line"": 3.0, ""x15_multiplier"": 1.3}"
gs_pullback_confirm,local_optuna_t24_vsplit,688087,fixed_60,60,16,0.687500,0.153881,-0.132981,1.157165,0.000000,0.000000,71.410825,"{""ma_pull_high"": 1.04, ""ma_pull_low"": 0.68, ""maxlen_max"": 20, ""maxrun_max"": 12, ""rate_min"": 25, ""sellpct_max"": 65}"
activity_breakout,local_optuna_t24_vsplit,688126,formula_exit_or_5,5,28,0.642857,0.028146,-0.023282,1.208928,0.000000,0.000000,59.403567,"{""big_bull_line"": 5.5, ""max_close_ret"": 12.0, ""min_close_ret"": 0.5, ""signal_cooldown_days"": 11, ""strong_line"": 4.0, ""x15_multiplier"": 1.0}"
activity_breakout,local_optuna_t24_vsplit,688138,fixed_5,5,33,0.696970,0.038106,-0.040791,0.934180,0.000000,0.000000,64.633022,"{""big_bull_line"": 7.5, ""max_close_ret"": 14.0, ""min_close_ret"": 1.0, ""signal_cooldown_days"": 10, ""strong_line"": 4.0, ""x15_multiplier"": 1.2}"
activity_breakout,local_optuna_t24_vsplit,688150,fixed_20,20,24,0.666667,0.116854,-0.089987,1.298560,0.000000,0.000000,71.492800,"{""big_bull_line"": 8.0, ""max_close_ret"": 13.0, ""min_close_ret"": 1.0, ""signal_cooldown_days"": 11, ""strong_line"": 4.5, ""x15_multiplier"": 1.0}"
gs_raw_buy,local_optuna_t24_vsplit,688156,fixed_30,30,35,0.657143,0.048266,-0.086266,0.559501,0.000000,0.000000,66.644646,"{""down_adjust"": 0.98, ""ema_fallback_span"": 7, ""iterations"": 11, ""signal_cooldown_days"": 11, ""up_adjust"": 1.03, ""x3_ma_windows"": [3, 8, 13, 21]}"
activity_breakout,local_optuna_t24_vsplit,688157,fixed_15,15,47,0.595745,0.062877,-0.048779,1.289017,0.000000,0.000000,69.317425,"{""big_bull_line"": 5.5, ""max_close_ret"": 11.0, ""min_close_ret"": 2.0, ""signal_cooldown_days"": 13, ""strong_line"": 2.5, ""x15_multiplier"": 1.5}"
gs_pullback_confirm,local_optuna_t24_vsplit,688158,fixed_60,60,11,0.727273,0.616536,-0.142727,4.319682,0.000000,0.000000,86.818182,"{""ma_pull_high"": 1.01, ""ma_pull_low"": 0.74, ""maxlen_max"": 24, ""maxrun_max"": 9, ""rate_min"": 25, ""sellpct_max"": 65}"
activity_breakout,local_optuna_t24_vsplit,688159,formula_exit_or_20,20,47,0.553191,0.077055,-0.062436,1.234146,0.000000,0.000000,67.766472,"{""big_bull_line"": 8.0, ""max_close_ret"": 10.0, ""min_close_ret"": -1.0, ""signal_cooldown_days"": 14, ""strong_line"": 2.5, ""x15_multiplier"": 1.5}"
gs_pullback_confirm,local_optuna_t24_vsplit,688159,fixed_30,30,11,1.000000,0.258264,-0.088173,2.929065,0.000000,0.000000,89.645324,"{""ma_pull_high"": 1.0, ""ma_pull_low"": 0.68, ""maxlen_max"": 18, ""maxrun_max"": 5, ""rate_min"": 25, ""sellpct_max"": 70}"
volume_base_breakout,local_optuna_t24_vsplit,688168,fixed_10,10,9,0.888889,0.111511,-0.046933,2.375947,0.000000,0.000000,82.078970,"{""amount_spike_ratio"": 2.2, ""base_ceiling"": 1.24, ""base_floor"": 0.86, ""base_max_days"": 65, ""base_min_days"": 25, ""base_range_max"": 0.39, ""breakout_max_extension"": 1.05, ""breakout_near_high"": 0.91, ""dry_ratio"": 0.44999999999999996, ""signal_cooldown_days"": 18, ""spike_lookback"": 120, ""spike_ratio"": 3.2, ""warm_ret_max"": 0.22, ""warm_ret_min"": 0.019999999999999997, ""warm_vol_ratio"": 1.05}"
gs_raw_buy,local_optuna_t24_vsplit,688169,fixed_5,5,30,0.500000,0.055947,-0.035657,1.569038,0.000000,0.000000,67.845190,"{""down_adjust"": 0.96, ""ema_fallback_span"": 4, ""iterations"": 6, ""signal_cooldown_days"": 15, ""up_adjust"": 1.04, ""x3_ma_windows"": [5, 10, 20, 30]}"
activity_breakout,local_optuna_t24_vsplit,688177,formula_exit_or_10,10,34,0.588235,0.034474,-0.035165,0.980345,0.000000,0.000000,59.785547,"{""big_bull_line"": 6.5, ""max_close_ret"": 12.0, ""min_close_ret"": -0.5, ""signal_cooldown_days"": 12, ""strong_line"": 4.0, ""x15_multiplier"": 1.1}"
gs_raw_buy,local_optuna_t24_vsplit,688177,fixed_60,60,34,0.617647,0.049324,-0.144818,0.340591,0.000000,0.000000,64.894129,"{""down_adjust"": 0.99, ""ema_fallback_span"": 5, ""iterations"": 10, ""signal_cooldown_days"": 14, ""up_adjust"": 1.04, ""x3_ma_windows"": [3, 5, 10, 20]}"
gs_pullback_confirm,local_optuna_t24_vsplit,688183,fixed_60,60,16,1.000000,0.453931,-0.145694,3.115654,0.000000,0.000000,90.578268,"{""ma_pull_high"": 0.97, ""ma_pull_low"": 0.74, ""maxlen_max"": 19, ""maxrun_max"": 9, ""rate_min"": 25, ""sellpct_max"": 60}"
gs_pullback_confirm,local_optuna_t24_vsplit,688186,fixed_60,60,15,0.866667,0.243953,-0.066147,3.688067,0.000000,0.000000,89.440335,"{""ma_pull_high"": 0.98, ""ma_pull_low"": 0.8, ""maxlen_max"": 23, ""maxrun_max"": 11, ""rate_min"": 50, ""sellpct_max"": 70}"
gs_raw_buy,local_optuna_t24_vsplit,688188,formula_exit_or_5,5,38,0.526316,0.026816,-0.025221,1.063230,0.026316,0.000000,54.250362,"{""down_adjust"": 0.96, ""ema_fallback_span"": 5, ""iterations"": 9, ""signal_cooldown_days"": 11, ""up_adjust"": 1.04, ""x3_ma_windows"": [3, 8, 13, 21]}"
activity_breakout,local_optuna_t24_vsplit,688190,formula_exit_or_10,10,23,0.695652,0.026813,-0.023096,1.160956,0.000000,0.000000,60.080869,"{""big_bull_line"": 9.0, ""max_close_ret"": 12.0, ""min_close_ret"": -0.5, ""signal_cooldown_days"": 13, ""strong_line"": 3.0, ""x15_multiplier"": 1.1}"
activity_breakout,local_optuna_t24_vsplit,688193,fixed_20,20,37,0.594595,0.039214,-0.075551,0.519031,0.000000,0.000000,60.039751,"{""big_bull_line"": 8.5, ""max_close_ret"": 10.0, ""min_close_ret"": -0.5, ""signal_cooldown_days"": 11, ""strong_line"": 2.5, ""x15_multiplier"": 1.8}"
gs_pullback_confirm,local_optuna_t24_vsplit,688195,fixed_30,30,13,1.000000,0.401638,-0.066408,6.048071,0.000000,0.000000,95.000000,"{""ma_pull_high"": 1.03, ""ma_pull_low"": 0.8, ""maxlen_max"": 14, ""maxrun_max"": 12, ""rate_min"": 50, ""sellpct_max"": 65}"
activity_breakout,local_optuna_t24_vsplit,688199,fixed_60,60,28,0.464286,0.043232,-0.161279,0.268059,0.000000,0.000000,56.884937,"{""big_bull_line"": 8.0, ""max_close_ret"": 8.0, ""min_close_ret"": -1.0, ""signal_cooldown_days"": 8, ""strong_line"": 3.5, ""x15_multiplier"": 1.3}"
activity_breakout,local_optuna_t24_vsplit,688200,formula_exit_or_5,5,56,0.607143,0.032659,-0.032725,0.997981,0.000000,0.000000,59.533655,"{""big_bull_line"": 6.0, ""max_close_ret"": 13.0, ""min_close_ret"": 1.5, ""signal_cooldown_days"": 10, ""strong_line"": 2.5, ""x15_multiplier"": 1.2}"
gs_raw_buy,local_optuna_t24_vsplit,688200,formula_exit_or_5,5,31,0.612903,0.032252,-0.043148,0.747458,0.000000,0.000000,58.250194,"{""down_adjust"": 0.98, ""ema_fallback_span"": 6, ""iterations"": 11, ""signal_cooldown_days"": 14, ""up_adjust"": 1.03, ""x3_ma_windows"": [5, 10, 20, 30]}"
volume_base_breakout,local_optuna_t24_vsplit,688203,fixed_5,5,11,0.818182,0.027973,-0.039255,0.712598,0.000000,0.000000,62.094810,"{""amount_spike_ratio"": 2.4, ""base_ceiling"": 1.28, ""base_floor"": 0.8, ""base_max_days"": 80, ""base_min_days"": 25, ""base_range_max"": 0.33, ""breakout_max_extension"": 1.06, ""breakout_near_high"": 0.91, ""dry_ratio"": 0.35, ""signal_cooldown_days"": 14, ""spike_lookback"": 70, ""spike_ratio"": 2.8, ""warm_ret_max"": 0.26, ""warm_ret_min"": 0.0, ""warm_vol_ratio"": 1.0}"
volume_base_breakout,local_optuna_t24_vsplit,688219,fixed_15,15,9,0.777778,0.073156,-0.031433,2.327324,0.000000,0.000000,78.502522,"{""amount_spike_ratio"": 2.6, ""base_ceiling"": 1.5, ""base_floor"": 0.8, ""base_max_days"": 75, ""base_min_days"": 40, ""base_range_max"": 0.39, ""breakout_max_extension"": 1.09, ""breakout_near_high"": 0.9400000000000001, ""dry_ratio"": 0.5, ""signal_cooldown_days"": 18, ""spike_lookback"": 70, ""spike_ratio"": 2.8, ""warm_ret_max"": 0.26, ""warm_ret_min"": 0.03, ""warm_vol_ratio"": 0.85}"
activity_breakout,local_optuna_t24_vsplit,688222,fixed_30,30,38,0.631579,0.075395,-0.116303,0.648263,0.000000,0.000000,67.188685,"{""big_bull_line"": 9.0, ""max_close_ret"": 11.0, ""min_close_ret"": 1.5, ""signal_cooldown_days"": 7, ""strong_line"": 2.5, ""x15_multiplier"": 1.4}"
gs_raw_buy,local_optuna_t24_vsplit,688253,fixed_20,20,28,0.642857,0.060482,-0.062236,0.971824,0.000000,0.000000,69.144833,"{""down_adjust"": 0.96, ""ema_fallback_span"": 4, ""iterations"": 8, ""signal_cooldown_days"": 16, ""up_adjust"": 1.04, ""x3_ma_windows"": [5, 10, 20, 30]}"
gs_pullback_confirm,local_optuna_t24_vsplit,688266,fixed_60,60,17,1.000000,0.186353,-0.094906,1.963555,0.000000,0.000000,84.817776,"{""ma_pull_high"": 1.03, ""ma_pull_low"": 0.76, ""maxlen_max"": 24, ""maxrun_max"": 5, ""rate_min"": 35, ""sellpct_max"": 40}"
gs_raw_buy,local_optuna_t24_vsplit,688267,fixed_60,60,33,0.666667,0.051264,-0.133021,0.385379,0.000000,0.000000,66.926897,"{""down_adjust"": 0.97, ""ema_fallback_span"": 7, ""iterations"": 9, ""signal_cooldown_days"": 8, ""up_adjust"": 1.02, ""x3_ma_windows"": [5, 10, 20, 30]}"
gs_raw_buy,local_optuna_t24_vsplit,688276,fixed_5,5,35,0.485714,0.012186,-0.036629,0.332683,0.000000,0.000000,42.327702,"{""down_adjust"": 0.97, ""ema_fallback_span"": 6, ""iterations"": 7, ""signal_cooldown_days"": 15, ""up_adjust"": 1.03, ""x3_ma_windows"": [3, 5, 10, 20]}"
activity_breakout,local_optuna_t24_vsplit,688277,fixed_15,15,9,0.888889,0.099144,-0.054689,1.812881,0.000000,0.000000,79.263640,"{""big_bull_line"": 9.0, ""max_close_ret"": 8.0, ""min_close_ret"": 0.0, ""signal_cooldown_days"": 12, ""strong_line"": 4.0, ""x15_multiplier"": 1.0}"
activity_breakout,local_optuna_t24_vsplit,688280,formula_exit_or_30,30,69,0.565217,0.041609,-0.038229,1.088407,0.000000,0.000000,63.202905,"{""big_bull_line"": 5.5, ""max_close_ret"": 12.0, ""min_close_ret"": 1.0, ""signal_cooldown_days"": 9, ""strong_line"": 2.5, ""x15_multiplier"": 1.7000000000000002}"
activity_breakout,local_optuna_t24_vsplit,688281,fixed_5,5,40,0.475000,0.032675,-0.028797,1.134647,0.000000,0.000000,56.260736,"{""big_bull_line"": 8.5, ""max_close_ret"": 11.0, ""min_close_ret"": 0.0, ""signal_cooldown_days"": 14, ""strong_line"": 3.0, ""x15_multiplier"": 1.7000000000000002}"
gs_raw_buy,local_optuna_t24_vsplit,688282,fixed_60,60,26,0.846154,0.145362,-0.097877,1.485146,0.000000,0.000000,77.810346,"{""down_adjust"": 0.98, ""ema_fallback_span"": 7, ""iterations"": 8, ""signal_cooldown_days"": 16, ""up_adjust"": 1.04, ""x3_ma_windows"": [5, 10, 20, 30]}"
activity_breakout,local_optuna_t24_vsplit,688283,fixed_30,30,36,0.666667,0.083303,-0.079914,1.042407,0.000000,0.000000,70.212034,"{""big_bull_line"": 8.0, ""max_close_ret"": 9.0, ""min_close_ret"": 1.0, ""signal_cooldown_days"": 9, ""strong_line"": 3.0, ""x15_multiplier"": 1.0}"
activity_breakout,local_optuna_t24_vsplit,688285,formula_exit_or_5,5,55,0.618182,0.013484,-0.024358,0.553557,0.018182,0.000000,47.873238,"{""big_bull_line"": 5.5, ""max_close_ret"": 12.0, ""min_close_ret"": 0.5, ""signal_cooldown_days"": 9, ""strong_line"": 2.5, ""x15_multiplier"": 1.7000000000000002}"
activity_breakout,local_optuna_t24_vsplit,688286,fixed_10,10,35,0.628571,0.053554,-0.086457,0.619432,0.000000,0.000000,66.954301,"{""big_bull_line"": 8.5, ""max_close_ret"": 10.0, ""min_close_ret"": -1.0, ""signal_cooldown_days"": 13, ""strong_line"": 4.0, ""x15_multiplier"": 1.2}"
activity_breakout,local_optuna_t24_vsplit,688288,formula_exit_or_10,10,35,0.628571,0.030577,-0.038603,0.792095,0.000000,0.000000,58.106191,"{""big_bull_line"": 7.5, ""max_close_ret"": 9.0, ""min_close_ret"": 1.0, ""signal_cooldown_days"": 13, ""strong_line"": 4.5, ""x15_multiplier"": 1.2}"
activity_breakout,local_optuna_t24_vsplit,688292,formula_exit_or_30,30,49,0.653061,0.056986,-0.043867,1.299046,0.000000,0.000000,71.087068,"{""big_bull_line"": 5.5, ""max_close_ret"": 11.0, ""min_close_ret"": 0.0, ""signal_cooldown_days"": 14, ""strong_line"": 3.5, ""x15_multiplier"": 1.5}"
activity_breakout,local_optuna_t24_vsplit,688299,fixed_60,60,14,0.642857,0.086300,-0.138236,0.624296,0.000000,0.000000,67.407194,"{""big_bull_line"": 8.0, ""max_close_ret"": 8.0, ""min_close_ret"": 1.5, ""signal_cooldown_days"": 12, ""strong_line"": 4.0, ""x15_multiplier"": 1.0}"
volume_base_breakout,local_optuna_t24_vsplit,688299,formula_exit_or_5,5,9,0.777778,0.069489,-0.048478,1.433417,0.000000,0.000000,74.032988,"{""amount_spike_ratio"": 2.6, ""base_ceiling"": 1.46, ""base_floor"": 0.8200000000000001, ""base_max_days"": 110, ""base_min_days"": 20, ""base_range_max"": 0.45, ""breakout_max_extension"": 1.09, ""breakout_near_high"": 0.91, ""dry_ratio"": 0.44999999999999996, ""signal_cooldown_days"": 17, ""spike_lookback"": 120, ""spike_ratio"": 2.8, ""warm_ret_max"": 0.18, ""warm_ret_min"": 0.019999999999999997, ""warm_vol_ratio"": 0.75}"
activity_breakout,local_optuna_t24_vsplit,688300,formula_exit_or_5,5,58,0.586207,0.057602,-0.021557,2.672079,0.000000,0.000000,75.946600,"{""big_bull_line"": 5.5, ""max_close_ret"": 8.0, ""min_close_ret"": 1.5, ""signal_cooldown_days"": 12, ""strong_line"": 4.5, ""x15_multiplier"": 1.5}"
gs_pullback_confirm,local_optuna_t24_vsplit,688308,fixed_30,30,11,1.000000,0.337082,-0.056100,6.008589,0.000000,0.000000,95.000000,"{""ma_pull_high"": 1.01, ""ma_pull_low"": 0.74, ""maxlen_max"": 14, ""maxrun_max"": 7, ""rate_min"": 25, ""sellpct_max"": 50}"
gs_raw_buy,local_optuna_t24_vsplit,688311,fixed_60,60,35,0.514286,0.056740,-0.173409,0.327204,0.000000,0.000000,62.064592,"{""down_adjust"": 0.99, ""ema_fallback_span"": 4, ""iterations"": 7, ""signal_cooldown_days"": 15, ""up_adjust"": 1.04, ""x3_ma_windows"": [3, 8, 13, 21]}"
activity_breakout,local_optuna_t24_vsplit,688314,formula_exit_or_5,5,14,0.500000,0.031736,-0.032907,0.964402,0.000000,0.071429,54.975581,"{""big_bull_line"": 9.0, ""max_close_ret"": 13.0, ""min_close_ret"": -0.5, ""signal_cooldown_days"": 13, ""strong_line"": 4.5, ""x15_multiplier"": 1.1}"
activity_breakout,local_optuna_t24_vsplit,688317,formula_exit_or_5,5,18,0.722222,0.041178,-0.026672,1.543845,0.000000,0.000000,69.974781,"{""big_bull_line"": 9.0, ""max_close_ret"": 9.0, ""min_close_ret"": -1.0, ""signal_cooldown_days"": 9, ""strong_line"": 2.5, ""x15_multiplier"": 1.4}"
gs_raw_buy,local_optuna_t24_vsplit,688329,formula_exit_or_5,5,37,0.675676,0.036697,-0.031195,1.176399,0.000000,0.000000,64.500915,"{""down_adjust"": 0.97, ""ema_fallback_span"": 6, ""iterations"": 8, ""signal_cooldown_days"": 15, ""up_adjust"": 1.02, ""x3_ma_windows"": [3, 5, 10, 20]}"
gs_raw_buy,local_optuna_t24_vsplit,688349,formula_exit_or_5,5,36,0.472222,0.014550,-0.026547,0.548080,0.000000,0.000000,44.182066,"{""down_adjust"": 0.97, ""ema_fallback_span"": 3, ""iterations"": 6, ""signal_cooldown_days"": 14, ""up_adjust"": 1.04, ""x3_ma_windows"": [3, 5, 10, 20]}"
gs_raw_buy,local_optuna_t24_vsplit,688358,fixed_5,5,28,0.821429,0.040554,-0.018086,2.242299,0.000000,0.000000,76.131136,"{""down_adjust"": 0.98, ""ema_fallback_span"": 6, ""iterations"": 9, ""signal_cooldown_days"": 12, ""up_adjust"": 1.03, ""x3_ma_windows"": [5, 10, 20, 30]}"
activity_breakout,local_optuna_t24_vsplit,688359,fixed_60,60,55,0.654545,0.118536,-0.165444,0.716476,0.000000,0.000000,68.218743,"{""big_bull_line"": 8.5, ""max_close_ret"": 9.0, ""min_close_ret"": 2.0, ""signal_cooldown_days"": 7, ""strong_line"": 4.0, ""x15_multiplier"": 1.5}"
activity_breakout,local_optuna_t24_vsplit,688360,fixed_5,5,16,0.625000,0.089600,-0.047488,1.886812,0.000000,0.000000,73.184062,"{""big_bull_line"": 8.0, ""max_close_ret"": 10.0, ""min_close_ret"": -0.5, ""signal_cooldown_days"": 13, ""strong_line"": 4.0, ""x15_multiplier"": 1.1}"
gs_pullback_confirm,local_optuna_t24_vsplit,688360,fixed_5,5,11,0.909091,0.182355,-0.027727,6.576721,0.000000,0.000000,92.272727,"{""ma_pull_high"": 1.01, ""ma_pull_low"": 0.74, ""maxlen_max"": 17, ""maxrun_max"": 6, ""rate_min"": 25, ""sellpct_max"": 45}"
activity_breakout,local_optuna_t24_vsplit,688361,fixed_60,60,40,0.700000,0.146375,-0.145272,1.007589,0.000000,0.000000,71.037946,"{""big_bull_line"": 6.5, ""max_close_ret"": 11.0, ""min_close_ret"": 1.5, ""signal_cooldown_days"": 10, ""strong_line"": 4.0, ""x15_multiplier"": 1.5}"
gs_raw_buy,local_optuna_t24_vsplit,688378,formula_exit_or_30,30,33,0.454545,0.054230,-0.024152,2.245420,0.000000,0.000000,69.863465,"{""down_adjust"": 0.96, ""ema_fallback_span"": 5, ""iterations"": 11, ""signal_cooldown_days"": 15, ""up_adjust"": 1.02, ""x3_ma_windows"": [3, 5, 10, 20]}"
activity_breakout,local_optuna_t24_vsplit,688381,fixed_15,15,13,0.615385,0.075400,-0.077554,0.972228,0.000000,0.000000,68.322677,"{""big_bull_line"": 8.5, ""max_close_ret"": 11.0, ""min_close_ret"": 0.5, ""signal_cooldown_days"": 13, ""strong_line"": 4.5, ""x15_multiplier"": 1.0}"
gs_pullback_confirm,local_optuna_t24_vsplit,688383,formula_exit_or_20,20,10,1.000000,0.169430,-0.163620,1.035509,0.000000,0.000000,79.477226,"{""ma_pull_high"": 1.01, ""ma_pull_low"": 0.74, ""maxlen_max"": 24, ""maxrun_max"": 10, ""rate_min"": 25, ""sellpct_max"": 40}"
activity_breakout,local_optuna_t24_vsplit,688393,fixed_15,15,9,0.666667,0.125022,-0.092778,1.347545,0.000000,0.000000,70.270293,"{""big_bull_line"": 9.0, ""max_close_ret"": 10.0, ""min_close_ret"": 2.0, ""signal_cooldown_days"": 14, ""strong_line"": 2.5, ""x15_multiplier"": 1.0}"
activity_breakout,local_optuna_t24_vsplit,688409,formula_exit_or_15,15,32,0.750000,0.057356,-0.036491,1.571808,0.000000,0.000000,75.359039,"{""big_bull_line"": 8.5, ""max_close_ret"": 12.0, ""min_close_ret"": -0.5, ""signal_cooldown_days"": 13, ""strong_line"": 3.0, ""x15_multiplier"": 1.3}"
activity_breakout,local_optuna_t24_vsplit,688435,formula_exit_or_60,60,40,0.475000,0.035300,-0.048580,0.726636,0.025000,0.000000,55.283182,"{""big_bull_line"": 7.5, ""max_close_ret"": 13.0, ""min_close_ret"": -1.0, ""signal_cooldown_days"": 13, ""strong_line"": 3.0, ""x15_multiplier"": 1.7000000000000002}"
gs_raw_buy,local_optuna_t24_vsplit,688443,fixed_60,60,21,0.619048,0.033033,-0.161829,0.204125,0.000000,0.000000,56.108723,"{""down_adjust"": 0.96, ""ema_fallback_span"": 3, ""iterations"": 10, ""signal_cooldown_days"": 15, ""up_adjust"": 1.01, ""x3_ma_windows"": [5, 10, 20, 30]}"
activity_breakout,local_optuna_t24_vsplit,688456,fixed_20,20,30,0.733333,0.057517,-0.083657,0.687532,0.000000,0.000000,70.437662,"{""big_bull_line"": 8.0, ""max_close_ret"": 14.0, ""min_close_ret"": 2.0, ""signal_cooldown_days"": 10, ""strong_line"": 4.5, ""x15_multiplier"": 1.3}"
activity_breakout,local_optuna_t24_vsplit,688469,fixed_30,30,28,0.607143,0.041454,-0.066536,0.623027,0.000000,0.000000,62.056208,"{""big_bull_line"": 6.5, ""max_close_ret"": 12.0, ""min_close_ret"": 0.0, ""signal_cooldown_days"": 8, ""strong_line"": 2.5, ""x15_multiplier"": 1.6}"
activity_breakout,local_optuna_t24_vsplit,688472,fixed_10,10,30,0.633333,0.045180,-0.058020,0.778697,0.000000,0.000000,65.483485,"{""big_bull_line"": 7.5, ""max_close_ret"": 9.0, ""min_close_ret"": 0.0, ""signal_cooldown_days"": 12, ""strong_line"": 4.5, ""x15_multiplier"": 1.5}"
gs_raw_buy,local_optuna_t24_vsplit,688472,fixed_10,10,20,0.700000,0.070945,-0.045530,1.558203,0.000000,0.000000,73.791017,"{""down_adjust"": 0.97, ""ema_fallback_span"": 6, ""iterations"": 11, ""signal_cooldown_days"": 15, ""up_adjust"": 1.04, ""x3_ma_windows"": [3, 5, 10, 20]}"
activity_breakout,local_optuna_t24_vsplit,688489,formula_exit_or_15,15,17,0.588235,0.033735,-0.047276,0.713575,0.000000,0.000000,58.082579,"{""big_bull_line"": 7.5, ""max_close_ret"": 8.0, ""min_close_ret"": -0.5, ""signal_cooldown_days"": 14, ""strong_line"": 3.0, ""x15_multiplier"": 1.0}"
activity_breakout,local_optuna_t24_vsplit,688506,fixed_60,60,26,0.846154,0.165735,-0.121358,1.365670,0.000000,0.000000,77.212968,"{""big_bull_line"": 9.0, ""max_close_ret"": 8.0, ""min_close_ret"": 2.0, ""signal_cooldown_days"": 10, ""strong_line"": 2.5, ""x15_multiplier"": 1.2}"
activity_breakout,local_optuna_t24_vsplit,688515,fixed_5,5,41,0.560976,0.034051,-0.059471,0.572571,0.000000,0.000000,56.717733,"{""big_bull_line"": 7.5, ""max_close_ret"": 10.0, ""min_close_ret"": 2.0, ""signal_cooldown_days"": 9, ""strong_line"": 4.5, ""x15_multiplier"": 1.3}"
activity_breakout,local_optuna_t24_vsplit,688517,fixed_15,15,21,0.666667,0.057419,-0.071300,0.805316,0.000000,0.000000,69.026581,"{""big_bull_line"": 7.5, ""max_close_ret"": 10.0, ""min_close_ret"": 1.5, ""signal_cooldown_days"": 13, ""strong_line"": 3.0, ""x15_multiplier"": 1.2}"
gs_raw_buy,local_optuna_t24_vsplit,688529,fixed_20,20,29,0.517241,0.032524,-0.080897,0.402046,0.000000,0.000000,53.789541,"{""down_adjust"": 0.98, ""ema_fallback_span"": 5, ""iterations"": 8, ""signal_cooldown_days"": 11, ""up_adjust"": 1.03, ""x3_ma_windows"": [5, 10, 20, 30]}"
activity_breakout,local_optuna_t24_vsplit,688531,fixed_5,5,9,0.777778,0.105956,-0.030067,3.524021,0.000000,0.000000,84.486005,"{""big_bull_line"": 8.5, ""max_close_ret"": 11.0, ""min_close_ret"": 0.5, ""signal_cooldown_days"": 9, ""strong_line"": 3.5, ""x15_multiplier"": 1.0}"
activity_breakout,local_optuna_t24_vsplit,688535,fixed_30,30,32,0.750000,0.202459,-0.308972,0.655268,0.000000,0.000000,70.776340,"{""big_bull_line"": 9.0, ""max_close_ret"": 12.0, ""min_close_ret"": 0.5, ""signal_cooldown_days"": 14, ""strong_line"": 3.0, ""x15_multiplier"": 1.6}"
activity_breakout,local_optuna_t24_vsplit,688550,formula_exit_or_5,5,58,0.482759,0.035595,-0.019762,1.801169,0.000000,0.000000,61.286018,"{""big_bull_line"": 6.5, ""max_close_ret"": 13.0, ""min_close_ret"": 1.5, ""signal_cooldown_days"": 11, ""strong_line"": 3.0, ""x15_multiplier"": 1.8}"
gs_pullback_confirm,local_optuna_t24_vsplit,688557,fixed_60,60,16,0.750000,0.108438,-0.095025,1.141147,0.000000,0.000000,73.205735,"{""ma_pull_high"": 0.98, ""ma_pull_low"": 0.68, ""maxlen_max"": 23, ""maxrun_max"": 10, ""rate_min"": 25, ""sellpct_max"": 60}"
activity_breakout,local_optuna_t24_vsplit,688565,fixed_10,10,15,0.733333,0.061907,-0.057260,1.081150,0.000000,0.000000,72.405752,"{""big_bull_line"": 8.5, ""max_close_ret"": 12.0, ""min_close_ret"": 1.0, ""signal_cooldown_days"": 6, ""strong_line"": 3.5, ""x15_multiplier"": 1.0}"
gs_raw_buy,local_optuna_t24_vsplit,688566,fixed_60,60,33,0.666667,0.049161,-0.111264,0.441839,0.000000,0.000000,66.789498,"{""down_adjust"": 0.97, ""ema_fallback_span"": 7, ""iterations"": 10, ""signal_cooldown_days"": 14, ""up_adjust"": 1.04, ""x3_ma_windows"": [5, 10, 20, 30]}"
volume_base_breakout,local_optuna_t24_vsplit,688566,fixed_30,30,12,0.916667,0.119433,-0.054042,2.210023,0.000000,0.000000,83.550116,"{""amount_spike_ratio"": 2.2, ""base_ceiling"": 1.42, ""base_floor"": 0.84, ""base_max_days"": 95, ""base_min_days"": 40, ""base_range_max"": 0.37, ""breakout_max_extension"": 1.08, ""breakout_near_high"": 0.92, ""dry_ratio"": 0.55, ""signal_cooldown_days"": 10, ""spike_lookback"": 70, ""spike_ratio"": 2.2, ""warm_ret_max"": 0.28, ""warm_ret_min"": -0.01, ""warm_vol_ratio"": 1.05}"
volume_base_breakout,local_optuna_t24_vsplit,688569,formula_exit_or_60,60,11,0.636364,0.072000,-0.022955,3.136634,0.000000,0.000000,79.774077,"{""amount_spike_ratio"": 2.0, ""base_ceiling"": 1.24, ""base_floor"": 0.8, ""base_max_days"": 85, ""base_min_days"": 30, ""base_range_max"": 0.35, ""breakout_max_extension"": 1.07, ""breakout_near_high"": 0.9, ""dry_ratio"": 0.39999999999999997, ""signal_cooldown_days"": 18, ""spike_lookback"": 90, ""spike_ratio"": 2.8, ""warm_ret_max"": 0.26, ""warm_ret_min"": -0.01, ""warm_vol_ratio"": 0.9}"
activity_breakout,local_optuna_t24_vsplit,688571,fixed_60,60,44,0.590909,0.042316,-0.109561,0.386230,0.000000,0.022727,60.589106,"{""big_bull_line"": 5.0, ""max_close_ret"": 13.0, ""min_close_ret"": -1.0, ""signal_cooldown_days"": 12, ""strong_line"": 3.5, ""x15_multiplier"": 1.6}"
gs_raw_buy,local_optuna_t24_vsplit,688571,fixed_60,60,38,0.578947,0.035521,-0.099529,0.356892,0.000000,0.000000,56.913406,"{""down_adjust"": 0.96, ""ema_fallback_span"": 6, ""iterations"": 12, ""signal_cooldown_days"": 9, ""up_adjust"": 1.04, ""x3_ma_windows"": [3, 5, 10, 20]}"
activity_breakout,local_optuna_t24_vsplit,688579,formula_exit_or_30,30,42,0.523810,0.031002,-0.035864,0.864436,0.000000,0.000000,55.537656,"{""big_bull_line"": 9.0, ""max_close_ret"": 12.0, ""min_close_ret"": -1.0, ""signal_cooldown_days"": 11, ""strong_line"": 3.5, ""x15_multiplier"": 1.6}"
activity_breakout,local_optuna_t24_vsplit,688586,formula_exit_or_5,5,18,0.777778,0.161044,-0.017922,8.985741,0.000000,0.000000,88.333333,"{""big_bull_line"": 8.5, ""max_close_ret"": 10.0, ""min_close_ret"": 1.5, ""signal_cooldown_days"": 13, ""strong_line"": 3.5, ""x15_multiplier"": 1.2}"
volume_base_breakout,local_optuna_t24_vsplit,688588,fixed_60,60,15,0.666667,0.324307,-0.110727,2.928894,0.000000,0.000000,79.644470,"{""amount_spike_ratio"": 2.8, ""base_ceiling"": 1.4, ""base_floor"": 0.8200000000000001, ""base_max_days"": 90, ""base_min_days"": 20, ""base_range_max"": 0.29, ""breakout_max_extension"": 1.12, ""breakout_near_high"": 0.91, ""dry_ratio"": 0.39999999999999997, ""signal_cooldown_days"": 10, ""spike_lookback"": 90, ""spike_ratio"": 2.2, ""warm_ret_max"": 0.3, ""warm_ret_min"": 0.01, ""warm_vol_ratio"": 0.9}"
activity_breakout,local_optuna_t24_vsplit,688597,formula_exit_or_5,5,54,0.592593,0.058193,-0.019589,2.970694,0.000000,0.000000,77.631247,"{""big_bull_line"": 5.5, ""max_close_ret"": 8.0, ""min_close_ret"": -0.5, ""signal_cooldown_days"": 12, ""strong_line"": 2.5, ""x15_multiplier"": 1.5}"
activity_breakout,local_optuna_t24_vsplit,688602,formula_exit_or_10,10,15,0.600000,0.054860,-0.046067,1.190883,0.000000,0.000000,68.954414,"{""big_bull_line"": 6.0, ""max_close_ret"": 10.0, ""min_close_ret"": -0.5, ""signal_cooldown_days"": 13, ""strong_line"": 4.5, ""x15_multiplier"": 1.0}"
gs_raw_buy,local_optuna_t24_vsplit,688605,fixed_10,10,9,0.555556,0.023222,-0.079267,0.292963,0.000000,0.000000,48.275162,"{""down_adjust"": 0.98, ""ema_fallback_span"": 4, ""iterations"": 6, ""signal_cooldown_days"": 15, ""up_adjust"": 1.01, ""x3_ma_windows"": [5, 10, 20, 30]}"
activity_breakout,local_optuna_t24_vsplit,688610,fixed_5,5,18,0.777778,0.077672,-0.049950,1.554999,0.000000,0.000000,76.108331,"{""big_bull_line"": 8.5, ""max_close_ret"": 12.0, ""min_close_ret"": -0.5, ""signal_cooldown_days"": 12, ""strong_line"": 2.5, ""x15_multiplier"": 1.2}"
activity_breakout,local_optuna_t24_vsplit,688611,fixed_5,5,33,0.484848,0.063845,-0.038915,1.640632,0.000000,0.000000,67.748616,"{""big_bull_line"": 9.0, ""max_close_ret"": 13.0, ""min_close_ret"": 1.0, ""signal_cooldown_days"": 13, ""strong_line"": 2.5, ""x15_multiplier"": 1.3}"
activity_breakout,local_optuna_t24_vsplit,688616,fixed_30,30,9,0.888889,0.094711,-0.063967,1.480632,0.000000,0.000000,77.602396,"{""big_bull_line"": 9.0, ""max_close_ret"": 13.0, ""min_close_ret"": 0.5, ""signal_cooldown_days"": 10, ""strong_line"": 2.5, ""x15_multiplier"": 1.1}"
gs_raw_buy,local_optuna_t24_vsplit,688620,fixed_10,10,20,0.550000,0.066195,-0.057355,1.154128,0.000000,0.000000,67.270639,"{""down_adjust"": 0.97, ""ema_fallback_span"": 3, ""iterations"": 8, ""signal_cooldown_days"": 16, ""up_adjust"": 1.03, ""x3_ma_windows"": [3, 8, 13, 21]}"
activity_breakout,local_optuna_t24_vsplit,688631,formula_exit_or_60,60,30,0.500000,0.131440,-0.057153,2.299778,0.000000,0.000000,71.498892,"{""big_bull_line"": 8.5, ""max_close_ret"": 12.0, ""min_close_ret"": -1.0, ""signal_cooldown_days"": 10, ""strong_line"": 3.0, ""x15_multiplier"": 1.1}"
activity_breakout,local_optuna_t24_vsplit,688639,fixed_5,5,24,0.625000,0.046508,-0.042683,1.089613,0.000000,0.000000,67.452234,"{""big_bull_line"": 8.0, ""max_close_ret"": 13.0, ""min_close_ret"": 0.5, ""signal_cooldown_days"": 10, ""strong_line"": 4.5, ""x15_multiplier"": 1.0}"
activity_breakout,local_optuna_t24_vsplit,688652,fixed_60,60,47,0.702128,0.160021,-0.131596,1.216006,0.000000,0.000000,72.143862,"{""big_bull_line"": 6.5, ""max_close_ret"": 12.0, ""min_close_ret"": 1.0, ""signal_cooldown_days"": 6, ""strong_line"": 4.5, ""x15_multiplier"": 1.7000000000000002}"
activity_breakout,local_optuna_t24_vsplit,688653,formula_exit_or_20,20,27,0.666667,0.039500,-0.064652,0.610965,0.000000,0.000000,62.804824,"{""big_bull_line"": 7.5, ""max_close_ret"": 11.0, ""min_close_ret"": 2.0, ""signal_cooldown_days"": 6, ""strong_line"": 2.5, ""x15_multiplier"": 1.5}"
gs_raw_buy,local_optuna_t24_vsplit,688656,formula_exit_or_30,30,32,0.500000,0.181512,-0.053553,3.389391,0.031250,0.031250,76.321957,"{""down_adjust"": 0.99, ""ema_fallback_span"": 4, ""iterations"": 10, ""signal_cooldown_days"": 16, ""up_adjust"": 1.01, ""x3_ma_windows"": [3, 5, 10, 20]}"
activity_breakout,local_optuna_t24_vsplit,688662,fixed_15,15,34,0.764706,0.109379,-0.093129,1.174488,0.000000,0.000000,73.813618,"{""big_bull_line"": 8.0, ""max_close_ret"": 14.0, ""min_close_ret"": -1.0, ""signal_cooldown_days"": 13, ""strong_line"": 4.5, ""x15_multiplier"": 1.0}"
activity_breakout,local_optuna_t24_vsplit,688665,formula_exit_or_10,10,28,0.642857,0.030896,-0.031054,0.994940,0.000000,0.000000,59.708627,"{""big_bull_line"": 8.5, ""max_close_ret"": 9.0, ""min_close_ret"": 1.0, ""signal_cooldown_days"": 9, ""strong_line"": 3.0, ""x15_multiplier"": 1.2}"
activity_breakout,local_optuna_t24_vsplit,688692,fixed_10,10,20,0.600000,0.056415,-0.023525,2.398087,0.000000,0.000000,74.990436,"{""big_bull_line"": 7.0, ""max_close_ret"": 8.0, ""min_close_ret"": -1.0, ""signal_cooldown_days"": 14, ""strong_line"": 3.0, ""x15_multiplier"": 1.3}"
activity_breakout,local_optuna_t24_vsplit,688700,fixed_20,20,57,0.631579,0.088898,-0.098963,0.898296,0.000000,0.017544,68.263412,"{""big_bull_line"": 9.0, ""max_close_ret"": 11.0, ""min_close_ret"": 0.5, ""signal_cooldown_days"": 6, ""strong_line"": 4.5, ""x15_multiplier"": 1.2}"
activity_breakout,local_optuna_t24_vsplit,688711,formula_exit_or_5,5,39,0.589744,0.032800,-0.035915,0.913258,0.000000,0.000000,58.658596,"{""big_bull_line"": 7.5, ""max_close_ret"": 13.0, ""min_close_ret"": 0.5, ""signal_cooldown_days"": 14, ""strong_line"": 4.5, ""x15_multiplier"": 1.2}"
activity_breakout,local_optuna_t24_vsplit,688787,fixed_60,60,45,0.600000,0.265820,-0.196111,1.355456,0.000000,0.000000,69.777280,"{""big_bull_line"": 5.5, ""max_close_ret"": 8.0, ""min_close_ret"": 2.0, ""signal_cooldown_days"": 12, ""strong_line"": 3.0, ""x15_multiplier"": 1.3}"
